-- MySQL dump 10.13  Distrib 8.0.28, for Win64 (x86_64)
--
-- Host: 34.125.14.233    Database: tuyensinhhcmus
-- ------------------------------------------------------
-- Server version	8.0.29

/*!40101 SET @OLD_CHARACTER_SET_CLIENT=@@CHARACTER_SET_CLIENT */;
/*!40101 SET @OLD_CHARACTER_SET_RESULTS=@@CHARACTER_SET_RESULTS */;
/*!40101 SET @OLD_COLLATION_CONNECTION=@@COLLATION_CONNECTION */;
/*!50503 SET NAMES utf8 */;
/*!40103 SET @OLD_TIME_ZONE=@@TIME_ZONE */;
/*!40103 SET TIME_ZONE='+00:00' */;
/*!40014 SET @OLD_UNIQUE_CHECKS=@@UNIQUE_CHECKS, UNIQUE_CHECKS=0 */;
/*!40014 SET @OLD_FOREIGN_KEY_CHECKS=@@FOREIGN_KEY_CHECKS, FOREIGN_KEY_CHECKS=0 */;
/*!40101 SET @OLD_SQL_MODE=@@SQL_MODE, SQL_MODE='NO_AUTO_VALUE_ON_ZERO' */;
/*!40111 SET @OLD_SQL_NOTES=@@SQL_NOTES, SQL_NOTES=0 */;

--
-- Table structure for table `admissionprocess`
--

DROP TABLE IF EXISTS `admissionprocess`;
/*!40101 SET @saved_cs_client     = @@character_set_client */;
/*!50503 SET character_set_client = utf8mb4 */;
CREATE TABLE `admissionprocess` (
  `apId` int unsigned NOT NULL AUTO_INCREMENT,
  `apTitle` varchar(255) CHARACTER SET utf8mb4 COLLATE utf8mb4_unicode_ci NOT NULL,
  `apContent` text CHARACTER SET utf8mb4 COLLATE utf8mb4_unicode_ci NOT NULL,
  `apStep` int unsigned NOT NULL,
  `typeOfTrainingId` char(4) CHARACTER SET utf8mb4 COLLATE utf8mb4_unicode_ci NOT NULL,
  PRIMARY KEY (`apId`),
  KEY `FK_AdmissionProcess_TypeOfTraining` (`typeOfTrainingId`),
  CONSTRAINT `FK_AdmissionProcess_TypeOfTraining` FOREIGN KEY (`typeOfTrainingId`) REFERENCES `typeoftraining` (`typeOfTrainingId`)
) ENGINE=InnoDB AUTO_INCREMENT=34 DEFAULT CHARSET=utf8mb4 COLLATE=utf8mb4_unicode_ci;
/*!40101 SET character_set_client = @saved_cs_client */;

--
-- Dumping data for table `admissionprocess`
--

LOCK TABLES `admissionprocess` WRITE;
/*!40000 ALTER TABLE `admissionprocess` DISABLE KEYS */;
INSERT INTO `admissionprocess` VALUES (1,'Thời gian thực hiện','<ul>\n<li>Từ&nbsp;<strong>08g00 ng&agrave;y 08/10/2021 đến hết ng&agrave;y 09/10/2021</strong></li>\n</ul>',1,''),(2,'Hướng dẫn chuẩn bị hồ sơ','<p>Th&iacute; sinh đ&atilde; thực hiện nộp hồ sơ trực tuyến trong&nbsp;<strong>Thủ tục X&aacute;c nhận nhập học</strong>&nbsp;c&oacute; thể thực hiện quy tr&igrave;nh n&agrave;y song song với việc nộp hồ sơ bưu điện của thủ tục x&aacute;c nhận nhập học.</p>\n<p>Th&iacute; sinh&nbsp;<strong>thực hiện đầy đủ tất cả</strong>&nbsp;c&aacute;c nội dung sau đ&acirc;y&nbsp;để chuẩn bị sẵn s&agrave;ng trước khi đến phần nộp hồ sơ trực tuyến:</p>\n<p><strong>(1)</strong>&nbsp;<strong>Ghi nhớ thật cẩn thận M&atilde; số sinh vi&ecirc;n</strong>&nbsp;(MSSV) của&nbsp;c&aacute; nh&acirc;n,&nbsp;<strong>mỗi sinh vi&ecirc;n chỉ c&oacute; duy nhất 01 MSSV.</strong>&nbsp;<strong>MSSV ch&iacute;nh thức của sinh vi&ecirc;n l&agrave; MSSV được ghi tr&ecirc;n Giấy x&aacute;c nhận nhập học m&agrave; th&iacute; sinh đ&atilde; gửi Nh&agrave; trường</strong>&nbsp;trong quy tr&igrave;nh X&aacute;c nhận nhập học. MSSV sẽ được d&ugrave;ng để định danh ch&iacute;nh x&aacute;c th&iacute; sinh trong suốt qu&aacute; tr&igrave;nh thực hiện dưới đ&acirc;y.</p>\n<p><strong>(2)</strong>&nbsp;<strong>Đăng nhập t&agrave;i khoản sinh vi&ecirc;n</strong>&nbsp;tại Cổng dữ liệu sinh vi&ecirc;n (Portal) v&agrave;&nbsp;<strong>Thực hiện khai b&aacute;o</strong>&nbsp;đầy đủ c&aacute;c th&ocirc;ng tin c&ograve;n thiếu theo hướng dẫn tại:&nbsp;<a href=\"https://bit.ly/3iad5pI\">https://bit.ly/3iad5pI</a>.&nbsp;<strong><em>Lưu &yacute; việc tải file PDF L&yacute; lịch sinh vi&ecirc;n v&agrave; đặt lại t&ecirc;n file với c&uacute; ph&aacute;p &lt;MSSV&gt;_LLSV.</em></strong></p>\n<p><strong>(3)</strong>&nbsp;<strong>Đăng nhập t&agrave;i khoản Microsoft Mail</strong>&nbsp;(email sinh vi&ecirc;n) do Nh&agrave; trường cung cấp, sau đ&oacute; l&agrave;m quen với giao diện hộp mail Microsoft Outlook. Xem hướng dẫn tại:&nbsp;<a href=\"https://bit.ly/3j0BiOp\">https://bit.ly/3j0BiOp</a></p>\n<p><strong>(4)</strong>&nbsp;<strong>Đ&oacute;ng học ph&iacute; v&agrave; c&aacute;c khoản tạm thu</strong>. Xem hướng dẫn đ&oacute;ng học ph&iacute; tại:&nbsp;<a href=\"https://bit.ly/3FkBP8q\">https://bit.ly/3FkBP8q</a>&nbsp;<strong><em>Lưu &yacute; chụp lại c&aacute;c bi&ecirc;n nhận chuyển tiền.</em></strong></p>\n<p><strong>(5)</strong>&nbsp;<strong>Chuẩn bị c&aacute;c bản ch&iacute;nh hồ sơ</strong>&nbsp;theo y&ecirc;u cầu c&ugrave;ng điện thoại th&ocirc;ng minh, thực hiện thao t&aacute;c&nbsp;<strong>xếp hồ sơ theo thứ tự quy định</strong>. Xem danh mục c&aacute;c hồ sơ tương ứng với phương thức th&iacute; sinh đ&atilde; tr&uacute;ng tuyển v&agrave; x&aacute;c nhận nhập học tại&nbsp;<a href=\"https://bit.ly/3lgNzAY\">https://bit.ly/3lgNzAY</a></p>\n<p><strong>(6)</strong>&nbsp;D&ugrave;ng ứng dụng&nbsp;<strong>chụp ảnh/scan hồ sơ th&agrave;nh 1 file Hồ sơ nhập học định dạng PDF duy nhất</strong>. Xem hướng dẫn thực hiện bằng c&ocirc;ng cụ Microsoft Lens tại:&nbsp;<a href=\"https://bit.ly/2WMdSFF\">https://bit.ly/2WMdSFF</a></p>\n<p>+ Đặt t&ecirc;n file Hồ sơ nhập học theo c&uacute; ph&aacute;p: &lt;MSSV&gt;_HSNH.</p>\n<p>(T&ecirc;n file L&yacute; lịch sinh vi&ecirc;n l&agrave;: &lt;M&atilde; số sinh vi&ecirc;n&gt;_LLSV. V&iacute; dụ:&nbsp;<em>21123456_LLSV</em></p>\n<p>T&ecirc;n file Hồ sơ nhập học l&agrave;: &lt;M&atilde; số sinh vi&ecirc;n&gt;_HSNH. V&iacute; dụ:&nbsp;<em>21123456_HSNH)</em></p>',2,''),(3,'Nộp hồ sơ','<p>Sau khi đ&atilde; chuẩn bị hồ sơ theo hướng dẫn, Th&iacute; sinh d&ugrave;ng t&agrave;i khoản Microsoft Mail đ&atilde; được Nh&agrave; trường cung cấp để khai b&aacute;o th&ocirc;ng tin v&agrave; nộp file chụp/scan c&aacute;c hồ sơ theo quy định tại 1 trong 2 đường dẫn:&nbsp;<a href=\"http://tinyurl.com/nhaphoctructuyen-hcmus\">http://tinyurl.com/nhaphoctructuyen-hcmus</a>&nbsp;hoặc&nbsp;&nbsp;<a href=\"https://forms.office.com/r/wrr1gkVfs9\">https://forms.office.com/r/wrr1gkVfs9</a>.</p>\n<p><strong>Lưu &yacute;:</strong></p>\n<ol>\n<li><strong>Hồ sơ nhập học trực tuyến đầy đủ&nbsp;</strong>bắt buộc phải bao gồm đủ 02 file:&nbsp;<strong><em>L&yacute; lịch Sinh vi&ecirc;n</em></strong>&nbsp;v&agrave;&nbsp;<strong><em>Hồ sơ nhập học</em></strong>&nbsp;theo hướng dẫn tr&ecirc;n. Th&iacute; sinh lưu &yacute; kiểm tra thật kỹ c&aacute;c hồ sơ đ&atilde; scan v&agrave; c&uacute; ph&aacute;p đặt t&ecirc;n file. Nếu đặt t&ecirc;n file kh&ocirc;ng đ&uacute;ng c&uacute; ph&aacute;p hoặc kh&ocirc;ng đ&uacute;ng MSSV hoặc d&ugrave;ng email kh&ocirc;ng đ&uacute;ng th&igrave; Nh&agrave; trường sẽ ghi nhận l&agrave;&nbsp;<strong>hồ sơ kh&ocirc;ng hợp lệ</strong>&nbsp;v&agrave;&nbsp;<strong>kh&ocirc;ng phản hồi đến th&iacute; sinh&nbsp;</strong>kết quả kiểm tra hồ sơ.</li>\n<li>Bộ phận hỗ trợ nhập học sẽ&nbsp;<strong>phản hồi qua Microsoft Mail</strong>&nbsp;c&aacute; nh&acirc;n của th&iacute; sinh về&nbsp;<strong>t&igrave;nh trạng hồ sơ</strong>&nbsp;trong v&ograve;ng 24 giờ. Hộp thư n&agrave;y cũng sẽ ưu ti&ecirc;n nhận được những th&ocirc;ng tin quan trọng của Nh&agrave; trường trong suốt thời gian sắp tới n&ecirc;n th&iacute; sinh h&atilde;y kiểm tra hộp thư thường xuy&ecirc;n mỗi ng&agrave;y</li>\n</ol>',3,''),(4,'Kênh liên hệ cần ghi nhớ','<div><strong>C&aacute;c số Hotline tư vấn trong khung giờ 08g00 - 17g00 mỗi ng&agrave;y:</strong></div>\n<div><strong>Hotline 1:</strong>&nbsp;Hỗ trợ C&aacute;c thao t&aacute;c tr&ecirc;n ứng dụng/phần mềm như: đăng nhập Portal, Email SV, scan hồ sơ nhập học, cấp lại mật khẩu,...:&nbsp;<strong>0931401235</strong></div>\n<div><strong>Hotline 2:</strong>&nbsp;Hỗ trợ C&aacute;c vấn đề li&ecirc;n quan hồ sơ v&agrave; quy tr&igrave;nh Nhập học:&nbsp;<strong>0344493708<br /></strong></div>\n<div><strong>Hotline 3:</strong>&nbsp;Hỗ trợ Tư vấn hoạt động Đo&agrave;n thể, tham gia CLB-Đội-Nh&oacute;m, nh&agrave; trọ, học bổng, kỹ năng, việc l&agrave;m v&agrave; thắc mắc về đồng phục thể dục:&nbsp;<strong>0934938840</strong></div>\n<div><strong>Hotline 4:</strong>&nbsp;Hỗ trợ Thủ tục v&agrave; Hồ sơ trong quy tr&igrave;nh X&aacute;c nhận nhập học:&nbsp;<strong>0971522917</strong></div>\n<div>C&aacute;c k&ecirc;nh website v&agrave; mạng x&atilde; hội thường xuy&ecirc;n cập nhật th&ocirc;ng tin quan trọng:</div>\n<div>Website trường:&nbsp;<a href=\"http://www.hcmus.edu.vn/\">www.hcmus.edu.vn</a></div>\n<div>Website tuyển sinh trường:&nbsp;<a href=\"http://www.tuyensinh.hcmus.edu.vn/\">www.tuyensinh.hcmus.edu.vn</a></div>\n<div>Fanpage Ph&ograve;ng C&ocirc;ng t&aacute;c Sinh vi&ecirc;n:&nbsp;<a href=\"https://www.facebook.com/osa.hcmus/\">www.facebook.com/osa.hcmus/</a>&nbsp;(hỗ trợ trả lời trực tuyến c&aacute;c vấn đề về nhập học)</div>\n<div>K&ecirc;nh th&ocirc;ng tin hoạt động Đo&agrave;n thanh ni&ecirc;n - Hội sinh vi&ecirc;n:&nbsp;<a href=\"https://www.facebook.com/hsvkhtn\">www.facebook.com/hsvkhtn</a></div>\n<div><strong>(<em>Lưu &yacute;: th&iacute; sinh h&atilde;y xem kỹ th&ocirc;ng tin tr&ecirc;n website, đặt c&acirc;u hỏi tại những k&ecirc;nh fanpage v&agrave; hotline cung cấp ở tr&ecirc;n để được tư vấn ch&iacute;nh x&aacute;c nhất</em></strong></div>',4,'');
/*!40000 ALTER TABLE `admissionprocess` ENABLE KEYS */;
UNLOCK TABLES;

--
-- Table structure for table `admissionsgroup`
--

DROP TABLE IF EXISTS `admissionsgroup`;
/*!40101 SET @saved_cs_client     = @@character_set_client */;
/*!50503 SET character_set_client = utf8mb4 */;
CREATE TABLE `admissionsgroup` (
  `agThirdSubject` varchar(20) CHARACTER SET utf8mb4 COLLATE utf8mb4_unicode_ci NOT NULL,
  `agId` char(5) CHARACTER SET utf8mb4 COLLATE utf8mb4_unicode_ci NOT NULL,
  `agFirstSubject` varchar(20) CHARACTER SET utf8mb4 COLLATE utf8mb4_unicode_ci NOT NULL,
  `agSecondSubject` varchar(20) CHARACTER SET utf8mb4 COLLATE utf8mb4_unicode_ci NOT NULL,
  PRIMARY KEY (`agId`)
) ENGINE=InnoDB DEFAULT CHARSET=utf8mb4 COLLATE=utf8mb4_unicode_ci;
/*!40101 SET character_set_client = @saved_cs_client */;

--
-- Dumping data for table `admissionsgroup`
--

LOCK TABLES `admissionsgroup` WRITE;
/*!40000 ALTER TABLE `admissionsgroup` DISABLE KEYS */;
INSERT INTO `admissionsgroup` VALUES ('Lý','A00','Toán','Hóa'),('Tiếng Anh','A01','Toán','Lý'),('Vật lý','A02','Sinh','Toán'),('Hóa','B00','Sinh','Toán'),('Tiếng Anh','B08','Sinh','Toán'),('Tiếng Anh','D01','Toán','Ngữ Văn'),('Tiếng Anh','D07','Hóa','Toán'),('Tiếng Pháp','D24','Hóa','Toán'),('Tiếng Pháp','D29','Toán','Lý'),('Tiếng Anh','D90','Toán','KHTN');
/*!40000 ALTER TABLE `admissionsgroup` ENABLE KEYS */;
UNLOCK TABLES;

--
-- Table structure for table `admissionsgroupmajor`
--

DROP TABLE IF EXISTS `admissionsgroupmajor`;
/*!40101 SET @saved_cs_client     = @@character_set_client */;
/*!50503 SET character_set_client = utf8mb4 */;
CREATE TABLE `admissionsgroupmajor` (
  `majorId` char(20) CHARACTER SET utf8mb4 COLLATE utf8mb4_unicode_ci NOT NULL,
  `agId` char(5) CHARACTER SET utf8mb4 COLLATE utf8mb4_unicode_ci NOT NULL,
  PRIMARY KEY (`majorId`,`agId`),
  KEY `FK_AdmissionsGroupMajor_AdmissionsGroup` (`agId`),
  CONSTRAINT `FK_AdmissionsGroupMajor_AdmissionsGroup` FOREIGN KEY (`agId`) REFERENCES `admissionsgroup` (`agId`),
  CONSTRAINT `FK_AdmissionsGroupMajor_Major` FOREIGN KEY (`majorId`) REFERENCES `major` (`majorId`)
) ENGINE=InnoDB DEFAULT CHARSET=utf8mb4 COLLATE=utf8mb4_unicode_ci;
/*!40101 SET character_set_client = @saved_cs_client */;

--
-- Dumping data for table `admissionsgroupmajor`
--

LOCK TABLES `admissionsgroupmajor` WRITE;
/*!40000 ALTER TABLE `admissionsgroupmajor` DISABLE KEYS */;
INSERT INTO `admissionsgroupmajor` VALUES ('7440102','A00'),('7440112','A00'),('7440112_CLC','A00'),('7440112_VP','A00'),('7440122','A00'),('7440201','A00'),('7440228','A00'),('7440301','A00'),('7440301_CLC','A00'),('7460101_NN','A00'),('7480101_TT','A00'),('7480201_CLC','A00'),('7480201_NN','A00'),('7480201_VP','A00'),('7480201_ZLD','A00'),('7510401_CLC','A00'),('7510402','A00'),('7510406','A00'),('7520207','A00'),('7520207_CLC','A00'),('7520402','A00'),('7520403','A00'),('7520501','A00'),('7440102','A01'),('7440122','A01'),('7440201','A01'),('7440228','A01'),('7460101_NN','A01'),('7480101_TT','A01'),('7480201_CLC','A01'),('7480201_NN','A01'),('7480201_VP','A01'),('7480201_ZLD','A01'),('7510402','A01'),('7520207','A01'),('7520207_CLC','A01'),('7520402','A01'),('7520403','A01'),('7520501','A01'),('7420101','A02'),('7420101_CLC','A02'),('7420201','A02'),('7420201_CLC','A02'),('7440102','A02'),('7520402','A02'),('7520403','A02'),('7420101','B00'),('7420101_CLC','B00'),('7420201','B00'),('7420201_CLC','B00'),('7440112','B00'),('7440112_CLC','B00'),('7440112_VP','B00'),('7440122','B00'),('7440201','B00'),('7440228','B00'),('7440301','B00'),('7440301_CLC','B00'),('7460101_NN','B00'),('7510401_CLC','B00'),('7510402','B00'),('7510406','B00'),('7520501','B00'),('7420101','B08'),('7420101_CLC','B08'),('7420201','B08'),('7420201_CLC','B08'),('7440301','B08'),('7440301_CLC','B08'),('7480101_TT','B08'),('7480201_CLC','B08'),('7480201_NN','B08'),('7480201_ZLD','B08'),('7510406','B08'),('7460101_NN','D01'),('7440112','D07'),('7440112_CLC','D07'),('7440112_VP','D07'),('7440122','D07'),('7440201','D07'),('7440228','D07'),('7440301','D07'),('7440301_CLC','D07'),('7480101_TT','D07'),('7480201_CLC','D07'),('7480201_NN','D07'),('7480201_VP','D07'),('7480201_ZLD','D07'),('7510401_CLC','D07'),('7510402','D07'),('7510406','D07'),('7520207','D07'),('7520207_CLC','D07'),('7520501','D07'),('7440112_VP','D24'),('7480201_VP','D29'),('7420201','D90'),('7420201_CLC','D90'),('7440102','D90'),('7440112','D90'),('7440112_CLC','D90'),('7510401_CLC','D90'),('7520207','D90'),('7520207_CLC','D90'),('7520402','D90'),('7520403','D90');
/*!40000 ALTER TABLE `admissionsgroupmajor` ENABLE KEYS */;
UNLOCK TABLES;

--
-- Table structure for table `applytemp`
--

DROP TABLE IF EXISTS `applytemp`;
/*!40101 SET @saved_cs_client     = @@character_set_client */;
/*!50503 SET character_set_client = utf8mb4 */;
CREATE TABLE `applytemp` (
  `applyTempId` char(36) CHARACTER SET utf8mb4 COLLATE utf8mb4_unicode_ci NOT NULL,
  `applyTempUserId` char(36) CHARACTER SET utf8mb4 COLLATE utf8mb4_unicode_ci NOT NULL,
  `applyTempMajorId` char(20) CHARACTER SET utf8mb4 COLLATE utf8mb4_unicode_ci NOT NULL,
  `applyTempTotalScore` float unsigned NOT NULL,
  `applyTempScore1` float unsigned NOT NULL,
  `applyTempScore2` float unsigned NOT NULL,
  `applyTempScore3` float unsigned NOT NULL,
  `applyTempGroupId` char(5) CHARACTER SET utf8mb4 COLLATE utf8mb4_unicode_ci NOT NULL,
  `applyTempTime` timestamp NOT NULL,
  `applyTempPriorityArea` varchar(20) CHARACTER SET utf8mb4 COLLATE utf8mb4_unicode_ci NOT NULL,
  `applyTempBonusScore` float unsigned NOT NULL,
  PRIMARY KEY (`applyTempId`),
  KEY `FK_ApplyTemp_User` (`applyTempUserId`),
  KEY `FK_ApplyTemp_Major` (`applyTempMajorId`),
  KEY `FK_ApplyTemp_AdmissionsGroup` (`applyTempGroupId`),
  CONSTRAINT `FK_ApplyTemp_AdmissionsGroup` FOREIGN KEY (`applyTempGroupId`) REFERENCES `admissionsgroup` (`agId`),
  CONSTRAINT `FK_ApplyTemp_Major` FOREIGN KEY (`applyTempMajorId`) REFERENCES `major` (`majorId`),
  CONSTRAINT `FK_ApplyTemp_User` FOREIGN KEY (`applyTempUserId`) REFERENCES `user` (`userId`)
) ENGINE=InnoDB DEFAULT CHARSET=utf8mb4 COLLATE=utf8mb4_unicode_ci;
/*!40101 SET character_set_client = @saved_cs_client */;

--
-- Dumping data for table `applytemp`
--

LOCK TABLES `applytemp` WRITE;
/*!40000 ALTER TABLE `applytemp` DISABLE KEYS */;
INSERT INTO `applytemp` VALUES ('015f569f-9ce2-4cf6-af34-fb4554c2edcd','6e05bcaf-a1a9-4b9b-af0d-fcbd49539964','7420201',7.2,0,0,0,'','2022-06-09 12:31:30','',0),('1772efc3-4292-4a16-95de-c91715d8696b','6e05bcaf-a1a9-4b9b-af0d-fcbd49539964','7420402',8,4,5,6,'A01','2022-06-10 03:22:13','',0),('215a0939-d923-498b-8a0d-98eb9ff85733','f7c8d0f6-ca17-4a54-a71b-de4d257cd574','7420201_CLC',21,8,7,6,'A01','2022-06-12 07:50:30','',0),('26a1eaea-c80c-493e-aeb9-97ff5d7cbe22','f7c8d0f6-ca17-4a54-a71b-de4d257cd574','7520501',25,10,5,10,'A02','2022-06-12 03:47:09','',0),('37b17590-d47a-4187-868d-ab5983d900a6','f7c8d0f6-ca17-4a54-a71b-de4d257cd574','7480101_TT',24,7,8,9,'A01','2022-06-12 07:56:09','',0),('39ab9f79-015d-46b9-9b1f-e54b90809234','2600aac1-87dd-40c7-b256-34ba957628cd','7520402',24,9,8,7,'A01','2022-06-18 13:31:45','',0),('519b1348-a631-4a8a-8ecb-2356357c845e','51245976-51d8-477e-8ba9-89bc77bd3b30','7440201',24,9,8,7,'A02','2022-06-16 14:13:25','',0),('5bb11c01-f07b-4b1e-9796-8dacbd6626b0','6e05bcaf-a1a9-4b9b-af0d-fcbd49539964','7420101',7.2,1,2,3,'5','2022-06-16 13:19:22','1',0),('63895f19-3aba-4dd6-bdef-b4afc7ff4d37','665a06aa-eff6-4bcf-85b3-8cf478961621','7520402',26,8,9,9,'D90','2022-06-20 14:32:38','',0),('7e424c2c-5da5-41c5-94cd-ed1e959b52c9','908f17df-9ee9-4513-9fbe-b16b9169a5bd','7480101_TT',119.5,107,3.5,9,'B08','2022-06-18 10:48:18','',0),('86aa444a-dced-4c8f-b899-436805fd971e','6e05bcaf-a1a9-4b9b-af0d-fcbd49539964','7420401',7.2,1,2,3,'5','2022-06-10 10:21:36','',0),('88eaefcb-6eac-4ad4-a40c-c91df7645b3d','2600aac1-87dd-40c7-b256-34ba957628cd','7420201_CLC',30,10,10,10,'B00','2022-06-16 23:25:36','',0),('94be2067-22ae-4e7c-a849-fa5a3ba39e93','a6484d99-2dea-48ec-9697-f96429a6e48a','7440112_CLC',23,10,8,5,'A00','2022-06-10 10:13:02','',0),('b3b6cf40-6629-4278-9750-3585072c0cab','f7c8d0f6-ca17-4a54-a71b-de4d257cd574','7440301_CLC',15,5,5,5,'A02','2022-06-18 14:09:59','',0),('b4c5c44a-2f7f-4fe6-b105-eff54e9d0a12','665a06aa-eff6-4bcf-85b3-8cf478961621','7510402',0,9,0,0,'A01','2022-06-20 14:34:00','',0),('b835fa4a-d461-44e9-8d0c-476a0dff8575','f7c8d0f6-ca17-4a54-a71b-de4d257cd574','7440112_CLC',21,7,7,7,'A01','2022-06-19 15:40:36','',0),('b90ec3a5-2f75-4b1f-a22a-62d75d971535','a6484d99-2dea-48ec-9697-f96429a6e48a','7460101_NN',150,50,50,50,'A00','2022-06-19 03:21:45','',0),('cf374fa5-9158-493b-a467-a6546aac8c1f','f7c8d0f6-ca17-4a54-a71b-de4d257cd574','7420101_CLC',24,10,8,6,'A01','2022-06-12 07:43:54','',0),('e90f7c7a-16d9-4a71-8fca-300bfbb8ea61','6e05bcaf-a1a9-4b9b-af0d-fcbd49539964','7420201',7.2,0,0,0,'','2022-06-09 12:31:30','',0),('f5fa9a3c-c14d-4116-afa4-e25972f00ca3','e559d023-39ae-4ffa-b136-c9af27474f44','7420101',27,9.5,8,9.5,'A02','2022-06-16 15:08:20','',0),('fbc6354d-0901-42bf-b341-02041c5854c8','3dbc349a-9a95-47f6-8e55-c83b5b55bf6c','7420101',29,9.5,9.5,10,'A02','2022-06-16 15:38:52','',0);
/*!40000 ALTER TABLE `applytemp` ENABLE KEYS */;
UNLOCK TABLES;

--
-- Table structure for table `aspiration`
--

DROP TABLE IF EXISTS `aspiration`;
/*!40101 SET @saved_cs_client     = @@character_set_client */;
/*!50503 SET character_set_client = utf8mb4 */;
CREATE TABLE `aspiration` (
  `aspirationId` int unsigned NOT NULL AUTO_INCREMENT,
  `aspirationMajor` char(20) CHARACTER SET utf8mb4 COLLATE utf8mb4_unicode_ci NOT NULL,
  `aspirationState` varchar(25) CHARACTER SET utf8mb4 COLLATE utf8mb4_unicode_ci NOT NULL,
  `aspirationCvId` int unsigned NOT NULL,
  PRIMARY KEY (`aspirationId`),
  KEY `FK_Aspiration_Major` (`aspirationMajor`),
  KEY `FK_Aspiration_CV` (`aspirationCvId`),
  CONSTRAINT `FK_Aspiration_CV` FOREIGN KEY (`aspirationCvId`) REFERENCES `cv` (`cvId`),
  CONSTRAINT `FK_Aspiration_Major` FOREIGN KEY (`aspirationMajor`) REFERENCES `major` (`majorId`)
) ENGINE=InnoDB AUTO_INCREMENT=1079 DEFAULT CHARSET=utf8mb4 COLLATE=utf8mb4_unicode_ci;
/*!40101 SET character_set_client = @saved_cs_client */;

--
-- Dumping data for table `aspiration`
--

LOCK TABLES `aspiration` WRITE;
/*!40000 ALTER TABLE `aspiration` DISABLE KEYS */;
INSERT INTO `aspiration` VALUES (4,'7420101_CLC','Không trúng tuyển',6),(14,'7420201_CLC','Trúng tuyển',6),(24,'7420101','',5),(34,'7480201_CLC','',4),(44,'7480201_VP','',4),(54,'7510401_CLC','',4),(64,'7440102','Trúng tuyển',1),(74,'7420201_CLC','Không trúng tuyển',1),(84,'7440112_VP','Không trúng tuyển',1),(94,'7440228','',2),(104,'7440301_CLC','',2),(114,'7460101_NN','',3),(534,'7420101_CLC','Không trúng tuyển',264),(544,'7440122','Trúng tuyển',264),(854,'7440112_CLC','',464),(864,'7440112','',474),(874,'7520501','',474),(934,'7420101','',524),(935,'7440301_CLC','',454),(936,'7420201_CLC','',454),(937,'7420101_CLC','',454),(953,'7440102','',533),(954,'7440122','',533),(955,'7440201','',533),(965,'7520402','',535),(966,'7420101_CLC','',535),(980,'7510406','',539),(981,'7420201_CLC','',539),(982,'7420101','',540),(983,'7420201','',540),(984,'7440102','',540),(985,'7420101','',541),(986,'7440112','',541),(987,'7440122','',541),(988,'KHMT_CH','',528),(990,'7480201_CN','',543),(1022,'7480201_CN','',551),(1024,'KHMT_CH','',553),(1025,'7480201_CNVB2','',554),(1029,'7420101_CLC','',556),(1033,'7480201_CN','',558),(1034,'7480201_CNVB2','',559),(1035,'7480201_NN','',560),(1036,'7420101_CLC','',561),(1037,'7420201','',561),(1038,'7420101','',561),(1039,'7420101_CLC','',562),(1040,'7420101_CLC','',563),(1041,'7420201','',563),(1042,'7420101','',563),(1043,'7420101_CLC','',564),(1044,'7420201','',564),(1045,'7420101','',564),(1046,'7420101_CLC','',565),(1047,'7420201','',565),(1048,'7420101','',565),(1049,'7420101_CLC','',566),(1050,'7420201','',566),(1051,'7420101','',566),(1052,'7420101_CLC','',567),(1053,'7420201','',567),(1054,'7420101','',567),(1055,'7420101_CLC','',568),(1056,'7420201','',568),(1057,'7420101','',568),(1058,'7420101_CLC','',569),(1059,'7420201','',569),(1060,'7420101','',569),(1061,'7420101_CLC','',570),(1062,'7420201','',570),(1063,'7420101','',570),(1064,'7420101_CLC','',571),(1065,'7420201','',571),(1066,'7420101','',571),(1067,'7420101_CLC','',572),(1068,'7420201','',572),(1069,'7420101','',572),(1070,'7420101_CLC','',573),(1071,'7420201','',573),(1072,'7420101','',573),(1073,'7420101_CLC','',574),(1074,'7420201','',574),(1075,'7420101','',574),(1076,'7420101_CLC','',575),(1077,'7420201','',575),(1078,'7420101','',575);
/*!40000 ALTER TABLE `aspiration` ENABLE KEYS */;
UNLOCK TABLES;

--
-- Table structure for table `authentication`
--

DROP TABLE IF EXISTS `authentication`;
/*!40101 SET @saved_cs_client     = @@character_set_client */;
/*!50503 SET character_set_client = utf8mb4 */;
CREATE TABLE `authentication` (
  `authUserId` char(36) CHARACTER SET utf8mb4 COLLATE utf8mb4_unicode_ci NOT NULL DEFAULT '',
  `authIdentityCard` text CHARACTER SET utf8mb4 COLLATE utf8mb4_unicode_ci NOT NULL,
  `authIdentity` char(15) CHARACTER SET utf8mb4 COLLATE utf8mb4_unicode_ci NOT NULL,
  PRIMARY KEY (`authUserId`),
  UNIQUE KEY `UC_Authentication` (`authIdentity`),
  CONSTRAINT `FK_Auth_User` FOREIGN KEY (`authUserId`) REFERENCES `user` (`userId`)
) ENGINE=InnoDB DEFAULT CHARSET=utf8mb4 COLLATE=utf8mb4_unicode_ci;
/*!40101 SET character_set_client = @saved_cs_client */;

--
-- Dumping data for table `authentication`
--

LOCK TABLES `authentication` WRITE;
/*!40000 ALTER TABLE `authentication` DISABLE KEYS */;
INSERT INTO `authentication` VALUES ('14','https://tinyurl.com/32nuuxen','00000001'),('24','https://tinyurl.com/32nuuxen','00000002'),('4','https://tinyurl.com/32nuuxen','18120308'),('5','https://tinyurl.com/32nuuxen','18120318'),('6','https://tinyurl.com/32nuuxen','18120325'),('7','https://tinyurl.com/32nuuxen','18120344'),('8','https://tinyurl.com/32nuuxen','18120347'),('9','https://tinyurl.com/32nuuxen','18120458');
/*!40000 ALTER TABLE `authentication` ENABLE KEYS */;
UNLOCK TABLES;

--
-- Table structure for table `benchmark`
--

DROP TABLE IF EXISTS `benchmark`;
/*!40101 SET @saved_cs_client     = @@character_set_client */;
/*!50503 SET character_set_client = utf8mb4 */;
CREATE TABLE `benchmark` (
  `benchmarkId` int unsigned NOT NULL AUTO_INCREMENT,
  `benchmarkMajorId` char(20) CHARACTER SET utf8mb4 COLLATE utf8mb4_unicode_ci NOT NULL,
  `benchmarkYear` year NOT NULL,
  `benchmarkScore` float NOT NULL,
  `benchmarkMethodId` char(5) CHARACTER SET utf8mb4 COLLATE utf8mb4_unicode_ci NOT NULL,
  PRIMARY KEY (`benchmarkId`),
  KEY `FK_BenchMark_Major` (`benchmarkMajorId`),
  KEY `FK_BenchMark_Method` (`benchmarkMethodId`),
  CONSTRAINT `FK_BenchMark_Major` FOREIGN KEY (`benchmarkMajorId`) REFERENCES `major` (`majorId`),
  CONSTRAINT `FK_BenchMark_Method` FOREIGN KEY (`benchmarkMethodId`) REFERENCES `method` (`methodId`)
) ENGINE=InnoDB AUTO_INCREMENT=113 DEFAULT CHARSET=utf8mb4 COLLATE=utf8mb4_unicode_ci;
/*!40101 SET character_set_client = @saved_cs_client */;

--
-- Dumping data for table `benchmark`
--

LOCK TABLES `benchmark` WRITE;
/*!40000 ALTER TABLE `benchmark` DISABLE KEYS */;
INSERT INTO `benchmark` VALUES (1,'7420101',2020,18,'3'),(2,'7420101_CLC',2020,18,'3'),(3,'7420201',2020,25,'3'),(4,'7420201_CLC',2020,23.75,'3'),(5,'7440102',2020,17,'3'),(6,'7440228',2020,17,'3'),(7,'7520402',2020,17,'3'),(8,'7520403',2020,22,'3'),(9,'7440112',2020,25,'3'),(10,'7440112_CLC',2020,22,'3'),(11,'7440112_VP',2020,22,'3'),(12,'7510401_CLC',2020,22.75,'3'),(13,'7440122',2020,17,'3'),(14,'7510402',2020,18,'3'),(15,'7440201',2020,17,'3'),(16,'7520501',2020,17,'3'),(17,'7440301',2020,17,'3'),(18,'7440301_CLC',2020,17,'3'),(19,'7510406',2020,17,'3'),(20,'7460101_NN',2020,20,'3'),(21,'7480109',2020,24,'3'),(22,'7480201_NN',2020,27.2,'3'),(23,'7480201_CLC',2020,25.75,'3'),(24,'7480101_TT',2020,26.65,'3'),(25,'7480201_VP',2020,24.7,'3'),(26,'7520207',2020,23,'3'),(27,'7520207_CLC',2020,18,'3'),(28,'7480201_LK',2020,16,'3'),(29,'7420101',2020,608,'4'),(30,'7420101_CLC',2020,662,'4'),(31,'7420201',2020,810,'4'),(32,'7420201_CLC',2020,686,'4'),(33,'7440102',2020,600,'4'),(34,'7440228',2020,602,'4'),(35,'7520402',2020,623,'4'),(36,'7520403',2020,670,'4'),(37,'7440112',2020,754,'4'),(38,'7440112_CLC',2020,703,'4'),(39,'7440112_VP',2020,603,'4'),(40,'7510401_CLC',2020,651,'4'),(41,'7440122',2020,600,'4'),(42,'7510402',2020,602,'4'),(43,'7440201',2020,600,'4'),(44,'7520501',2020,600,'4'),(45,'7440301',2020,601,'4'),(46,'7440301_CLC',2020,606,'4'),(47,'7510406',2020,605,'4'),(48,'7460101_NN',2020,609,'4'),(49,'7480109',2020,0,'4'),(50,'7480201_NN',2020,880,'4'),(51,'7480201_CLC',2020,703,'4'),(52,'7480101_TT',2020,903,'4'),(53,'7480201_VP',2020,675,'4'),(54,'7520207',2020,653,'4'),(55,'7520207_CLC',2020,650,'4'),(56,'7480201_LK',2020,600,'4'),(57,'7420101',2021,19,'3'),(58,'7420101_CLC',2021,19,'3'),(59,'7420201',2021,25.5,'3'),(60,'7420201_CLC',2021,25,'3'),(61,'7440102',2021,18,'3'),(62,'7440228',2021,18,'3'),(63,'7520402',2021,19,'3'),(64,'7520403',2021,24.5,'3'),(65,'7440112',2021,25.65,'3'),(66,'7440112_CLC',2021,24.5,'3'),(67,'7440112_VP',2021,22,'3'),(68,'7510401_CLC',2021,24.6,'3'),(69,'7440122',2021,19,'3'),(70,'7510402',2021,22,'3'),(71,'7440201',2021,17,'3'),(72,'7520501',2021,17,'3'),(73,'7440301',2021,17.5,'3'),(74,'7440301_CLC',2021,17.5,'3'),(75,'7510406',2021,18,'3'),(76,'7460101_NN',2021,24.35,'3'),(77,'7480109',2021,26.85,'3'),(78,'7480201_NN',2021,27.4,'3'),(79,'7480201_CLC',2021,26.9,'3'),(80,'7480101_TT',2021,28,'3'),(81,'7480201_VP',2021,25.25,'3'),(82,'7520207',2021,25.35,'3'),(83,'7520207_CLC',2021,23,'3'),(84,'7480201_LK',2021,0,'3'),(85,'7420101',2021,650,'4'),(86,'7420101_CLC',2021,700,'4'),(87,'7420201',2021,850,'4'),(88,'7420201_CLC',2021,800,'4'),(89,'7440102',2021,650,'4'),(90,'7440228',2021,660,'4'),(91,'7520402',2021,650,'4'),(92,'7520403',2021,800,'4'),(93,'7440112',2021,811,'4'),(94,'7440112_CLC',2021,760,'4'),(95,'7440112_VP',2021,760,'4'),(96,'7510401_CLC',2021,760,'4'),(97,'7440122',2021,650,'4'),(98,'7510402',2021,650,'4'),(99,'7440201',2021,610,'4'),(100,'7520501',2021,610,'4'),(101,'7440301',2021,650,'4'),(102,'7440301_CLC',2021,650,'4'),(103,'7510406',2021,650,'4'),(104,'7460101_NN',2021,910,'4'),(105,'7480109',2021,700,'4'),(106,'7480201_NN',2021,930,'4'),(107,'7480201_CLC',2021,870,'4'),(108,'7480101_TT',2021,977,'4'),(109,'7480201_VP',2021,757,'4'),(110,'7520207',2021,720,'4'),(111,'7520207_CLC',2021,650,'4'),(112,'7480201_LK',2021,0,'4');
/*!40000 ALTER TABLE `benchmark` ENABLE KEYS */;
UNLOCK TABLES;

--
-- Table structure for table `contact`
--

DROP TABLE IF EXISTS `contact`;
/*!40101 SET @saved_cs_client     = @@character_set_client */;
/*!50503 SET character_set_client = utf8mb4 */;
CREATE TABLE `contact` (
  `contactId` int unsigned NOT NULL AUTO_INCREMENT,
  `contactDepartment` varchar(255) CHARACTER SET utf8mb4 COLLATE utf8mb4_unicode_ci NOT NULL,
  `contactRoom` varchar(50) CHARACTER SET utf8mb4 COLLATE utf8mb4_unicode_ci NOT NULL,
  `contactAddress` varchar(255) CHARACTER SET utf8mb4 COLLATE utf8mb4_unicode_ci NOT NULL,
  `contactPhone` char(35) CHARACTER SET utf8mb4 COLLATE utf8mb4_unicode_ci NOT NULL,
  `contactEmail` varchar(100) CHARACTER SET utf8mb4 COLLATE utf8mb4_unicode_ci NOT NULL,
  `contactPage` text CHARACTER SET utf8mb4 COLLATE utf8mb4_unicode_ci NOT NULL,
  PRIMARY KEY (`contactId`)
) ENGINE=InnoDB AUTO_INCREMENT=2 DEFAULT CHARSET=utf8mb4 COLLATE=utf8mb4_unicode_ci;
/*!40101 SET character_set_client = @saved_cs_client */;

--
-- Dumping data for table `contact`
--

LOCK TABLES `contact` WRITE;
/*!40000 ALTER TABLE `contact` DISABLE KEYS */;
INSERT INTO `contact` VALUES (1,'Phòng Thông tin - Truyền thông','Phòng F02','227 Đ. Nguyễn Văn Cừ, Phường 4, Quận 5, Thành phố Hồ Chí Minh','(028) 62884499 - 3355','tuyensinh@hcmus.edu.vn','https://www.facebook.com/tvts.hcmus');
/*!40000 ALTER TABLE `contact` ENABLE KEYS */;
UNLOCK TABLES;

--
-- Table structure for table `cv`
--

DROP TABLE IF EXISTS `cv`;
/*!40101 SET @saved_cs_client     = @@character_set_client */;
/*!50503 SET character_set_client = utf8mb4 */;
CREATE TABLE `cv` (
  `cvId` int unsigned NOT NULL AUTO_INCREMENT,
  `cvMethodId` char(5) CHARACTER SET utf8mb4 COLLATE utf8mb4_unicode_ci NOT NULL,
  `cvUserId` char(36) CHARACTER SET utf8mb4 COLLATE utf8mb4_unicode_ci NOT NULL,
  `cvFile` text CHARACTER SET utf8mb4 COLLATE utf8mb4_unicode_ci NOT NULL,
  `cvDateCreate` timestamp NOT NULL,
  `cvState` varchar(50) CHARACTER SET utf8mb4 COLLATE utf8mb4_unicode_ci NOT NULL,
  `cvStatusPay` varchar(50) CHARACTER SET utf8mb4 COLLATE utf8mb4_unicode_ci NOT NULL,
  `cvComment` varchar(300) CHARACTER SET utf8mb4 COLLATE utf8mb4_unicode_ci NOT NULL,
  PRIMARY KEY (`cvId`),
  KEY `FK_CV_Method` (`cvMethodId`),
  KEY `FK_CV_User` (`cvUserId`),
  CONSTRAINT `FK_CV_Method` FOREIGN KEY (`cvMethodId`) REFERENCES `method` (`methodId`),
  CONSTRAINT `FK_CV_User` FOREIGN KEY (`cvUserId`) REFERENCES `user` (`userId`)
) ENGINE=InnoDB AUTO_INCREMENT=576 DEFAULT CHARSET=utf8mb4 COLLATE=utf8mb4_unicode_ci;
/*!40101 SET character_set_client = @saved_cs_client */;

--
-- Dumping data for table `cv`
--

LOCK TABLES `cv` WRITE;
/*!40000 ALTER TABLE `cv` DISABLE KEYS */;
INSERT INTO `cv` VALUES (1,'2A','4','https://tuyensinh.hcmus.edu.vn/attachments/article/95/TB27.%20Trung%20tuyen_2021_PT7B%20.V1.pdf','2022-04-08 14:56:59','Trúng tuyển','',''),(2,'2B','5','https://tuyensinh.hcmus.edu.vn/attachments/article/95/TB27.%20Trung%20tuyen_2021_PT7B%20.V1.pdf','2022-04-08 14:57:00','','',''),(3,'5.','6','https://tuyensinh.hcmus.edu.vn/attachments/article/95/TB27.%20Trung%20tuyen_2021_PT7B%20.V1.pdf','2022-04-08 14:57:00','','',''),(4,'6.','7','https://tuyensinh.hcmus.edu.vn/attachments/article/95/TB27.%20Trung%20tuyen_2021_PT7B%20.V1.pdf','2022-04-08 14:57:01','','',''),(5,'2A','8','https://tuyensinh.hcmus.edu.vn/attachments/article/95/TB27.%20Trung%20tuyen_2021_PT7B%20.V1.pdf','2022-04-08 14:57:01','','',''),(6,'6.','9','https://tuyensinh.hcmus.edu.vn/attachments/article/95/TB27.%20Trung%20tuyen_2021_PT7B%20.V1.pdf','2022-04-08 14:57:02','Trúng tuyển','',''),(264,'5.','f7c8d0f6-ca17-4a54-a71b-de4d257cd574','','2022-06-09 14:12:15','Trúng tuyển','',''),(454,'2A','a6484d99-2dea-48ec-9697-f96429a6e48a','','2022-06-11 16:56:49','Đã nộp','',''),(464,'6.','f7c8d0f6-ca17-4a54-a71b-de4d257cd574','','2022-06-12 09:49:15','Đã lưu','',''),(474,'2A','f7c8d0f6-ca17-4a54-a71b-de4d257cd574','','2022-06-12 09:56:52','Đã nộp','',''),(524,'2A','cf08f5af-7742-4cdd-a414-2f19fee39f53','','2022-06-13 17:22:49','Đã nộp','',''),(528,'XT','2600aac1-87dd-40c7-b256-34ba957628cd','','2022-06-16 10:02:55','Đã nộp','',''),(533,'2A','453d5e86-6a05-47a0-bbc5-1c843fee3384','','2022-06-16 10:59:28','Đã nộp','',''),(535,'5.','51245976-51d8-477e-8ba9-89bc77bd3b30','','2022-06-16 14:35:41','Đã nộp','',''),(539,'2A','51245976-51d8-477e-8ba9-89bc77bd3b30','','2022-06-16 15:10:24','Đã nộp','',''),(540,'2A','e559d023-39ae-4ffa-b136-c9af27474f44','','2022-06-16 15:15:39','Đã nộp','',''),(541,'2A','3dbc349a-9a95-47f6-8e55-c83b5b55bf6c','','2022-06-16 15:45:06','Đã nộp','',''),(543,'DT','a6484d99-2dea-48ec-9697-f96429a6e48a','','2022-06-17 02:48:27','Đã nộp','',''),(551,'DT','f7c8d0f6-ca17-4a54-a71b-de4d257cd574','','2022-06-18 15:35:34','Đã nộp','',''),(553,'XT','7bebe67a-3d84-4ad7-96ea-ded97c1ceab8','','2022-06-19 01:38:12','Đã lưu','',''),(554,'DT','7bebe67a-3d84-4ad7-96ea-ded97c1ceab8','','2022-06-19 01:41:06','Đã lưu','',''),(556,'5.','a6484d99-2dea-48ec-9697-f96429a6e48a','','2022-06-19 01:50:15','Đã lưu','',''),(558,'DT','51245976-51d8-477e-8ba9-89bc77bd3b30','','2022-06-19 01:54:33','Đã nộp','',''),(559,'DT','665a06aa-eff6-4bcf-85b3-8cf478961621','','2022-06-19 01:59:58','Đã nộp','',''),(560,'2A','0ca33635-52ce-46de-b9b8-a9b9b4ccfa56','','2022-06-19 02:39:50','Đã nộp','',''),(561,'XT','6e05bcaf-a1a9-4b9b-af0d-fcbd49539964','','2022-06-19 12:42:54','Đã nộp','',''),(562,'2A','665a06aa-eff6-4bcf-85b3-8cf478961621','','2022-06-19 15:11:48','Đã lưu','',''),(563,'DT','6e05bcaf-a1a9-4b9b-af0d-fcbd49539964','','2022-06-19 23:14:10','Đã lưu','',''),(564,'DT','6e05bcaf-a1a9-4b9b-af0d-fcbd49539964','','2022-06-19 23:17:30','Đã lưu','',''),(565,'DT','6e05bcaf-a1a9-4b9b-af0d-fcbd49539964','','2022-06-19 23:19:33','Đã lưu','',''),(566,'DT','6e05bcaf-a1a9-4b9b-af0d-fcbd49539964','','2022-06-19 23:21:54','Đã lưu','',''),(567,'DT','6e05bcaf-a1a9-4b9b-af0d-fcbd49539964','','2022-06-19 23:25:13','Đã lưu','',''),(568,'2A','6e05bcaf-a1a9-4b9b-af0d-fcbd49539964','','2022-06-19 23:36:24','Đã lưu','',''),(569,'2A','6e05bcaf-a1a9-4b9b-af0d-fcbd49539964','','2022-06-19 23:41:59','Đã lưu','',''),(570,'XT','6e05bcaf-a1a9-4b9b-af0d-fcbd49539964','','2022-06-19 23:43:09','Đã lưu','',''),(571,'XT','6e05bcaf-a1a9-4b9b-af0d-fcbd49539964','','2022-06-19 23:53:56','Đã lưu','',''),(572,'XT','6e05bcaf-a1a9-4b9b-af0d-fcbd49539964','','2022-06-19 23:55:56','Đã lưu','',''),(573,'XT','6e05bcaf-a1a9-4b9b-af0d-fcbd49539964','','2022-06-19 23:56:14','Đã lưu','',''),(574,'XT','6e05bcaf-a1a9-4b9b-af0d-fcbd49539964','','2022-06-19 23:57:06','Đã lưu','',''),(575,'5.','6e05bcaf-a1a9-4b9b-af0d-fcbd49539964','','2022-06-20 00:00:28','Đã lưu','','');
/*!40000 ALTER TABLE `cv` ENABLE KEYS */;
UNLOCK TABLES;

--
-- Table structure for table `cvapplyinformation`
--

DROP TABLE IF EXISTS `cvapplyinformation`;
/*!40101 SET @saved_cs_client     = @@character_set_client */;
/*!50503 SET character_set_client = utf8mb4 */;
CREATE TABLE `cvapplyinformation` (
  `cvaiGraduateUniversity` varchar(100) CHARACTER SET utf8mb4 COLLATE utf8mb4_unicode_ci NOT NULL,
  `cvaiUniversityGPA` float unsigned NOT NULL,
  `cvaiUniversityGraduateYear` year NOT NULL,
  `cvaiGraduateCollege` varchar(100) CHARACTER SET utf8mb4 COLLATE utf8mb4_unicode_ci NOT NULL,
  `cvaiCollegeGPA` float unsigned NOT NULL,
  `cvaiCollegeGraduateYear` year NOT NULL,
  `cvaiPriorityArea` varchar(50) CHARACTER SET utf8mb4 COLLATE utf8mb4_unicode_ci NOT NULL,
  `cvaiGPA12` float unsigned NOT NULL,
  `cvaiGPA11` float unsigned NOT NULL,
  `cvaiGPA10` float unsigned NOT NULL,
  `cvaiHighSchoolGraduateYear` year NOT NULL,
  `cvaiCapacity12` varchar(15) CHARACTER SET utf8mb4 COLLATE utf8mb4_unicode_ci NOT NULL,
  `cvaiConduct12` varchar(15) CHARACTER SET utf8mb4 COLLATE utf8mb4_unicode_ci NOT NULL,
  `cvaiCapacity11` varchar(15) CHARACTER SET utf8mb4 COLLATE utf8mb4_unicode_ci NOT NULL,
  `cvaiConduct11` varchar(15) CHARACTER SET utf8mb4 COLLATE utf8mb4_unicode_ci NOT NULL,
  `cvaiCapacity10` varchar(15) CHARACTER SET utf8mb4 COLLATE utf8mb4_unicode_ci NOT NULL,
  `cvaiConduct10` varchar(15) CHARACTER SET utf8mb4 COLLATE utf8mb4_unicode_ci NOT NULL,
  `cvaiProvincialExcellentSubject` varchar(50) CHARACTER SET utf8mb4 COLLATE utf8mb4_unicode_ci NOT NULL,
  `cvaiProvincialExcellentYear` year NOT NULL,
  `cvaiProvincialExcellentAward` varchar(50) CHARACTER SET utf8mb4 COLLATE utf8mb4_unicode_ci NOT NULL,
  `cvaiIeltsCertificateScore` float NOT NULL,
  `cvaiIeltsCertificateExpiration` date NOT NULL,
  `cvaiToeflCertificateScore` int unsigned NOT NULL,
  `cvaiToeflCertificateExpiration` date NOT NULL,
  `cvaiHaveVietnameseCertificate` tinyint NOT NULL,
  `cvaiVietnameseCertificateLevel` char(10) CHARACTER SET utf8mb4 COLLATE utf8mb4_unicode_ci NOT NULL,
  `cvaiId` int unsigned NOT NULL,
  `cvaiEmail` varchar(50) CHARACTER SET utf8mb4 COLLATE utf8mb4_unicode_ci NOT NULL,
  `cvaiPhone` char(12) CHARACTER SET utf8mb4 COLLATE utf8mb4_unicode_ci NOT NULL,
  PRIMARY KEY (`cvaiId`),
  CONSTRAINT `FK_CvApplyInformation_CV` FOREIGN KEY (`cvaiId`) REFERENCES `cv` (`cvId`)
) ENGINE=InnoDB DEFAULT CHARSET=utf8mb4 COLLATE=utf8mb4_unicode_ci;
/*!40101 SET character_set_client = @saved_cs_client */;

--
-- Dumping data for table `cvapplyinformation`
--

LOCK TABLES `cvapplyinformation` WRITE;
/*!40000 ALTER TABLE `cvapplyinformation` DISABLE KEYS */;
INSERT INTO `cvapplyinformation` VALUES ('KHTN 1 2 3 5',9,0000,'',0,0000,'',0,0,0,0000,'Khá','Khá','','','','','',0000,'',0,'2022-06-09',0,'2022-06-09',0,'',264,'datnguyen25082000@gmail.com','09454839721'),('',0,0000,'',0,0000,'Khu vực 2',10,10,10,0000,'Xuất Sắc','Tốt','Giỏi','Tốt','Xuất Sắc','Khá','',0000,'',0,'2019-10-09',0,'2019-10-09',0,'',454,'sonicduc123@gmail.com','123'),('KHTN',8,2022,'',0,2022,'',0,0,0,2022,'Khá','Trung bình','','','','','',2022,'',0,'2022-06-12',0,'2022-06-12',0,'',464,'datnguyen25082000@gmail.com','0945483972'),('KHTN',8,2022,'',0,2022,'',0,0,0,2022,'Trung bình','Trung bình','','','','','',2022,'',5,'2022-06-12',34,'2022-06-12',0,'GDA',474,'datnguyen25082000@gmail.com','0945483972'),('',0,0000,'',0,0000,'Khu vực 2',8,9,10,0000,'Xuất Sắc','Khá','Giỏi','Tốt','Xuất Sắc','Tốt','',0000,'',0,'2022-06-01',0,'2022-06-01',0,'',524,'sonicduc123@gmail.com','0123456789'),('abc',10,2022,'',0,0000,'',0,0,0,0000,'Giỏi','Tốt','','','','','',0000,'',0,'2022-06-01',0,'2022-06-01',0,'',528,'sonic292000@gmail.com','0123456222'),('',0,0000,'',0,0000,'Khu vực 3',8.5,8.5,8.5,0000,'Giỏi','Tốt','Khá','Tốt','Giỏi','Tốt','',0000,'',0,'2022-06-01',0,'2022-06-01',0,'',533,'etnemr.ngo@gmail.com','0962028120'),('Khoa Học tự Nhiên',8,2022,'',0,2022,'',0,0,0,2022,'Giỏi','Trung bình','','','','','',2022,'',8,'2022-06-16',0,'2022-06-16',0,'',535,'zppwpv@knowledgemd.com','0954235210'),('KHTN',9,2022,'',0,2022,'',0,0,0,2022,'Khá','Khá','','','','','',2022,'',6,'2022-06-16',0,'2022-06-16',0,'',539,'zppwpv@knowledgemd.com','0954235210'),('',0,0000,'',0,0000,'Khu vực 3',9.5,9.5,9.5,0000,'Giỏi','Tốt','Giỏi','Tốt','Giỏi','Tốt','Toan',2021,'Nhat',9,'2022-07-01',0,'2022-06-01',0,'',540,'txhqcvsbayeoa@knowledgemd.com','0123222333'),('',0,0000,'',0,0000,'Khu vực 2',9.5,9.5,9.5,0000,'Giỏi','Tốt','Giỏi','Tốt','Giỏi','Tốt','Toan',2021,'Nhat',9,'2022-07-01',0,'2022-06-01',0,'',541,'bywtwlap@knowledgemd.com','09620281222'),('',0,0000,'',0,0000,'Khu vực 2',10,8,9,0000,'Giỏi','Tốt','Xuất Sắc','Khá','Giỏi','Khá','',0000,'',0,'2022-06-01',0,'2022-06-01',0,'',543,'sonicduc123@gmail.com','123'),('',0,2022,'',0,2022,'Khu vực 2',8,8,8,2024,'','Khá','','Trung bình','Giỏi','Khá','Toán',2023,'Nhất',8,'2022-06-18',0,'2022-06-18',0,'',551,'datnguyen25082000@gmail.com','0945483972'),('Đại học KHTN',8,2022,'',0,0000,'',0,0,0,0000,'Giỏi','Tốt','','','','','',0000,'',0,'2022-06-01',0,'2022-06-01',0,'',553,'quocluong2503spam@gmail.com','0375006716'),('Đại học khoa học tự nhiên',9,2022,'',0,0000,'',0,0,0,0000,'Giỏi','Tốt','','','','','',0000,'',0,'2022-06-01',0,'2022-06-01',0,'',554,'quocluong2503spam@gmail.com','0375006716'),('',0,0000,'',0,0000,'Khu vực 1',10,9,10,0000,'Trung bình','Tốt','Giỏi','Khá','Xuất Sắc','Tốt','',0000,'',0,'2022-06-01',0,'2022-06-01',0,'',556,'sonicduc123@gmail.com','123'),('',0,2022,'',0,2022,'Khu vực 3',8,8,8,2024,'','Khá','','Khá','Giỏi','Khá','Toasn',2022,'Nhaats',0,'2022-06-19',0,'2022-06-19',0,'',558,'zppwpv@knowledgemd.com','0954235210'),('khtn',8,2022,'',0,0000,'',0,0,0,0000,'Khá','Tốt','','','','','',0000,'',0,'2022-06-01',0,'2022-06-01',0,'',559,'quocluong2503@gmail.com','0375006715'),('',0,2022,'',0,2022,'Khu vực 2',8,7,10,2022,'Giỏi','Trung bình','Giỏi','Trung bình','Giỏi','Trung bình','lươn',2022,'1',0,'2022-06-19',0,'2022-06-19',0,'',560,'quocluong2503spam1@gmail.com','09452675357'),('',8,2022,'',8,2008,'',8,8,8,2008,'','','','','','','',2008,'',8,'2019-10-09',8,'2019-10-09',8,'',561,'lyhandong123@gmail.com','318'),('',0,2022,'',0,2022,'Khu vực 3',8,8,8,2022,'','Tốt','','Tốt','','Tốt','',2022,'',0,'2022-06-19',0,'2022-06-19',0,'',562,'quocluong2503@gmail.com','0375006715'),('',8,2022,'',8,2008,'',8,8,8,2008,'','','','','','','',2008,'',8,'2019-10-09',8,'2019-10-09',8,'',563,'lyhandong123@gmail.com','318'),('',8,2022,'',8,2008,'',8,8,8,2008,'','','','','','','',2008,'',8,'2019-10-09',8,'2019-10-09',8,'',564,'lyhandong123@gmail.com','318'),('',8,2022,'',8,2008,'',8,8,8,2008,'','','','','','','',2008,'',8,'2019-10-09',8,'2019-10-09',8,'',565,'lyhandong123@gmail.com','318'),('',8,2022,'',8,2008,'',8,8,8,2008,'','','','','','','',2008,'',8,'2019-10-09',8,'2019-10-09',8,'',566,'lyhandong123@gmail.com','318'),('',8,2022,'',8,2008,'',8,8,8,2008,'','','','','','','',2008,'',8,'2019-10-09',8,'2019-10-09',8,'',567,'lyhandong123@gmail.com','318'),('',8,2022,'',8,2008,'',8,8,8,2008,'','','','','','','',2008,'',8,'2019-10-09',8,'2019-10-09',8,'',568,'lyhandong123@gmail.com','318'),('',8,2022,'',8,2008,'',8,8,8,2008,'','','','','','','',2008,'',8,'2019-10-09',8,'2019-10-09',8,'',569,'lyhandong123@gmail.com','318'),('',8,2022,'',8,2008,'',8,8,8,2008,'','','','','','','',2008,'',8,'2019-10-09',8,'2019-10-09',8,'',570,'lyhandong123@gmail.com','318'),('',8,2022,'',8,2008,'',8,8,8,2008,'','','','','','','',2008,'',8,'2019-10-09',8,'2019-10-09',8,'',571,'lyhandong123@gmail.com','318'),('',8,2022,'',8,2008,'',8,8,8,2008,'','','','','','','',2008,'',8,'2019-10-09',8,'2019-10-09',8,'',572,'lyhandong123@gmail.com','318'),('',8,2022,'',8,2008,'',8,8,8,2008,'','','','','','','',2008,'',8,'2019-10-09',8,'2019-10-09',8,'',573,'lyhandong123@gmail.com','318'),('',8,2022,'',8,2008,'',8,8,8,2008,'','','','','','','',2008,'',8,'2019-10-09',8,'2019-10-09',8,'',574,'lyhandong123@gmail.com','318'),('',8,2022,'',8,2008,'',8,8,8,2008,'','','','','','','',2008,'',8,'2019-10-09',8,'2019-10-09',8,'',575,'lyhandong123@gmail.com','318');
/*!40000 ALTER TABLE `cvapplyinformation` ENABLE KEYS */;
UNLOCK TABLES;

--
-- Table structure for table `document`
--

DROP TABLE IF EXISTS `document`;
/*!40101 SET @saved_cs_client     = @@character_set_client */;
/*!50503 SET character_set_client = utf8mb4 */;
CREATE TABLE `document` (
  `documentId` int unsigned NOT NULL AUTO_INCREMENT,
  `documentTitle` varchar(100) CHARACTER SET utf8mb4 COLLATE utf8mb4_unicode_ci NOT NULL,
  `documentContent` text CHARACTER SET utf8mb4 COLLATE utf8mb4_unicode_ci NOT NULL,
  `documentImage` text CHARACTER SET utf8mb4 COLLATE utf8mb4_unicode_ci NOT NULL,
  PRIMARY KEY (`documentId`)
) ENGINE=InnoDB AUTO_INCREMENT=24 DEFAULT CHARSET=utf8mb4 COLLATE=utf8mb4_unicode_ci;
/*!40101 SET character_set_client = @saved_cs_client */;

--
-- Dumping data for table `document`
--

LOCK TABLES `document` WRITE;
/*!40000 ALTER TABLE `document` DISABLE KEYS */;
INSERT INTO `document` VALUES (1,'Văn bản của bộ giáo dục và đào tạo','<section id=\"section-id-1521443296880\" class=\"sppb-section\">\n<div class=\"sppb-row-container\">\n<div class=\"sppb-row\">\n<div id=\"column-wrap-id-1521443296879\" class=\"sppb-col-md-12\">\n<div id=\"column-id-1521443296879\" class=\"sppb-column\">\n<div class=\"sppb-column-addons\">\n<div id=\"sppb-addon-wrapper-1600921583296\" class=\"sppb-addon-wrapper\">\n<div id=\"sppb-addon-1600921583296\" class=\"clearfix \">\n<div class=\"sppb-addon sppb-addon-tab \">\n<div class=\"sppb-addon-content sppb-tab sppb-custom-tab sppb-tab-nav-left\">\n<div class=\"sppb-tab-content sppb-tab-custom-content\">\n<div id=\"sppb-tab1-1\" class=\"sppb-tab-pane sppb-fade active in\" role=\"tabpanel\" aria-labelledby=\"sppb-content1-1\">\n<div id=\"sppb-addon-wrapper-1522121821333\" class=\"sppb-addon-wrapper\">\n<div id=\"sppb-addon-1522121821333\" class=\"clearfix \">\n<div class=\"sppb-addon sppb-addon-text-block 0  \">\n<div class=\"sppb-addon-content\">\n<p>1. Th&ocirc;ng tư&nbsp;&nbsp;</p>\n<p>2. Th&ocirc;ng tư sửa đổi, bổ sung một số điều của Quy chế thi tốt nghiệp trung học phổ th&ocirc;ng ban h&agrave;nh k&egrave;m theo Th&ocirc;ng tư số 15/2020/TT-BGDĐT ng&agrave;y 26 th&aacute;ng 5 năm 2020 của Bộ trưởng Bộ Gi&aacute;o dục v&agrave; Đ&agrave;o tạo&nbsp;</p>\n</div>\n</div>\n</div>\n</div>\n</div>\n</div>\n</div>\n</div>\n</div>\n</div>\n</div>\n</div>\n</div>\n</div>\n</div>\n</section>\n<section id=\"section-id-1600921583289\" class=\"sppb-section\">\n<div class=\"sppb-row-container\">\n<div class=\"sppb-row\">\n<div id=\"column-wrap-id-1600921583290\" class=\"sppb-col-md-12\">\n<div id=\"column-id-1600921583290\" class=\"sppb-column\"></div>\n</div>\n</div>\n</div>\n</section>','https://tuyensinh.hcmus.edu.vn/images/2019/03/26/bgdt.png'),(2,'Văn bản của ĐHQG-HCM','<section id=\"section-id-1521443296880\" class=\"sppb-section\">\n<div class=\"sppb-row-container\">\n<div class=\"sppb-row\">\n<div id=\"column-wrap-id-1521443296879\" class=\"sppb-col-md-12\">\n<div id=\"column-id-1521443296879\" class=\"sppb-column\">\n<div class=\"sppb-column-addons\">\n<div id=\"sppb-addon-wrapper-1600921583296\" class=\"sppb-addon-wrapper\">\n<div id=\"sppb-addon-1600921583296\" class=\"clearfix \">\n<div class=\"sppb-addon sppb-addon-tab \">\n<div class=\"sppb-addon-content sppb-tab sppb-custom-tab sppb-tab-nav-left\">\n<div class=\"sppb-tab-content sppb-tab-custom-content\">\n<div id=\"sppb-tab1-1\" class=\"sppb-tab-pane sppb-fade active in\" role=\"tabpanel\" aria-labelledby=\"sppb-content1-1\">\n<div id=\"sppb-addon-wrapper-1522121821333\" class=\"sppb-addon-wrapper\">\n<div id=\"sppb-addon-1522121821333\" class=\"clearfix \">\n<div class=\"sppb-addon sppb-addon-text-block 0  \">\n<div class=\"sppb-addon-content\">\n<p>1.&nbsp;<a href=\"https://drive.google.com/file/d/1fkIVLb7YHWEwufo-XZWDjvHWPhFxOkiE/view?usp=sharing\" target=\"_blank\" rel=\"noopener noreferrer\">Đề &aacute;n tuyển sinh của ĐHQG-HCM</a>&nbsp;năm 2021<br /><br />2.&nbsp;<a href=\"https://drive.google.com/file/d/1GCEx4YEGbfr7cGCizbJc6DGt97EjKbHz/view?usp=sharing\" target=\"_blank\" rel=\"noopener noreferrer\">C&ocirc;ng văn số&nbsp;620/ĐHQG-ĐH ng&agrave;y 26/4/2021 của ĐHQG-HCM về việc&nbsp;triển khai phương thức ưu ti&ecirc;n x&eacute;t tuyển thẳng th&iacute; sinh giỏi nhất trường THPT v&agrave; ưu ti&ecirc;n x&eacute;t tuyển học sinh giỏi của c&aacute;c trường THPT v&agrave;o ĐHQG-HCM năm 2021</a></p>\n</div>\n</div>\n</div>\n</div>\n</div>\n</div>\n</div>\n</div>\n</div>\n</div>\n</div>\n</div>\n</div>\n</div>\n</div>\n</section>\n<section id=\"section-id-1600921583289\" class=\"sppb-section\">\n<div class=\"sppb-row-container\">\n<div class=\"sppb-row\">\n<div id=\"column-wrap-id-1600921583290\" class=\"sppb-col-md-12\">\n<div id=\"column-id-1600921583290\" class=\"sppb-column\"></div>\n</div>\n</div>\n</div>\n</section>','https://tuyensinh.hcmus.edu.vn/images/2019/03/26/logovnu.png'),(3,'Văn bản của trường ĐH KHTN','<section id=\"section-id-1521443296880\" class=\"sppb-section\">\n<div class=\"sppb-row-container\">\n<div class=\"sppb-row\">\n<div id=\"column-wrap-id-1521443296879\" class=\"sppb-col-md-12\">\n<div id=\"column-id-1521443296879\" class=\"sppb-column\">\n<div class=\"sppb-column-addons\">\n<div id=\"sppb-addon-wrapper-1600921583296\" class=\"sppb-addon-wrapper\">\n<div id=\"sppb-addon-1600921583296\" class=\"clearfix \">\n<div class=\"sppb-addon sppb-addon-tab \">\n<div class=\"sppb-addon-content sppb-tab sppb-custom-tab sppb-tab-nav-left\">\n<div class=\"sppb-tab-content sppb-tab-custom-content\">\n<div id=\"sppb-tab1-1\" class=\"sppb-tab-pane sppb-fade active in\" role=\"tabpanel\" aria-labelledby=\"sppb-content1-1\">\n<div id=\"sppb-addon-wrapper-1522121821333\" class=\"sppb-addon-wrapper\">\n<div id=\"sppb-addon-1522121821333\" class=\"clearfix \">\n<div class=\"sppb-addon sppb-addon-text-block 0  \">\n<div class=\"sppb-addon-content\">\n<p>1.&nbsp;<a href=\"https://tuyensinh.hcmus.edu.vn/attachments/article/65/QST_Truong%20DH%20KHTN-VNU-HCM-DE%20AN%20TUYEN%20SINH%20DAI%20HOC%202021_08.04.2021.Update17g30.pdf\" target=\"_blank\" rel=\"noopener noreferrer\">Đề &aacute;n tuyển sinh năm 2021</a>&nbsp;<br /><br />2.&nbsp;<a href=\"https://tuyensinh.hcmus.edu.vn/attachments/category/8/TB%2001_TB%20tuyen%20thang%20_%20UTXT%20cua%20Bo%20_PT1.pdf\" target=\"_blank\" rel=\"noopener noreferrer\">Th&ocirc;ng b&aacute;o 01- Phuong thức x&eacute;t tuyển 1</a><br /><br />3.&nbsp;<a href=\"https://tuyensinh.hcmus.edu.vn/attachments/category/8/TB02_TB%20xet%20tuyen%20theo%20DGNL_PT4%20(1).pdf\" target=\"_blank\" rel=\"noopener noreferrer\">Th&ocirc;ng b&aacute;o 02 - Phương thức x&eacute;t tuyển 4</a><br /><br />4.&nbsp;<a href=\"https://tuyensinh.hcmus.edu.vn/attachments/category/8/TB%2003_TB%20Tuyen%20thanh%20UTXT%20_DHQG_PT2.pdf\" target=\"_blank\" rel=\"noopener noreferrer\">Th&ocirc;ng b&aacute;o 03- Phương thức x&eacute;t tuyển 2</a><br /><br />5.&nbsp;<a href=\"https://tuyensinh.hcmus.edu.vn/attachments/category/8/TB04_TB%20xet%20tuyen%20dua%20tren%20KQ%20Ky%20thi%20QT_PT5.pdf\" target=\"_blank\" rel=\"noopener noreferrer\">Th&ocirc;ng b&aacute;o 04- Phương thức x&eacute;t tuyển 5</a><br /><br />6.&nbsp;<a href=\"https://tuyensinh.hcmus.edu.vn/attachments/category/8/TB05_TB%20xet%20tuyen%20theo%20CCNN%20Quoc%20te_PT6.pdf\" target=\"_blank\" rel=\"noopener noreferrer\">Th&ocirc;ng b&aacute;o 05- Phương thức x&eacute;t tuyển 6</a></p>\n</div>\n</div>\n</div>\n</div>\n</div>\n</div>\n</div>\n</div>\n</div>\n</div>\n</div>\n</div>\n</div>\n</div>\n</div>\n</section>\n<section id=\"section-id-1600921583289\" class=\"sppb-section\">\n<div class=\"sppb-row-container\">\n<div class=\"sppb-row\">\n<div id=\"column-wrap-id-1600921583290\" class=\"sppb-col-md-12\">\n<div id=\"column-id-1600921583290\" class=\"sppb-column\"></div>\n</div>\n</div>\n</div>\n</section>','https://tuyensinh.hcmus.edu.vn/images/logoweb.png');
/*!40000 ALTER TABLE `document` ENABLE KEYS */;
UNLOCK TABLES;

--
-- Table structure for table `faculty`
--

DROP TABLE IF EXISTS `faculty`;
/*!40101 SET @saved_cs_client     = @@character_set_client */;
/*!50503 SET character_set_client = utf8mb4 */;
CREATE TABLE `faculty` (
  `facultyId` int unsigned NOT NULL AUTO_INCREMENT,
  `facultyName` varchar(100) CHARACTER SET utf8mb4 COLLATE utf8mb4_unicode_ci NOT NULL,
  `facultyImageCompare` text CHARACTER SET utf8mb4 COLLATE utf8mb4_unicode_ci NOT NULL,
  `facultyImageHighlight` text CHARACTER SET utf8mb4 COLLATE utf8mb4_unicode_ci NOT NULL,
  `facultyIntroduction` text CHARACTER SET utf8mb4 COLLATE utf8mb4_unicode_ci NOT NULL,
  `facultyLogo` text CHARACTER SET utf8mb4 COLLATE utf8mb4_unicode_ci NOT NULL,
  PRIMARY KEY (`facultyId`)
) ENGINE=InnoDB AUTO_INCREMENT=24 DEFAULT CHARSET=utf8mb4 COLLATE=utf8mb4_unicode_ci;
/*!40101 SET character_set_client = @saved_cs_client */;

--
-- Dumping data for table `faculty`
--

LOCK TABLES `faculty` WRITE;
/*!40000 ALTER TABLE `faculty` DISABLE KEYS */;
INSERT INTO `faculty` VALUES (1,'Công nghệ Thông tin','https://tuyensinh.hcmus.edu.vn/images/2021/04/08/cntt1.png','https://scontent.fsgn5-6.fna.fbcdn.net/v/t39.30808-6/241351906_10165489181820332_5115100784696038303_n.png?_nc_cat=108&ccb=1-7&_nc_sid=e3f864&_nc_ohc=VngsFyl0zScAX85NOC0&tn=fwO0IsZMeYqfLb60&_nc_ht=scontent.fsgn5-6.fna&oh=00_AT9NOh_dSd9H4O0h8dkdDPlNQXvFdm4-aZiPWUoSeRE0Bg&oe=62B3AB37','<p style=\"text-align: left;\"><strong>I. GIỚI THIỆU</strong></p>\n<p><strong>Khoa C&ocirc;ng nghệ Th&ocirc;ng tin (CNTT)&nbsp;</strong>của Trường Đại học Khoa học Tự nhi&ecirc;n TP.HCM được th&agrave;nh lập v&agrave;o th&aacute;ng 2 năm 1995 dựa tr&ecirc;n Bộ m&ocirc;n Tin học của Khoa To&aacute;n, Trường Đại học Tổng hợp TP.HCM. Trải qua hơn 25 năm hoạt động, Khoa đ&atilde; ph&aacute;t triển vững chắc v&agrave; được ch&iacute;nh phủ bảo trợ để trở th&agrave;nh một trong những khoa CNTT đầu ng&agrave;nh trong hệ thống gi&aacute;o dục đại học của Việt Nam.</p>\n<p>Hiện Khoa CNTT gồm c&oacute; 6 bộ m&ocirc;n: C&ocirc;ng nghệ Phần mềm, Hệ thống Th&ocirc;ng tin, Khoa học M&aacute;y t&iacute;nh, C&ocirc;ng nghệ Tri thức, Thị gi&aacute;c m&aacute;y t&iacute;nh v&agrave; Điều khiển học Th&ocirc;ng minh, Mạng m&aacute;y t&iacute;nh &amp; Viễn th&ocirc;ng phụ tr&aacute;ch đ&agrave;o tạo kiến thức li&ecirc;n quan đến lĩnh vực CNTT.</p>\n<p>Đội ngũ giảng huấn của Khoa CNTT bao gồm c&aacute;c gi&aacute;o sư, giảng vi&ecirc;n ch&iacute;nh, giảng vi&ecirc;n, trợ giảng c&ugrave;ng với nhiều c&ocirc;ng t&aacute;c vi&ecirc;n b&ecirc;n ngo&agrave;i từ những viện nghi&ecirc;n cứu, giới c&ocirc;ng nghiệp, c&aacute;c trường đại học kh&aacute;c trong v&agrave; ngo&agrave;i nước. Tổng số th&agrave;nh vi&ecirc;n của đội ngũ giảng huấn v&agrave; nh&acirc;n vi&ecirc;n phục vụ hiện đang tham gia v&agrave;o hoạt động giảng dạy c&oacute; 128 người (số n&agrave;y kh&ocirc;ng t&iacute;nh c&aacute;c giảng vi&ecirc;n đang tu nghiệp tại nước ngo&agrave;i).</p>\n<div class=\"panel-heading text-center\">&nbsp;</div>\n<div class=\"panel-heading text-center\" style=\"text-align: left;\"><strong><span id=\"dnn_ctr372_dnnTITLE_lblTitle\" class=\"Head\">II. C&Aacute;C LĨNH VỰC Đ&Agrave;O TẠO</span></strong></div>\n<p><strong>C&ocirc;ng nghệ Tri thức</strong></p>\n<ul>\n<li class=\"panel-heading text-center\" style=\"text-align: left;\">Cung cấp cho sinh vi&ecirc;n những tri thức cao cấp nhất c&ugrave;ng c&aacute;c kỹ năng cần thiết để x&acirc;y dựng c&aacute;c ứng dụng t&iacute;ch hợp với khả năng xử l&yacute; th&ocirc;ng minh, ứng dụng trong gi&aacute;o dục, đ&agrave;o tạo, kinh tế x&atilde; hội, khoa học v&agrave; c&ocirc;ng nghệ, quản l&yacute; t&agrave;i nguy&ecirc;n thi&ecirc;n nhi&ecirc;n v&agrave; m&ocirc;i trường, bảo mật...</li>\n<li class=\"panel-heading text-center\" style=\"text-align: left;\">C&aacute;c kiến thức cung cấp bao gồm nền tảng về c&aacute;c hệ cơ sở tri thức, hệ tương t&aacute;c người-m&aacute;y, xử l&yacute; ng&ocirc;n ngữ tự nhi&ecirc;n, nhận dạng mẫu, xử l&yacute; ảnh...</li>\n</ul>\n<div class=\"panel-body text-left\">\n<div id=\"dnn_ctr372_ContentPane\" class=\"\">\n<div id=\"dnn_ctr372_ModuleContent\">\n<div id=\"dnn_ctr372_HtmlModule_lblContent\" class=\"Normal\">\n<p><strong>Khoa học M&aacute;y t&iacute;nh</strong></p>\n<ul>\n<li>Cung cấp cho sinh vi&ecirc;n những tri thức cao cấp nhất c&ugrave;ng c&aacute;c kỹ năng cần thiết để x&acirc;y dựng c&aacute;c ứng dụng t&iacute;ch hợp với khả năng xử l&yacute; th&ocirc;ng minh, ứng dụng trong gi&aacute;o dục, đ&agrave;o tạo, kinh tế x&atilde; hội, khoa học v&agrave; c&ocirc;ng nghệ, quản l&yacute; t&agrave;i nguy&ecirc;n thi&ecirc;n nhi&ecirc;n v&agrave; m&ocirc;i trường ...</li>\n<li>C&aacute;c kiến thức cung cấp bao gồm nền tảng về c&aacute;c hệ cơ sở tri thức, hệ tương t&aacute;c người-m&aacute;y, nhận dạng mẫu, xử l&yacute; ảnh...</li>\n</ul>\n<p><strong>C&ocirc;ng nghệ Phần mềm</strong></p>\n<ul>\n<li>Cung cấp những kiến thức tổng quan trong c&agrave;i đặt, quản l&yacute; v&agrave; bảo tr&igrave; c&aacute;c dự &aacute;n, từ đ&oacute; gi&uacute;p cho sinh vi&ecirc;n c&oacute; thể thiết kế v&agrave; c&agrave;i đặt c&aacute;c sản phẩm phần mềm chất lượng cao.</li>\n<li>Sinh vi&ecirc;n tốt nghiệp chuy&ecirc;n ng&agrave;nh n&agrave;y sẽ c&oacute; khả năng ph&acirc;n t&iacute;ch, thiết kế, v&agrave; quản trị c&aacute;c dự &aacute;n phần mềm ở mức trung đến cao cấp.</li>\n</ul>\n<p><strong>Hệ thống th&ocirc;ng tin</strong></p>\n<ul>\n<li>Cung cấp cho sinh vi&ecirc;n những tri thức cần thiết để c&oacute; thể c&agrave;i đặt v&agrave; ph&aacute;t triển c&aacute;c dự &aacute;n hệ thống th&ocirc;ng tin trong quản l&yacute; kinh tế, quản l&yacute; văn ph&ograve;ng, quản l&yacute; dữ liệu.</li>\n<li>Tập trung v&agrave;o c&aacute;c c&ocirc;ng nghệ ứng dụng trong lĩnh vực hệ thống th&ocirc;ng tin như: m&ocirc; h&igrave;nh h&oacute;a dữ liệu, c&aacute;c tiếp cận trong thiết kế cơ sở dữ liệu, c&aacute;c phương ph&aacute;p ph&acirc;n t&iacute;ch v&agrave; thiết kế hệ thống th&ocirc;ng tin, c&aacute;c hệ thống th&ocirc;ng tin ph&acirc;n t&aacute;n&hellip;</li>\n</ul>\n<p><strong>Mạng m&aacute;y t&iacute;nh &amp; Viễn th&ocirc;ng</strong></p>\n<ul>\n<li>Cung cấp kiến thức trong lĩnh vực truyền th&ocirc;ng giữa c&aacute;c mạng diện rộng, mạng m&aacute;y t&iacute;nh cục bộ v&agrave; giữa c&aacute;c hệ thống th&ocirc;ng tin ph&acirc;n t&aacute;n.</li>\n<li>Sinh vi&ecirc;n tốt nghiệp chuy&ecirc;n ng&agrave;nh n&agrave;y c&oacute; khả năng thiết kế v&agrave; c&agrave;i đặt c&aacute;c mạng m&aacute;y t&iacute;nh ở mức trung b&igrave;nh đến lớn, v&agrave; c&aacute;c hệ thống truyền th&ocirc;ng.</li>\n</ul>\n<p><strong>Thị gi&aacute;c m&aacute;y t&iacute;nh &amp; Điều khiển học th&ocirc;ng minh</strong></p>\n<ul>\n<li>Nhằm mục đ&iacute;ch đ&agrave;o tạo c&aacute;c cử nh&acirc;n, kỹ sư chuy&ecirc;n về lĩnh vực xử l&yacute; ảnh số, video số v&agrave; thiết kế phần mềm điều khiển R&ocirc;-bốt.</li>\n<li>C&aacute;c hướng nghi&ecirc;n cứu: Truy vấn ảnh, video dựa v&agrave;o nội dung; Sinh tin học; Nhận dạng k&yacute; tự trong ảnh, video; Nhận dạng h&agrave;nh động người; M&ocirc; phỏng mặt người v&agrave; cảm x&uacute;c; Thị gi&aacute;c R&ocirc;-bốt; Tự động h&oacute;a thiết kế trong lĩnh vực kiến tr&uacute;c, x&acirc;y dựng.</li>\n</ul>\n</div>\n</div>\n</div>\n</div>','https://scontent.fsgn5-11.fna.fbcdn.net/v/t1.6435-9/78632761_10162549137700332_6188337541779816448_n.png?_nc_cat=103&ccb=1-7&_nc_sid=09cbfe&_nc_ohc=1RSQE8sI-a4AX8siAta&tn=fwO0IsZMeYqfLb60&_nc_ht=scontent.fsgn5-11.fna&oh=00_AT98NUOxxM6wq73mBo6HiAckYhAcW8gXUJR67WAYGLkzqA&oe=62D49621'),(2,'Địa chất','	https://tuyensinh.hcmus.edu.vn/images/2019/03/24/dia-chat-01.png','https://scontent.fsgn5-15.fna.fbcdn.net/v/t1.6435-9/183517644_1663287247204114_8726008335138022423_n.jpg?_nc_cat=111&ccb=1-7&_nc_sid=e3f864&_nc_ohc=rvkBbpqZx8EAX9k3cni&_nc_ht=scontent.fsgn5-15.fna&oh=00_AT8ZuTJ_zMBgDkjH-azXyRNGcSgJxUOB5thYUiydjc_Kcg&oe=62D54A9E','<ol>\n<li><strong>Lịch sử h&igrave;nh th&agrave;nh v&agrave; ph&aacute;t triển</strong></li>\n</ol>\n<p>Khoa Địa chất ng&agrave;y nay được th&agrave;nh lập với t&ecirc;n gọi đầu ti&ecirc;n l&agrave; Tổ Địa chất ra đời năm 1952 c&ugrave;ng với Viện Đại học Saigon do Gi&aacute;o Sư Jean Fromaget, nguy&ecirc;n Gi&aacute;m đốc Sở Địa chất Đ&ocirc;ng Dương đảm tr&aacute;ch. Năm 1953 Ban (Departement) Địa chất ch&iacute;nh thức th&agrave;nh lập, gắn liền với t&ecirc;n tuổi của nh&agrave; Địa chất Ph&aacute;p l&agrave; Gi&aacute;o sư Edmond Saurin - Gi&aacute;m đốc sở Địa Chất Đ&ocirc;ng Dương. Từ 1965 đến năm 1975, Ban Địa chất thuộc Đại học Khoa học S&agrave;i G&agrave;n do Gi&aacute;o Sư Trần Kim Thạch phụ tr&aacute;ch. Ngo&agrave;i việc x&acirc;y dựng v&agrave; ph&aacute;t triển ch&iacute;nh m&igrave;nh, Ban Địa chất Đại học Khoa học Saigon cũng đ&atilde; đ&oacute;ng g&oacute;p x&acirc;y dựng Ban Địa chất của Đại học Huế, Đại học Cần Thơ v&agrave; Ban Địa l&yacute; của Đại học Đ&agrave; Lạt. Từ năm 1975 đến nay, Ban Địa chất trở th&agrave;nh Khoa Địa chất của Đại học Tổng hợp TP Hồ Ch&iacute; Minh (1976 &ndash; 1996) v&agrave; hiện nay l&agrave; Đại học Khoa học Tự nhi&ecirc;n thuộc Đại học Quốc gia Tp. Hồ Ch&iacute; Minh (1996 &ndash; đến nay).</p>\n<p>Khoa Địa chất c&oacute; 05 bộ m&ocirc;n v&agrave; 05 ph&ograve;ng th&iacute; nghiệm cấp Khoa. C&aacute;c bộ m&ocirc;n (BM) gồm: BM. Địa chất Cơ sở, BM. Thạch học v&agrave; Kho&aacute;ng sản (trước đ&acirc;y l&agrave; BM. Kho&aacute;ng Thạch), BM. Trầm t&iacute;ch v&agrave; Địa chất biển (trước đ&acirc;y l&agrave; BM. Trầm t&iacute;ch), BM. Địa chất Thủy văn - Địa chất C&ocirc;ng tr&igrave;nh v&agrave; BM. Địa chất Dầu kh&iacute;. C&aacute;c ph&ograve;ng th&iacute; nghiệm (PTN) gồm c&oacute;: PTN. Thạch học, PTN. Ngọc học, PTN. Địa h&oacute;a m&ocirc;i trường, Ph&ograve;ng Tin học &ndash; Viễn th&aacute;m - GIS v&agrave; Ph&ograve;ng Trưng b&agrave;y - Thực tập Mẫu địa chất. Ngo&agrave;i ra, c&ograve;n c&oacute; Thư viện Khoa. C&aacute;c BM cũng c&oacute; ph&ograve;ng thực h&agrave;nh - th&iacute; nghiệm c&oacute; quy m&ocirc; như: Địa kỹ thuật, Địa chất Dầu kh&iacute;, Trầm t&iacute;ch v&agrave; Địa chất biển.</p>\n<p>Về cơ cấu tổ chức Khoa theo nhiệm kỳ 5 năm, gồm: Ban chủ nhiệm Khoa (3 c&aacute;n bộ), Hội đồng Khoa học Khoa (7 - 8 c&aacute;n bộ), Thư k&yacute; Khoa (1 c&aacute;n bộ), c&aacute;c trợ l&yacute; (5 c&aacute;n bộ: gi&aacute;o vụ, sinh vi&ecirc;n, th&ocirc;ng tin &ndash; truyền th&ocirc;ng, thư viện, ph&ograve;ng bảo t&agrave;ng địa chất) v&agrave; Ban cố vấn học tập (6 c&aacute;n bộ).</p>\n<p>Tr&atilde;i qua hơn 50 năm h&igrave;nh th&agrave;nh v&agrave; ph&aacute;t triển, Khoa Địa chất đ&atilde; vượt qua nhiều kh&oacute; khăn, duy tr&igrave; v&agrave; x&acirc;y dựng đội ngũ c&aacute;n bộ, ph&aacute;t triển v&agrave; mở rộng quy m&ocirc; ng&agrave;nh nghề đ&agrave;o tạo, nghi&ecirc;n cứu khoa học phục vụ kinh tế x&atilde; hội. Khoa Địa chất l&agrave; một trong những khoa truyền thống, c&oacute; đ&oacute;ng g&oacute;p lớn v&agrave;o th&agrave;nh t&iacute;ch đ&agrave;o tạo &ndash; nghi&ecirc;n cứu khoa học của Trường qua c&aacute;c thời kỳ.</p>\n<ol start=\"2\">\n<li><strong>Nh&acirc;n lực</strong></li>\n</ol>\n<p>T&iacute;nh đến th&aacute;ng 9/2016, Khoa Địa chất c&oacute; 38 c&aacute;n bộ - vi&ecirc;n chức (gồm 19 nam v&agrave; 19 nữ), trong đ&oacute; c&oacute; 35 c&aacute;n bộ khoa học (1 PGS.TS, 4 TS, 29 ThS, 1 cử nh&acirc;n), 3 c&aacute;n bộ quản l&yacute; v&agrave; nh&acirc;n vi&ecirc;n PTN v&agrave; thư viện (1 ThS, 1 cử nh&acirc;n v&agrave; 1 trung cấp). Hiện nay, đang học tập ở nước ngo&agrave;i c&oacute; 5 nghi&ecirc;n cứu sinh (H&agrave;n quốc, Nhật, &Aacute;o, Th&aacute;i lan) v&agrave; 1 cao học (Đ&agrave;i loan).</p>\n<ol start=\"3\">\n<li><strong>Đào tạo</strong></li>\n</ol>\n<div><strong>&nbsp; &nbsp; a. Đ&agrave;o tạo đại học:<br /></strong>Đ&agrave;o tạo ng&agrave;nh Địa chất học, Khoa đ&agrave;o tạo Cử nh&acirc;n địa chất c&oacute; kiến thức nền tảng rộng về khoa học Tr&aacute;i đất v&agrave; chuy&ecirc;n s&acirc;u từng lĩnh vực trong địa chất học, c&oacute; năng lực nghi&ecirc;n cứu v&agrave; ứng dụng th&agrave;nh quả mới nhất của địa chất hướng tới phục vụ ph&aacute;t triển kinh tế - x&atilde; hội v&agrave; c&oacute; phương ph&aacute;p luận vững chắc cũng như c&oacute; khả năng đ&oacute;ng vai tr&ograve; l&atilde;nh đạo để ph&aacute;t triển v&agrave; đ&oacute;ng g&oacute;p t&iacute;ch cực cho sự ph&aacute;t triển của khoa học địa chất.</div>\n<p>Ng&agrave;nh Địa chất học c&oacute; 6 chuy&ecirc;n ng&agrave;nh (CN). Đến trước 2016, c&oacute; 5 CN gồm: CN. Địa chất Kho&aacute;ng sản, CN. Ngọc học, CN. Địa chất Thủy văn &ndash; Địa chất C&ocirc;ng tr&igrave;nh, CN. Địa chất M&ocirc;i trường v&agrave; Địa chất Dầu kh&iacute;. Để đ&aacute;p ứng nhu cầu x&atilde; hội, Khoa v&agrave; BM. Trầm t&iacute;ch v&agrave; Địa chất biển đ&atilde; x&acirc;y dựng v&agrave; đưa v&agrave;o đ&agrave;o tạo từ năm học 2016 &ndash; 2017 CN. Địa chất biển.<br /><br /><strong>&nbsp; &nbsp; b. Đ&agrave;o tạo sau đại học:&nbsp;<br /></strong>Đ&agrave;o tạo tr&igrave;nh độ thạc sĩ khoa học địa chất (Cao học) c&oacute; 2 CN: Địa chất học v&agrave; Kỹ thuật địa chất.</p>\n<p>Đ&agrave;o tạo tr&igrave;nh độ tiến sĩ khoa học địa chất (nghi&ecirc;n cứu sinh) NCS c&oacute; 1 CN l&agrave; Thạch học &ndash; Địa ho&aacute;. Do thiếu nh&acirc;n lực cơ hữu để đ&agrave;o tạo n&ecirc;n từ 2011 tạm dừng trong những năm qua. Hiện tại, Khoa đang trong qu&aacute; tr&igrave;nh ho&agrave;n chỉnh Đề &aacute;n để xin mở lại CN Thạch học &ndash; Địa ho&aacute; n&agrave;y để đ&aacute;p ứng nhu cầu đ&agrave;o tạo.</p>\n<p>Địa chỉ: Ph&ograve;ng C13, D&atilde;y nh&agrave; C, 227 Nguyễn Văn Cừ, Phường 4, Quận 5, Tp Hồ Ch&iacute; Minh.</p>\n<p>Điện thoại: (84.8) 38 355271 - Fax (84.8) 38 350 096.</p>\n<p>Email: khoadiachat@hcmus.edu.vn</p>\n<p>Website: https://geology.hcmus.edu.vn</p>','https://doantn.hcmus.edu.vn/wp-content/uploads/2016/10/2016.10.27-thiet-ke-logo-khoa-dia-chat-final-08.png'),(3,'Điện tử - Viễn thông',' ','http://www.fetel.hcmus.edu.vn/wp-content/uploads/2022/03/logo-resized3.png','<p>Khoa Điện tử &ndash; Viễn th&ocirc;ng được Gi&aacute;m đốc Đại học Quốc gia TPHCM ra quyết định th&agrave;nh lập ng&agrave;y 19 th&aacute;ng 6 năm 2006. Nguồn gốc của Khoa xem như bắt đầu từ khoảng năm 1956 &ndash; 1958 với t&ecirc;n Ban Điện Tử tại Khoa Học Đại Học Đường thuộc Viện Đại Học S&agrave;i G&ograve;n.</p>\n<div id=\"attachment_411\" class=\"wp-caption aligncenter\"><a href=\"http://www.fetel.hcmus.edu.vn/wp-content/uploads/2015/06/L1020283.jpg\"><img class=\"wp-image-411 size-large\" src=\"http://www.fetel.hcmus.edu.vn/wp-content/uploads/2015/06/L1020283-1024x683.jpg\" sizes=\"(max-width: 700px) 100vw, 700px\" srcset=\"http://www.fetel.hcmus.edu.vn/wp-content/uploads/2015/06/L1020283-1024x683.jpg 1024w, http://www.fetel.hcmus.edu.vn/wp-content/uploads/2015/06/L1020283-300x200.jpg 300w\" alt=\"Đội ngũ giảng vi&ecirc;n khoa ĐTVT\" width=\"700\" height=\"467\" loading=\"lazy\" aria-describedby=\"caption-attachment-411\" /></a>\n<p id=\"caption-attachment-411\" class=\"wp-caption-text\">Đội ngũ giảng vi&ecirc;n khoa ĐTVT</p>\n</div>\n<p>Hiện nay khoa ĐTVT gồm c&oacute; 3 bộ m&ocirc;n: Điện tử, M&aacute;y t&iacute;nh &ndash; Hệ thống nh&uacute;ng, Viễn th&ocirc;ng v&agrave; Mạng c&ugrave;ng 1 ph&ograve;ng th&iacute; nghiệm cấp Khoa phụ tr&aacute;ch đ&agrave;o tạo v&agrave; nghi&ecirc;n cứu về lĩnh vực Điện tử, Viễn th&ocirc;ng.</p>\n<p>Nh&acirc;n sự hiện tại ch&iacute;nh của Khoa gồm c&aacute;c gi&aacute;o sư, tiến sĩ, thạc sĩ l&agrave; giảng vi&ecirc;n ch&iacute;nh, giảng vi&ecirc;n, trợ giảng tham gia v&agrave;o hoạt động giảng dạy tại Khoa với tổng số th&agrave;nh vi&ecirc;n khoảng 35 người (năm 2022). Ngo&agrave;i ra, c&ograve;n c&oacute; sự tham gia cộng t&aacute;c của c&aacute;c Gi&aacute;o sư, giảng vi&ecirc;n từ c&aacute;c trường đại học Mỹ, Nhật v&agrave; c&aacute;c trường đại học trong nước.</p>\n<p><strong>1.&nbsp;<u>Ban chủ nhiệm Khoa</u></strong></p>\n<ul>\n<li>Trưởng Khoa: TS. B&ugrave;i Trọng T&uacute; (E-mail:&nbsp;<a href=\"mailto:bttu@fetel.hcmus.edu.vn\">bttu@hcmus.edu.vn</a>)</li>\n<li>Ph&oacute; Trưởng Khoa:&nbsp;TS. Đặng L&ecirc; Khoa (E-mail:&nbsp;<a href=\"mailto:dlkhoa@fetel.hcmus.edu.vn\">dlkhoa@hcmus.edu.vn</a>)</li>\n<li>Ph&oacute; Trưởng Khoa: ThS. Cao Trần Bảo Thương (E-mail:&nbsp;<a href=\"mailto:ctbthuong@fetel.hcmus.edu.vn\" target=\"_blank\" rel=\"noopener\">ctbthuong@hcmus.edu.vn</a>)</li>\n</ul>\n<p><strong><u>C&aacute;c trợ l&yacute;<br /></u></strong></p>\n<ul>\n<li>Quản l&yacute; gi&aacute;o vụ: Đặng Thị Lan Hương (E-mail:&nbsp;<a href=\"mailto:dtlhuong@fetel.hcmus.edu.vn\">dtlhuong@fetel.hcmus.edu.vn</a>)</li>\n<li>C&ocirc;ng t&aacute;c sinh vi&ecirc;n: CH. Nguyễn Th&aacute;i C&ocirc;ng Nghĩa (E-mail:&nbsp;<a href=\"mailto:ntcnghia@fetel.hcmus.edu.vn\">ntcnghia@hcmus.edu.vn</a>)</li>\n<li>Quản l&yacute; mạng: CH. Ng&ocirc; Minh Nghĩa (E-mail:&nbsp;<a href=\"mailto:nmnghia@fetel.hcmus.edu.vn\">nmnghia@hcmus.edu.vn</a>)</li>\n<li>Thư k&yacute;: Đặng Thị Lan Hương&nbsp;(E-mail:&nbsp;<a href=\"mailto:dtlhuong@fetel.hcmus.edu.vn\">dtlhuong@fetel.hcmus.edu.vn</a>)</li>\n</ul>\n<p><strong><u>C&aacute;c cố vấn học tập:<br /></u></strong></p>\n<p>&ndash; TS. L&ecirc; Đức H&ugrave;ng, Trưởng Ban, phụ tr&aacute;ch quản l&yacute;, tổng hợp khảo s&aacute;t (E-mail:&nbsp;<a href=\"mailto:ldhung@fetel.hcmus.edu.vn\">ldhung@hcmus.edu.vn</a>)</p>\n<p>&ndash; ThS. Trần Xu&acirc;n T&acirc;n, Ph&oacute; Trưởng Ban đại cương, cơ sở ng&agrave;nh, chuy&ecirc;n ng&agrave;nh ĐT (E-mail:&nbsp;<a href=\"mailto:txtan@fetel.hcmus.edu.vn\">txtan@fetel.hcmus.edu.vn</a>)</p>\n<p>&ndash; ThS. Trương Tấn Quang, Ủy Vi&ecirc;n, chuy&ecirc;n ng&agrave;nh VTM (Email:&nbsp;<a href=\"mailto:ttquang@fetel.hcmus.edu.vn\">ttquang@fetel.hcmus.edu.vn</a>)</p>\n<p>&ndash; ThS. Nguyễn Quốc Khoa, Ủy Vi&ecirc;n, chuy&ecirc;n ng&agrave;nh MT-HTN (Email:&nbsp;<a href=\"mailto:nqkhoa@fetel.hcmus.edu.vn\">nqkhoa@fetel.hcmus.edu.vn</a>)</p>\n<p>&ndash; ThS. Cao Trần Bảo Thương, Ủy Vi&ecirc;n, b&aacute;o c&aacute;o, hỗ trợ quy định, quy chế (E-mail:&nbsp;<a href=\"mailto:ctbthuong@fetel.hcmus.edu.vn\">ctbthuong@hcmus.edu.vn</a>)</p>\n<ul>\n<li>Lịch gặp sinh vi&ecirc;n trong học kỳ 1 &ndash; Năm học 2021 &ndash; 2022:</li>\n</ul>\n<p><strong>Cơ sở Linh Trung:</strong></p>\n<p>+ Thầy Trần Xu&acirc;n T&acirc;n: S&aacute;ng thứ s&aacute;u (đại cương, cơ sở ng&agrave;nh)</p>\n<p><strong>* Cơ sở Nguyễn Văn Cừ:</strong></p>\n<p>+ Thầy L&ecirc; Đức H&ugrave;ng: S&aacute;ng thứ ba (đại cương, cơ sở ng&agrave;nh, chuy&ecirc;n ng&agrave;nh ĐT)</p>\n<p>+ Thầy Trần Xu&acirc;n T&acirc;n: S&aacute;ng thứ tư (đại cương, cơ sở ng&agrave;nh, chuy&ecirc;n ng&agrave;nh ĐT)</p>\n<p>+ Thầy Trương Tấn Quang: S&aacute;ng thứ tư (chuy&ecirc;n ng&agrave;nh VTM)</p>\n<p>+ Thầy Nguyễn Quốc Khoa: S&aacute;ng thứ bảy (chuy&ecirc;n ng&agrave;nh MT-HTN)</p>\n<p><strong>2.&nbsp;</strong><strong><u>C&aacute;c Đo&agrave;n thể</u></strong></p>\n<ul>\n<li>Chủ tịch c&ocirc;ng đo&agrave;n Khoa:&nbsp;ThS. Trần Xu&acirc;n T&acirc;n</li>\n</ul>\n<p><strong>3.&nbsp;<u>C&aacute;c Bộ M&ocirc;n</u></strong></p>\n<p>Hiện tại, Khoa c&oacute; 03 Bộ m&ocirc;n v&agrave; 01 Ph&ograve;ng th&iacute; nghiệm cấp Khoa:</p>\n<div><strong>Bộ m&ocirc;n Điện tử:</strong></div>\n<ul>\n<li>Trưởng Bộ M&ocirc;n: GVC. TS. B&ugrave;i Trọng T&uacute; (E-mail:&nbsp;<a href=\"mailto:bttu@fetel.hcmus.edu.vn\">bttu@hcmus.edu.vn</a>)</li>\n<li>Danh s&aacute;ch&nbsp;C&aacute;n bộ v&agrave;&nbsp;Nh&acirc;n vi&ecirc;n của bộ m&ocirc;n: (<a href=\"http://www.fetel.hcmus.edu.vn/gioithieu/bomondientu/gioi-thieu-bo-mon-dien-tu\" target=\"_blank\" rel=\"noopener\">Xem</a>)</li>\n</ul>\n<p><strong>Bộ m&ocirc;n M&aacute;y t&iacute;nh v&agrave; Hệ thống nh&uacute;ng:</strong></p>\n<ul>\n<li>Trưởng Bộ M&ocirc;n: GV. TS. Huỳnh Hữu Thuận (E-mail:&nbsp;<a href=\"mailto:hhthuan@fetel.hcmus.edu.vn\" target=\"_blank\" rel=\"noopener\">hhthuan@hcmus.edu.vn</a>)</li>\n<li>Danh s&aacute;ch&nbsp;C&aacute;n bộ v&agrave;&nbsp;Nh&acirc;n vi&ecirc;n của Bộ m&ocirc;n: (<a href=\"http://www.fetel.hcmus.edu.vn/gioithieu/b-mon-may-tinh-h-thng-nhung/gioithieu-bm-mtvahtn\" target=\"_blank\" rel=\"noopener\">Xem</a>)</li>\n</ul>\n<p><strong>Bộ m&ocirc;n Viễn th&ocirc;ng v&agrave; Mạng</strong></p>\n<ul>\n<li>Trưởng Bộ M&ocirc;n: GVC. TS. Đặng L&ecirc; Khoa (E-mail:&nbsp;<a href=\"mailto:dlkhoa@fetel.hcmus.edu.vn\">dlkhoa@hcmus.edu.vn</a>)</li>\n<li>Danh s&aacute;ch&nbsp;C&aacute;n bộ v&agrave;&nbsp;Nh&acirc;n vi&ecirc;n của Bộ m&ocirc;n: (<a href=\"http://www.fetel.hcmus.edu.vn/gioithieu/b-mon-vin-thong-va-mng/bo-mon-vien-thong-va-mang\">Xem</a>)</li>\n</ul>\n<p><strong>Ph&ograve;ng th&iacute; nghiệm DESLAB:</strong></p>\n<ul>\n<li>Trưởng ph&ograve;ng th&iacute; nghiệm: TS. L&ecirc; Đức H&ugrave;ng (E-mail:&nbsp;<a href=\"mailto:ldhung@fetel.hcmus.edu.vn\">ldhung@hcmus.edu.vn</a>)</li>\n<li>Danh s&aacute;ch&nbsp;C&aacute;n bộ v&agrave;&nbsp;Nh&acirc;n vi&ecirc;n của PTN: (<a href=\"http://deslab.vn/gioi-thieu/to-chuc/\" target=\"_blank\" rel=\"noopener\">Xem</a>)</li>\n</ul>\n<p>Ngo&agrave;i ra, c&aacute;c Bộ m&ocirc;n c&ograve;n c&oacute; c&aacute;c CLB học tập v&agrave; ph&ograve;ng thực tập&hellip;</p>','http://www.fetel.hcmus.edu.vn/wp-content/uploads/2022/03/logo-resized3.png'),(4,'Hóa học','test3','','','http://www.chemistry.hcmus.edu.vn/images/logo-Chem.png'),(5,'Khoa học và Công nghệ vật liệu','','','','http://www.mst.hcmus.edu.vn/assets/cac-don-vi/2018_10/logo-khoa-chinh-thuc.jpg'),(6,'Môi trường','','','','https://scontent.fsgn5-10.fna.fbcdn.net/v/t39.30808-6/275829638_4955397817880433_951304470045423097_n.jpg?_nc_cat=107&ccb=1-7&_nc_sid=09cbfe&_nc_ohc=ZZy4hiR1MYwAX8rxXp5&tn=fwO0IsZMeYqfLb60&_nc_ht=scontent.fsgn5-10.fna&oh=00_AT_S1p5QEynu65b8SoXq-6NYw3syZuAe0oXvNNWnGu52nQ&oe=62B3228A'),(7,'Sinh học - Công nghệ sinh học','','','','http://fbb.hcmus.edu.vn/vnt_upload/university/07_2016/thumbs/300_crop__BIOLOGY2_1.png'),(8,'Toán - Tin học','','','','https://www.math.hcmus.edu.vn/images/Logo-Math-CS.png'),(9,'Vật lý - Vật lý kỹ thuật','','','','https://phys.hcmus.edu.vn/assets/frontend/images/defaut_img.png'),(10,'Chương trình liên kết quốc tế ITEC','','','','');
/*!40000 ALTER TABLE `faculty` ENABLE KEYS */;
UNLOCK TABLES;

--
-- Table structure for table `image`
--

DROP TABLE IF EXISTS `image`;
/*!40101 SET @saved_cs_client     = @@character_set_client */;
/*!50503 SET character_set_client = utf8mb4 */;
CREATE TABLE `image` (
  `imageId` int unsigned NOT NULL AUTO_INCREMENT,
  `imagePath` text CHARACTER SET utf8mb4 COLLATE utf8mb4_unicode_ci NOT NULL,
  `imageType` varchar(20) CHARACTER SET utf8mb4 COLLATE utf8mb4_unicode_ci NOT NULL,
  `imageStartDate` timestamp NOT NULL,
  `imageEndDate` timestamp NOT NULL,
  `imageTypeOfTrainingId` varchar(5) CHARACTER SET utf8mb4 COLLATE utf8mb4_unicode_ci NOT NULL,
  `imageFacultyId` int unsigned NOT NULL,
  PRIMARY KEY (`imageId`),
  KEY `FK_Image_TypeOfTraining` (`imageTypeOfTrainingId`),
  KEY `FK_Image_Faculty` (`imageFacultyId`),
  CONSTRAINT `FK_Image_Faculty` FOREIGN KEY (`imageFacultyId`) REFERENCES `faculty` (`facultyId`),
  CONSTRAINT `FK_Image_TypeOfTraining` FOREIGN KEY (`imageTypeOfTrainingId`) REFERENCES `typeoftraining` (`typeOfTrainingId`)
) ENGINE=InnoDB AUTO_INCREMENT=162 DEFAULT CHARSET=utf8mb4 COLLATE=utf8mb4_unicode_ci;
/*!40101 SET character_set_client = @saved_cs_client */;

--
-- Dumping data for table `image`
--

LOCK TABLES `image` WRITE;
/*!40000 ALTER TABLE `image` DISABLE KEYS */;
INSERT INTO `image` VALUES (64,'https://sotaytuyensinh.vn//uploads/dai%20hoc%20khoa%20hoc%20tu%20nhien%20ha%20noi-min.jpg','image-banner','2019-10-09 17:36:41','2020-10-17 01:34:41','DH',0),(74,'https://www.ctdb.hcmus.edu.vn/wp-content/uploads/2017/04/H%E1%BB%8Dc-b%E1%BB%95ng-T%C3%A2n-sinh-vi%C3%AAn-1.jpg','image-banner','2022-06-01 22:29:33','2022-06-16 22:26:33','DH',0),(124,'https://www.ctdb.hcmus.edu.vn/wp-content/uploads/2017/04/H%E1%BB%8Dc-b%E1%BB%95ng-T%C3%A2n-sinh-vi%C3%AAn-1.jpg','image-school','2022-06-08 22:09:34','2022-06-08 22:09:34','DH',0),(144,'https://www.hcmus.edu.vn/images/2018/03/27/khtn---ho-hao-hon-25.3-2.jpg','image-school','2022-06-16 13:39:31','2022-06-16 13:39:31','DH',1),(145,'https://www.hcmus.edu.vn/images/2018/08/10/pht0.jpg','image-school','2022-06-16 13:40:37','2022-06-16 13:40:37','DH',1),(146,'https://www.hcmus.edu.vn/images/2020/10/20/1603019990934.jpeg','image-school','2022-06-16 13:42:03','2022-06-16 13:42:03','DH',0),(147,'https://sdh.hcmus.edu.vn/wp-content/uploads/2020/06/le-2-650x450.jpg','image-school','2022-06-16 13:42:20','2022-06-16 13:42:20','DH',1),(148,'https://encrypted-tbn0.gstatic.com/images?q=tbn:ANd9GcRRRs7zq7QZ7hYVn_zYEzpN1RfqkAbB1VGT1dIbPWYvGTu_uIX3hVjhH0-H6xbgIgDcV3g&usqp=CAU','image-school','2022-06-16 13:42:53','2022-06-16 13:42:53','DH',8),(149,'https://encrypted-tbn0.gstatic.com/images?q=tbn:ANd9GcQMTBMoGXZsSCYFe7704kJy-WNXIKJaw7oljjWWqe7BdNYb6NwzvRs9cSOiOFHj0x9cRN0&usqp=CAU','image-school','2022-06-16 13:43:25','2022-06-16 13:43:25','DH',8),(150,'https://firebasestorage.googleapis.com/v0/b/hcmus-admission.appspot.com/o/home-slider-4.webp?alt=media&token=8ac4eddc-90eb-4854-bfcc-cab431d30c70','image-slider','2022-06-18 09:32:24','2022-06-18 09:32:24','DH',0),(151,'https://firebasestorage.googleapis.com/v0/b/hcmus-admission.appspot.com/o/home-slider-2.webp?alt=media&token=39ec7bfb-c1cf-41a5-a7f7-7dbf00d619e9','image-slider','2022-06-18 09:35:34','2022-06-18 09:35:34','DH',0),(152,'https://firebasestorage.googleapis.com/v0/b/hcmus-admission.appspot.com/o/home-slider-6.webp?alt=media&token=9792a298-9407-4c46-89ca-9e9a6c98065b','image-slider','2022-06-18 09:36:24','2022-06-18 09:36:24','DH',0),(153,'https://firebasestorage.googleapis.com/v0/b/hcmus-admission.appspot.com/o/home-slider-5.webp?alt=media&token=ff71a135-ccf2-4863-bdf9-71313821e315','image-slider','2022-06-18 09:36:44','2022-06-18 09:36:44','DH',0),(154,'https://firebasestorage.googleapis.com/v0/b/hcmus-admission.appspot.com/o/graduate-slider-1.webp?alt=media&token=914445a3-b577-4193-9654-6cf40c3e04cc','image-slider','2022-06-18 09:36:54','2022-06-18 09:36:54','SDH',0),(155,'https://firebasestorage.googleapis.com/v0/b/hcmus-admission.appspot.com/o/graduate-slider-3.webp?alt=media&token=c557e1ac-2316-416b-a410-f3fb12c62028','image-slider','2022-06-18 09:37:30','2022-06-18 09:37:30','SDH',0),(156,'https://firebasestorage.googleapis.com/v0/b/hcmus-admission.appspot.com/o/graduate-slider-2.webp?alt=media&token=ea8e0b7b-c07d-4cf5-8ba8-84582c04073b','image-slider','2022-06-18 09:37:37','2022-06-18 09:37:37','SDH',0),(157,'https://firebasestorage.googleapis.com/v0/b/hcmus-admission.appspot.com/o/graduate-slider-4.webp?alt=media&token=a9602a02-9339-4eaa-8cbd-a698894e2ef5','image-slider','2022-06-18 09:38:13','2022-06-18 09:38:13','SDH',0),(158,'https://firebasestorage.googleapis.com/v0/b/hcmus-admission.appspot.com/o/distance-slider-2.webp?alt=media&token=5ec861de-c8b7-4929-bce6-4a98cf012a48','image-slider','2022-06-18 09:38:58','2022-06-18 09:38:58','TX',0),(159,'https://firebasestorage.googleapis.com/v0/b/hcmus-admission.appspot.com/o/distance-slider1.webp?alt=media&token=de108409-e4cd-4576-9c38-96d113f03bb5','image-slider','2022-06-18 09:39:26','2022-06-18 09:39:26','TX',0),(160,'https://firebasestorage.googleapis.com/v0/b/hcmus-admission.appspot.com/o/distance-slider-4.webp?alt=media&token=d67f59bc-11be-4a3d-b457-e8cdad5c0de8','image-slider','2022-06-18 09:39:40','2022-06-18 09:39:40','TX',0),(161,'https://firebasestorage.googleapis.com/v0/b/hcmus-admission.appspot.com/o/distance-slider-3.webp?alt=media&token=c9edc70b-ac49-445d-aa71-2def070d4631','image-slider','2022-06-18 09:39:59','2022-06-18 09:39:59','TX',0);
/*!40000 ALTER TABLE `image` ENABLE KEYS */;
UNLOCK TABLES;

--
-- Table structure for table `informationcandidate`
--

DROP TABLE IF EXISTS `informationcandidate`;
/*!40101 SET @saved_cs_client     = @@character_set_client */;
/*!50503 SET character_set_client = utf8mb4 */;
CREATE TABLE `informationcandidate` (
  `icIdentity` char(15) CHARACTER SET utf8mb4 COLLATE utf8mb4_unicode_ci NOT NULL,
  `icCandidateId` char(15) CHARACTER SET utf8mb4 COLLATE utf8mb4_unicode_ci NOT NULL,
  `icStudentId` char(15) CHARACTER SET utf8mb4 COLLATE utf8mb4_unicode_ci NOT NULL,
  `icName` varchar(100) CHARACTER SET utf8mb4 COLLATE utf8mb4_unicode_ci NOT NULL,
  PRIMARY KEY (`icIdentity`),
  UNIQUE KEY `IDX_d548d8c9ea65fd06e9e8d82a6f` (`icIdentity`),
  UNIQUE KEY `IDX_60b7482ad2593e1654c474c83b` (`icCandidateId`),
  UNIQUE KEY `IDX_baec867f0b764ce53842fffb39` (`icStudentId`)
) ENGINE=InnoDB DEFAULT CHARSET=utf8mb4 COLLATE=utf8mb4_unicode_ci;
/*!40101 SET character_set_client = @saved_cs_client */;

--
-- Dumping data for table `informationcandidate`
--

LOCK TABLES `informationcandidate` WRITE;
/*!40000 ALTER TABLE `informationcandidate` DISABLE KEYS */;
INSERT INTO `informationcandidate` VALUES ('111111111','D1111111','18120325','Phạm Anh Đức'),('222222222','D2222222','18120308','Nguyễn Tấn Đạt'),('333333333','D3333333','18120318','Lý Hán Đồng'),('444444444','D4444444','18120344','Nguyễn Trường Duy'),('555555555','D5555555','18120347','Ngô Hải Hà'),('666666666','D6666666','18120458','Phùng Quốc Lương');
/*!40000 ALTER TABLE `informationcandidate` ENABLE KEYS */;
UNLOCK TABLES;

--
-- Table structure for table `major`
--

DROP TABLE IF EXISTS `major`;
/*!40101 SET @saved_cs_client     = @@character_set_client */;
/*!50503 SET character_set_client = utf8mb4 */;
CREATE TABLE `major` (
  `majorId` char(20) CHARACTER SET utf8mb4 COLLATE utf8mb4_unicode_ci NOT NULL,
  `majorFaculty` int unsigned NOT NULL,
  `majorName` varchar(255) CHARACTER SET utf8mb4 COLLATE utf8mb4_unicode_ci NOT NULL,
  `majorIntroduction` text CHARACTER SET utf8mb4 COLLATE utf8mb4_unicode_ci NOT NULL,
  `majorImageName` text CHARACTER SET utf8mb4 COLLATE utf8mb4_unicode_ci NOT NULL,
  `majorTarget` int unsigned NOT NULL,
  `majorTypeProgram` char(15) CHARACTER SET utf8mb4 COLLATE utf8mb4_unicode_ci NOT NULL,
  `majorVideo` text CHARACTER SET utf8mb4 COLLATE utf8mb4_unicode_ci NOT NULL,
  `majorTuition` varchar(30) CHARACTER SET utf8mb4 COLLATE utf8mb4_unicode_ci NOT NULL,
  `majorAdmissionsInfo` text CHARACTER SET utf8mb4 COLLATE utf8mb4_unicode_ci NOT NULL,
  PRIMARY KEY (`majorId`),
  KEY `FK_Major_Faculty` (`majorFaculty`),
  KEY `FK_Major_TypeProgram` (`majorTypeProgram`),
  CONSTRAINT `FK_Major_Faculty` FOREIGN KEY (`majorFaculty`) REFERENCES `faculty` (`facultyId`),
  CONSTRAINT `FK_Major_TypeProgram` FOREIGN KEY (`majorTypeProgram`) REFERENCES `typeprogram` (`typeProgramId`)
) ENGINE=InnoDB DEFAULT CHARSET=utf8mb4 COLLATE=utf8mb4_unicode_ci;
/*!40101 SET character_set_client = @saved_cs_client */;

--
-- Dumping data for table `major`
--

LOCK TABLES `major` WRITE;
/*!40000 ALTER TABLE `major` DISABLE KEYS */;
INSERT INTO `major` VALUES ('7420101',7,'SINH HỌC','<h1>NG&Agrave;NH SINH HỌC</h1>\n<h2><strong>M&atilde; ng&agrave;nh tuyển sinh: 7420101</strong><br /><strong>M&atilde; ng&agrave;nh tuyển sinh tại PH ĐHQG-HCM(Bến Tre): 7420101_BT</strong></h2>\n<h2><strong>KHOA SINH HỌC - C&Ocirc;NG NGHỆ SINH HỌC: <a href=\"http://www.fbb.hcmus.edu.vn\">www.fbb.hcmus.edu.vn</a><br /></strong></h2>\n<p>Sinh vi&ecirc;n tốt nghiệp c&oacute; thể l&agrave;m việc tại c&aacute;c cơ quan Nh&agrave; nước, c&aacute;c trường ĐH, CĐ, viện nghi&ecirc;n cứu li&ecirc;n quan; c&aacute;c đơn vị sản xuất, kinh doanh c&oacute; li&ecirc;n quan đến y sinh học, dược; thực phẩm, mỹ phẩm; c&aacute;c c&ocirc;ng ty giống c&acirc;y trồng, nu&ocirc;i cấy m&ocirc; tế b&agrave;o, nu&ocirc;i dưỡng v&agrave; chọn tạo giống động-thực vật qu&yacute; hiếm; c&aacute;c cơ quan kiểm nghiệm, kiểm định chất lượng; c&ocirc;ng ty chế biến n&ocirc;ng sản, thủy sản; c&aacute;c bảo t&agrave;ng thực vật, động vật; khu bảo tồn thi&ecirc;n nhi&ecirc;n, vườn quốc gia; hoặc học Thạc sĩ, Tiến sĩ ở trong v&agrave; ngo&agrave;i nước.</p>\n<p><strong>Chương tr&igrave;nh đ&agrave;o tạo Cử nh&acirc;n Sinh học đ&atilde; đạt chuẩn kiểm định đ&aacute;nh gi&aacute; ngo&agrave;i theo chuẩn AUN-QA v&agrave;o năm 2017.</strong></p>\n<h2><strong>CƠ HỘI NGHỀ NGHIỆP</strong></h2>\n<p>Sinh vi&ecirc;n tốt nghiệp c&oacute; thể l&agrave;m việc tại c&aacute;c cơ quan Nh&agrave; nước,c&aacute;c trường ĐH,CĐ,viện nghi&ecirc;n cứu li&ecirc;n quan;c&aacute;c đơn vị sản xuất,kinh doanh c&oacute; li&ecirc;n quan đếny sinh học,dược;thực phẩm,mỹ phẩm;c&aacute;c c&ocirc;ng ty giống c&acirc;y trồng,nu&ocirc;i cấy m&ocirc; tế b&agrave;o,nu&ocirc;i dưỡng v&agrave; chọn tạo giống động-thực vật qu&yacute; hiếm;c&aacute;c cơ quan kiểm nghiệm,kiểm định chất lượng;c&ocirc;ng ty chế biến n&ocirc;ng sản,thủy sản; c&aacute;c bảo t&agrave;ng thực vật,động vật;khu bảo tồn thi&ecirc;n nhi&ecirc;n,vườn quốc gia;hoặc học Thạc sĩ,Tiến sĩ ở trong v&agrave; ngo&agrave;i nước.</p>\n<h2>CHUY&Ecirc;N NG&Agrave;NH Đ&Agrave;O TẠO</h2>\n<h3><strong>1. Di truyền - Sinh học ph&acirc;n tử</strong></h3>\n<p>C&aacute;c bạn từng nghe đến DNA, gene, nhiễm sắc thể, tế b&agrave;o,... nhưng chưa từng được thao t&aacute;c tr&ecirc;n c&aacute;c đối tượng n&agrave;y hoặc đ&atilde; từng nghe đến c&aacute;c thuật ngữ như c&ocirc;ng nghệ gene, x&eacute;t nghiệm di truyền, chẩn đo&aacute;n tiền sinh, cơ chế ph&aacute;t sinh ung thư, di truyền thực vật, tin sinh học, giải tr&igrave;nh tự thế hệ mới,... nhưng chưa r&otilde; đ&oacute; l&agrave; g&igrave;?</p>\n<p>Những thắc mắc tr&ecirc;n sẽ được t&igrave;m hiểu th&ocirc;ng qua c&aacute;c m&ocirc;n học của chuy&ecirc;n ng&agrave;nh Di truyền - Sinh học ph&acirc;n tử (DT-SHPT). Sinh vi&ecirc;n c&oacute; khả năng ứng dụng c&aacute;c kiến thức v&agrave; kỹ năng để nghi&ecirc;n cứu cơ chế g&acirc;y bệnh, x&acirc;y dựng c&aacute;c c&ocirc;ng cụ chẩn đo&aacute;n, nh&acirc;n bản gene, giải tr&igrave;nh tự gene, lai tạo, chọn giống mới, nh&acirc;n giống thực vật in vitro, ph&acirc;n t&iacute;ch nhiễm sắc thể,... Hiện nay, 75-80% sinh vi&ecirc;n tốt nghiệp từ chuy&ecirc;n ng&agrave;nh DT-SHPT c&oacute; việc l&agrave;m ở c&aacute;c vị tr&iacute; như nghi&ecirc;n cứu vi&ecirc;n, chuy&ecirc;n vi&ecirc;n x&eacute;t nghiệm, chuy&ecirc;n vi&ecirc;n chọn tạo giống c&acirc;y trồng, quản l&yacute; PTN,... hoặc học Thạc sĩ, Tiến sĩ ở trong v&agrave; ngo&agrave;i nước.</p>\n<p><strong>C&aacute;c hướng nghi&ecirc;n cứu cụ thể d&agrave;nh cho c&aacute;c bạn quan t&acirc;m đến DT-SHPT:</strong></p>\n<ul>\n<li>Nghi&ecirc;n cứu cơ chế g&acirc;y ung thư dạ d&agrave;y của vi khuẩn Helicobacter pylori</li>\n<li>X&acirc;y dựng c&aacute;c phương ph&aacute;p chẩn đo&aacute;n bệnh nhiễm,ung thư v&agrave; di truyền dựa tr&ecirc;n kỹ thuật sản xuất protein t&aacute;i tổ hợp,kh&aacute;ng thể đơn d&ograve;ng v&agrave; giải tr&igrave;nh tự thế hệ mới.</li>\n<li>Sử dụng c&aacute;c c&ocirc;ng cụ tin sinh học(Bioinformat ics)trong nghi&ecirc;n cứu bộ gene.</li>\n<li>X&acirc;y dựng c&aacute;c thử nghiệm nghi&ecirc;n cứu hoạt t&iacute;nh sinh học của hoạt chất.</li>\n<li>Nghi&ecirc;n cứu cơ chế kh&aacute;ng ung thư của b&agrave;i thuốc cổ truyền(d&acirc;n gian).</li>\n<li>Nghi&ecirc;n cứu nh&oacute;m vi khuẩn STEC v&agrave; ph&acirc;n lập nh&oacute;m vi khuẩn Streptomyces.</li>\n<li>Nh&acirc;n giống một số dược liệu v&agrave; c&acirc;y trồng qu&yacute; hiếm c&oacute; gi&aacute; trị kinh tế.</li>\n<li>Chọn tạo giống c&acirc;y đột biến kh&aacute;ng stress mỗi trường,biến di d&ograve;ng soma.</li>\n<li>Lập b&ocirc; Karyotype,theo d&otilde;i sự thay đổi bộ nhiễm sắc thể của m&ocirc; nu&ocirc;i cấy.</li>\n</ul>\n<p><strong>Cựu sinh vi&ecirc;n chuy&ecirc;n ng&agrave;nh DT-SHPT l&agrave;m việc tại:</strong> Bệnh viện Đại học Y dược, C&aacute;c ph&ograve;ng x&eacute;t nghiệm, C&ocirc;ng ty TNHH CNSH Khoa Thương, C&ocirc;ng ty TNHH Khoa học KTEST, C&ocirc;ng ty TNHH Khoa Học Hợp Nhất, C&ocirc;ng ty giống c&acirc;y trồng miền Nam, Trung t&acirc;m C&ocirc;ng nghệ Sinh học Tp.HCM,...</p>\n<h3><strong>2. Sinh h&oacute;a</strong></h3>\n<p>Sinh vi&ecirc;n theo học chuy&ecirc;n ng&agrave;nh Sinh h&oacute;a được trang bị c&aacute;c kiến thức v&agrave; kỹ năng li&ecirc;n quan đến sinh h&oacute;a thực phẩm; y học, m&ocirc;i trường v&agrave; n&ocirc;ng - l&acirc;m - ngư, cụ thể như sau:</p>\n<ul>\n<li><strong>Sinh h&oacute;a thực phẩm: </strong>Giới thiệu vai tr&ograve; v&agrave; ứng dụng của c&aacute;c hợp chất sinh học trong c&ocirc;ng nghiệp thực phẩm, ứng dụng trong chế biến, cải tiến v&agrave; ph&aacute;t triển sản phẩm thực phẩm; Ph&aacute;c thảo được quy tr&igrave;nh sản xuất cho một sản phẩm l&ecirc;n men (rượu, nước mắm, nước tương, nước tr&aacute;i c&acirc;y l&ecirc;n men ...), phương ph&aacute;p bảo quản thực phẩm, phương ph&aacute;p kiểm nghiệm thực phẩm; Lập được kế hoạch quản l&yacute; an to&agrave;n v&agrave; chất lượng thực phẩm</li>\n<li><strong>H&oacute;a Sinh y học:</strong> M&ocirc; tả được chức năng của c&aacute;c đại ph&acirc;n tử sinh học (protein, carbohydrate, lipid, nucleic acid) trong cơ thể, v&agrave; hiểu được cơ chế của c&aacute;c rối loạn chuyển ho&aacute; dẫn đến sự ph&aacute;t sinh bệnh l&yacute; v&agrave; li&ecirc;n hệ được c&aacute;c cơ chế điều trị; Hiểu được cơ chế c&aacute;c bệnh l&yacute; phổ biến như đ&aacute;i th&aacute;o đường, ung thư, xơ vữa động mạch, vi&ecirc;m ...; Giải th&iacute;ch được &yacute; nghĩa của c&aacute;c chỉ số sinh h&oacute;a, c&aacute;c dấu hiệu sinh học để chẩn đo&aacute;n bệnh l&acirc;m s&agrave;ng; Giới thiệu được kiến thức sinh h&oacute;a học trong nghi&ecirc;n cứu miễn dịch v&agrave; di truyền.</li>\n<li><strong>Sinh h&oacute;a M&ocirc;i trường - Nhi&ecirc;n liệu sinh học:</strong> Ph&acirc;n biệt c&aacute;c chất &ocirc; nhiễm m&ocirc;i trường; Giải th&iacute;ch được c&aacute;c cơ chế chuyển ho&aacute;, t&iacute;ch lũy v&agrave; đ&agrave;o thải chất &ocirc; nhiễm ở sinh vật; &Aacute;p dụng được c&aacute;c phương ph&aacute;p sinh h&oacute;a trong định t&iacute;nh v&agrave; định lượng chất &ocirc; nhiễm; Ph&acirc;n biệt được c&aacute;c nguồn nhi&ecirc;n liệu sinh học thay thế nhi&ecirc;n liệu h&oacute;a thạch trong tương lai; T&oacute;m tắt được xu hướng sản xuất nhi&ecirc;n liệu sinh học từ c&aacute;c nguồn chất thải; M&ocirc; tả được qui tr&igrave;nh v&agrave; c&ocirc;ng nghệ sản xuất một số dạng nhi&ecirc;n liệu sinh học.</li>\n<li><strong>Sinh h&oacute;a N&ocirc;ng - L&acirc;m - Ngư:</strong> Vai tr&ograve; của c&aacute;c chất dinh dưỡng đối với c&acirc;y trồng v&agrave; vật nu&ocirc;i, li&ecirc;n hệ kiến thức với việc sử dụng hiệu quả ph&acirc;n b&oacute;n cho c&acirc;y trồng v&agrave; thức ăn cho vật nu&ocirc;i; Ứng dụng c&aacute;c chế phẩm sinh học trong bảo vệ c&acirc;y trồng (pheromon, chitosan,...) v&agrave; vật nu&ocirc;i (probiotic, prebiotic,...) theo hướng an to&agrave;n cho con người v&agrave; th&acirc;n thiện m&ocirc;i trường; Cải tiến t&iacute;nh trạng ở c&acirc;y trồng v&agrave; vật nu&ocirc;i dựa tr&ecirc;n biến đổi di truyền li&ecirc;n quan đến c&aacute;c con đường chuyển h&oacute;a; Lựa chọn c&ocirc;ng nghệ sau thu hoạch cho sản phẩm n&ocirc;ng sản (rau, hoa, hạt, củ), s&uacute;c sản (thịt, trứng, sữa), thủy sản (c&aacute;, t&ocirc;m, nhuyễn thể).</li>\n</ul>\n<p><strong>C&aacute;c hướng nghi&ecirc;n cứu d&agrave;nh cho sinh vi&ecirc;n theo học chuy&ecirc;n ng&agrave;nh sinh h&oacute;a:</strong></p>\n<ul>\n<li>C&ocirc;ng nghệ enzyme (ứng dụng trong thực phẩm,<br />n&ocirc;ng nghiệp, m&ocirc;i trường v&agrave; y dược)</li>\n<li>C&aacute;c hợp chất c&oacute; hoạt t&iacute;nh sinh học</li>\n<li>Sinh khối v&agrave; năng lượng sinh học</li>\n<li>Chuyển h&oacute;a thứ cấp ở thực vật v&agrave; vi sinh vật</li>\n<li>Kỹ thuật y sinh học</li>\n</ul>\n<p><strong>Cựu sinh vi&ecirc;n chuy&ecirc;n ng&agrave;nh Sinh h&oacute;a l&agrave;m việc tại:</strong> C&ocirc;ng ty Rohto Việt Nam, Ajinomoto Việt Nam, Dutch Lady, C&ocirc;ng ty cổ phần tập đo&agrave;n Vinacontrol, Bệnh Viện Đại học Y Dược TP.HCM, Viện Pasteur TP.HCM, Khu N&ocirc;ng nghiệp C&ocirc;ng nghệ cao, Trung t&acirc;m C&ocirc;ng nghệ Sinh học TP.HCM)</p>\n<h3>3. Sinh l&yacute; thực vật</h3>\n<p>Chuy&ecirc;n ng&agrave;nh hướng đến đ&agrave;o tạo c&aacute;c cử nh&acirc;n vững về l&yacute; thuyết v&agrave; thực h&agrave;nh, c&oacute; khả năng giải quyết c&aacute;c vấn đề thực tế li&ecirc;n quan tới thực vật v&agrave; Sinh l&yacute; học thực vật. Trọng t&acirc;m v&agrave;o trang bị kiến thức về dinh<br />dưỡng v&agrave; ph&aacute;t triển thực vật, gi&uacute;p sinh vi&ecirc;n c&oacute; cơ sở khoa học vững v&agrave;ng để c&oacute; thể kiểm so&aacute;t hiệu quả c&aacute;c qu&aacute; tr&igrave;nh ph&aacute;t triển của thực vật, đặc biệt l&agrave; sự tăng trưởng, năng suất v&agrave; phẩm chất thực vật, khả năng chống chịu v&agrave; th&iacute;ch nghỉ của thực vật. C&aacute;c kiến thức n&agrave;y c&oacute; thể được ứng dụng trong sản xuất thực phẩm bền vững, bảo vệ m&ocirc;i trường, năng lượng v&agrave; chăm s&oacute;c sức khỏe.</p>\n<p><strong>Hướng nghi&ecirc;n cứu d&agrave;nh cho sinh vi&ecirc;n quan t&acirc;m đến chuy&ecirc;n ng&agrave;nh sinh l&yacute; thực vật</strong></p>\n<ul>\n<li>Dinh dưỡng thực vật:nghi&ecirc;n cứu khả năng hấp thu v&agrave; vận chuyển nước,dinh dưỡng kho&aacute;ng v&agrave; thủy canh,quang hợp v&agrave; h&ocirc; hấp,mối li&ecirc;n hệ source-sink, kiểm so&aacute;t dự trữ lipid trong hột v&agrave; củ ...</li>\n<li>Ph&aacute;t triển thực vật:nghi&ecirc;n cứu chất điều h&ograve;a tăng trưởng thực vật,sự ph&aacute;t sinh h&igrave;nh th&aacute;i(m&ocirc;,cơ quan v&agrave; ph&ocirc;i)v&agrave; vi nh&acirc;n giống,ph&aacute;t triển hoa,tr&aacute;i v&agrave; hột,tiềm sinh,l&atilde;o suy,nảy mầm,sinh l&yacute; stress,kiểm so&aacute;t cỏ dại, bệnh c&acirc;y,...</li>\n<li>Sinh l&yacute; tế b&agrave;o thực vật:&aacute;p dụng phương ph&aacute;p nu&ocirc;i cấy in vitro(m&ocirc;,cơ quan v&agrave; tế b&agrave;o)cho vi nh&acirc;n giống, cải thiện giống,thu nhận hợp chất biến dưỡng(hợp chất thứ cấp,dược chất từ c&aacute;c c&acirc;y dược liệu,...)</li>\n</ul>\n<p><strong>Cựu sinh vi&ecirc;n chuy&ecirc;n ng&agrave;nh Sinh l&yacute; Thực vật l&agrave;m việc tại: </strong>Đ&agrave; Lạt Hasfarm, Viện Sinh học Nhiệt Đới,...</p>\n<h3>4. Sinh học động vật</h3>\n<p>Chương tr&igrave;nh đ&agrave;o tạo c&aacute;c kiến thức v&agrave; năng lực chuy&ecirc;n s&acirc;u về sinh học động vật như c&ocirc;ng nghệ tế b&agrave;o, kỹ thuật hỗ trợ sinh sản, vật liệu y sinh, di truyền người, kỹ thuật nu&ocirc;i trồng thủy hải sản nhằm phục vụ cho c&ocirc;ng t&aacute;c giảng dạy, nghi&ecirc;n cứu, sản xuất, kinh doanh cũng như tiếp tục học c&aacute;c bậc cao hơn, cụ thể:</p>\n<ul>\n<li>Giải th&iacute;ch được một số hoạt động của người v&agrave;<br />động vật ở mức tế b&agrave;o v&agrave; ph&acirc;n tử</li>\n<li>&Aacute;p dụng được kiến thức về sinh học động vật trong c&aacute;c lĩnh vực: ph&ograve;ng v&agrave; trị bệnh, chăn nu&ocirc;i v&agrave; bảo tồn, dự đo&aacute;n t&aacute;c động của vật liệu sinh học, thực phẩm chức năng...</li>\n<li>Li&ecirc;n hệ v&agrave;o thực tế c&aacute;c vấn đề sinh học hiện đại: điều trị ung thư, động vật chuyển gen, c&ocirc;ng nghệ tế b&agrave;o gốc, c&ocirc;ng nghệ hỗ trợ sinh sản...</li>\n<li>Được hướng dẫn c&aacute;ch vận h&agrave;nh v&agrave; bảo quản c&aacute;c trang thiết bị: chuồng chuột sạch, hệ thống g&acirc;y m&ecirc; động vật...</li>\n<li>Thiết kế, ph&acirc;n t&iacute;ch v&agrave; đ&aacute;nh gi&aacute; được kết quả của một số th&iacute; nghiệm: ph&acirc;n lập, nu&ocirc;i cấy tế b&agrave;o, tạo m&ocirc; h&igrave;nh động vật bệnh l&iacute;, đ&aacute;nh gi&aacute; t&aacute;c động vật liệu l&ecirc;n tế b&agrave;o, IVF, Karyotype...</li>\n</ul>\n<p><strong>C&aacute;c hướng nghi&ecirc;n cứu d&agrave;nh cho sinh vi&ecirc;n theo học chuy&ecirc;n ng&agrave;nh Sinh học Động vật:</strong></p>\n<ul>\n<li>C&ocirc;ng nghệ tế b&agrave;o người v&agrave; động vật.</li>\n<li>Tạo động vật m&ocirc; h&igrave;nh cho nghi&ecirc;n cứu.</li>\n<li>Hỗ trợ sinh sản.</li>\n<li>Tế b&agrave;o gốc:Ứng dụng TBG trong t&aacute;i tạo m&ocirc;.</li>\n<li>Thủy sản:Chế tạo thức ăn từ tảo cho thủy sản;<br />Điều trị một số bệnh tr&ecirc;n t&ocirc;m bằng dược liệu.</li>\n<li>Di truyền: X&aacute;c định c&aacute;c yếu tố di truyền g&acirc;y bệnh<br />ung thư; Ph&aacute;t triển c&aacute;c bộ kit chẩn đo&aacute;n ph&acirc;n tử.</li>\n</ul>\n<p><strong>Cựu sinh vi&ecirc;n chuy&ecirc;n ng&agrave;nh Sinh học Động vật l&agrave;m việc tại:</strong> Bệnh viện Từ Dũ, Bệnh viện Truyền m&aacute;u-Huyết học Tp.HCM, Viện h&agrave;n l&acirc;m Khoa học v&agrave; C&ocirc;ng nghệ Việt Nam, Trung t&acirc;m C&ocirc;ng nghệ Sinh học, C&ocirc;ng ty Nanogen, C&ocirc;ng ty United Health-CaFe,....</p>\n<h3><strong>5. Sinh th&aacute;i &amp; T&agrave;i nguy&ecirc;n sinh vật</strong></h3>\n<p>Sinh vi&ecirc;n được trang bị c&aacute;c kiến thức li&ecirc;n quan đến Khoa học cơ bản về Thực vật, Động vật, Sinh th&aacute;i v&agrave; M&ocirc;i trường; đồng thời được cung cấp c&aacute;c kiến thức chuy&ecirc;n ng&agrave;nh v&agrave; li&ecirc;n ng&agrave;nh, kỹ năng để giải quyết c&aacute;c y&ecirc;u cầu thực tế hiện nay với c&aacute;c vấn đề bảo tồn đa dạng sinh học; sinh th&aacute;i học: cấu tr&uacute;c v&agrave; chức năng, qu&aacute; tr&igrave;nh tiến h&oacute;a v&agrave; vai tr&ograve; của c&aacute;c hệ sinh th&aacute;i - m&ocirc;i trường thi&ecirc;n nhi&ecirc;n để c&oacute; thể bảo vệ v&agrave; sử dụng t&agrave;i nguy&ecirc;n thi&ecirc;n nhi&ecirc;n một c&aacute;ch bền vững</p>\n<p><strong>Hướng nghi&ecirc;n cứu nổi bật:</strong></p>\n<ul>\n<li>Đa dạng sinh học động thực vật,t&agrave;i nguy&ecirc;n sinh vật v&agrave; bảo tồn t&agrave;i nguy&ecirc;n thi&ecirc;n nhi&ecirc;n.</li>\n<li>Hệ sinh th&aacute;i đất ngập nước,hệ sinh th&aacute;i rừng v&agrave; c&aacute;c v&ugrave;ng kh&ocirc; hạn.</li>\n<li>Sinh th&aacute;i quần thể,quần x&atilde; v&agrave; phả hệ sinh.</li>\n<li>Sinh th&aacute;i v&agrave; quản l&yacute; c&aacute;c lo&agrave;i ngoại lai x&acirc;m hại.</li>\n<li>Ảnh hưởng của biến đổi kh&iacute; hậu đến hệ sinh th&aacute;i</li>\n<li>&Ocirc;nhiễm m&ocirc;i trường,ch&iacute;nh s&aacute;ch t&agrave;i nguy&ecirc;n m&ocirc;i trường v&agrave; quản trị t&agrave;i nguy&ecirc;n tự nhi&ecirc;n.</li>\n<li>Ứng dụng sinh học ph&acirc;n tử trong nghi&ecirc;n cứu đa dạng nguồn gen,tiến h&oacute;a,sinh th&aacute;i v&agrave; m&ocirc;i trường.</li>\n</ul>\n<p><strong>Cựu sinh vi&ecirc;n chuy&ecirc;n ng&agrave;nh Sinh th&aacute;i &amp; T&agrave;i nguy&ecirc;n Sinh vật l&agrave;m việc tại: </strong>Thảo Cầm Vi&ecirc;n S&agrave;i G&ograve;n, Viện Sinh th&aacute;i học miền nam, C&aacute;c vườn quốc gia, Tổ chức bảo tồn thi&ecirc;n nhi&ecirc;n quốc tế IUCN, tổ<br />chức bảo vệ động vật hoang d&atilde; WAR, Hiệp hội bảo tồn động vật hoang d&atilde; WCS,...</p>\n<h3>6. Vi Sinh</h3>\n<p>Chương tr&igrave;nh đ&agrave;o tạo của chuy&ecirc;n ng&agrave;nh hướng đến cung cấp cho sinh vi&ecirc;n c&aacute;c kiến thức cơ bản về vi sinh vật (cấu tr&uacute;c, chức năng, sinh trưởng, ph&aacute;t triển, chuyển h&oacute;a vật chất, di truyền đa dạng vi sinh vật,...) v&agrave; tiềm năng ứng dụng của vi sinh vật phục vụ trong n&ocirc;ng nghiệp, c&ocirc;ng nghiệp, y dược, xử l&yacute; m&ocirc;i trường,...</p>\n<p><strong>C&aacute;c hướng nghi&ecirc;n cứu</strong></p>\n<ul>\n<li>C&ocirc;ng nghệ sinh học Bacillus:biểu hiện,tinh chế protein,ph&aacute;t triển vector biểu hiện cho Bacillus, ph&aacute;t triển vector&ldquo;microbiobot&rdquo;.</li>\n<li>Nấm mốc c&oacute; lợi ứng dụng trong n&ocirc;ng nghiệp:sử dụng nấm mốc(Trichoderma)đối kh&aacute;ng với nấm bệnh ứng dụng trong n&ocirc;ng nghiệp;nấm k&yacute; sinh tr&ecirc;n c&ocirc;n tr&ugrave;ng:Metarhizium anisopliae,Cordyceps spp.,Isaria,Bauveria,Paecilomyces,...;xạ khuẩn ph&acirc;n giải cellulose.</li>\n<li>Vi khuẩn acetic:Thu thập vi khuẩn v&agrave; nghi&ecirc;n cứu hệ thống học vi khuẩn th&ocirc;ng qua đối tượng vi khuẩn acetic ứng dụng trong n&ocirc;ng nghiệp,chế biến thực phẩm v&agrave; c&ocirc;ng nghiệp</li>\n<li>Nấm lớn:Thu thập v&agrave; định danh c&aacute;c lo&agrave;i nấm c&aacute;c lo&agrave;i nấm c&oacute; trong tự nhi&ecirc;n;Nu&ocirc;i trồng c&aacute;c lo&agrave;i nấm ăn v&agrave; nấm dược liệu như nấm B&agrave;o như,Đ&ugrave;i g&agrave;,Linh chi,...;T&aacute;ch chiết c&aacute;c hợp chất c&oacute; t&aacute;c dụng sinh học<br />trong nấm lớn.</li>\n<li>Vi tảo:Thu thập,nu&ocirc;i cấy,nghi&ecirc;n cứu đặc điểm sinh l&yacute; vi tảo,nghi&ecirc;n cứu tiềm năng ứng dụng của tảo trong xử l&yacute; m&ocirc;i trường,trong nu&ocirc;i trồng thủy sản,trong thực phẩm v&agrave; dược phẩm.</li>\n<li>L&ecirc;n men rượu tr&aacute;i c&acirc;y:Nghi&ecirc;n cứu l&ecirc;n men một số tr&aacute;i c&acirc;y như rượu(đặc biệt vang nho);nghi&ecirc;n cứu, sản xuất c&acirc;y giống nu&ocirc;i cấy m&ocirc; sạch bệnh.</li>\n</ul>\n<p><strong>Cựu sinh vi&ecirc;n chuy&ecirc;n ng&agrave;nh Vị Sinh l&agrave;m việc tại: </strong>C&ocirc;ng ty c&aacute;c c&ocirc;ng ty thực phẩm, c&ocirc;ng ty sản xuất ph&acirc;n b&oacute;n, c&aacute;c Trung t&acirc;m ph&acirc;n t&iacute;ch kiểm nghiệm, c&aacute;c viện nghi&ecirc;n cứu như viện Pasteur, viện Sinh học Nhiệt đới, viện vaccine Nha Trang,...</p>\n<p>&nbsp;</p>\n<div class=\"ddict_btn\" style=\"top: 1390px; left: 331.236px;\"><img src=\"chrome-extension://bpggmmljdiliancllaapiggllnkbjocb/logo/48.png\" /></div>\n<div class=\"ddict_btn\" style=\"top: 338px; left: 605.472px;\"><img src=\"chrome-extension://bpggmmljdiliancllaapiggllnkbjocb/logo/48.png\" /></div>','https://tuyensinh.hcmus.edu.vn/images/2017/05/16/ngnh-hc-sh.png',260,'CQ','','1.170.000 đồng/tháng','<p>M&ocirc; tả ng&agrave;nh</p>'),('7420101_CLC',7,'CHẤT LƯỢNG CAO NGÀNH SINH HỌC','','https://tuyensinh.hcmus.edu.vn/images/2020/06/20/sh_clc.png',40,'CLC','','40.000.000 đồng/năm',''),('7420201',7,'CÔNG NGHỆ SINH HỌC','<h1>NG&Agrave;NH C&Ocirc;NG NGHỆ SINH HỌC</h1>\n<h2>M&atilde; ng&agrave;nh tuyển sinh: 7420201</h2>\n<h2>KHOA SINH HỌC - C&Ocirc;NG NGHỆ SINH HỌC: <a href=\"http://www.fbb.hcmus.edu.vn\">www.fbb.hcmus.edu.vn</a></h2>\n<p><span style=\"font-weight: 400;\">C&ocirc;ng nghệ Sinh học (Biotechnology) l&agrave; ng&agrave;nh học C&oacute; sự kết hợp giữa C&ocirc;ng nghệ hiện đại v&agrave; Sinh học nhằm tạo ra c&aacute;c sản phẩm được ứng dụng nhiều lĩnh vực như Y dược, N&ocirc;ng nghiệp, C&ocirc;ng nghiệp..., gi&uacute;p triển khai ứng dụng tr&ecirc;n c&aacute;c đối tượng sinh học để tạo ra c&aacute;c sản phẩm, trang bị kiến thức về c&aacute;c kỹ thuật, C&ocirc;ng nghệ như kỹ thuật gene, C&ocirc;ng nghệ tế b&agrave;o gốc, C&ocirc;ng nghệ l&ecirc;n men, c&ocirc;ng nghệ thực vật, quy tr&igrave;nh thiết bị chuyển giao c&ocirc;ng nghệ v&agrave; sở hữu tr&iacute; tuệ,...</span></p>\n<h2><strong>CƠ HỘI NGHỀ NGHIỆP</strong></h2>\n<ul>\n<li><strong><span style=\"font-weight: 400;\">Nghi&ecirc;n cứu tại c&aacute;c trường, viện, trung t&acirc;m, c&ocirc;ng ty trong lĩnh vực Sinh học, CNSH,Y dược.</span></strong></li>\n<li><strong><span style=\"font-weight: 400;\">Nh&acirc;n vi&ecirc;n kỹ thuật, kiểm so&aacute;t v&agrave; đảm bảo chất lượng sản phẩm (QC&amp;QA), nh&acirc;n vi&ecirc;n sản xuất tại c&aacute;c c&ocirc;ng ty thực phẩm, c&ocirc;ng ty dược phẩm, viện kiểm nghiệm, bệnh viện.</span></strong></li>\n<li><strong><span style=\"font-weight: 400;\">Nh&acirc;n vi&ecirc;n kinh doanh/b&aacute;n h&agrave;ng/ marketing tại c&aacute;c đơn vị cung ứng m&aacute;y m&oacute;c, thiết bị, h&oacute;a chất v&agrave; sản phẩm cho lĩnh vực Sinh học, C&ocirc;ng nghệ Sinh học, Y tế. </span></strong></li>\n<li><strong><span style=\"font-weight: 400;\">Giảng dạy v&agrave; học tập ở c&aacute;c bậc học cao hơn (ThS/TS) trong v&agrave; ngo&agrave;i nước.</span></strong></li>\n</ul>\n<h2><strong>CHUY&Ecirc;N NG&Agrave;NH Đ&Agrave;O TẠO</strong></h2>\n<h3><strong>1. C&ocirc;ng nghệ Sinh học N&ocirc;ng nghiệp</strong></h3>\n<p><strong><span style=\"font-weight: 400;\">Chương tr&igrave;nh đ&agrave;o tạo nhằm mục đ&iacute;ch trang bị c&aacute;c kiến thức v&agrave; kỹ năng cần thiết cho nguồn nh&acirc;n lực ph&aacute;t triển lĩnh vực n&ocirc;ng nghiệp li&ecirc;n quan đến cải thiện năng suất c&acirc;y trồng, th&iacute;ch nghi với biến đổi kh&iacute; hậu, kh&aacute;ng s&acirc;u bệnh, tăng năng suất thu nhận hoạt chất, cải thiện quy tr&igrave;nh nu&ocirc;i trồng, bảo quản giống; khai th&aacute;c v&agrave; tận dụng hiệu quả nguồn t&agrave;i nguy&ecirc;n qu&yacute; gi&aacute; từ c&acirc;y trồng tại Việt Nam. Đồng thời, người học được trang bị c&aacute;c kỹ thuật vi nh&acirc;n giống, di truyền chọn giống thực vật, sinh l&yacute; - sinh h&oacute;a thực vật, bảo quản n&ocirc;ng sản, tương t&aacute;c thực vật, sinh học ph&acirc;n tử thực vật, bệnh l&yacute; thực vật,...C&oacute; khả năng &aacute;p dụng v&agrave; ph&aacute;t triển nền n&ocirc;ng nghiệp c&ocirc;ng nghệ cao.</span></strong></p>\n<p><strong><span style=\"font-weight: 400;\"><strong>Hướng nghi&ecirc;n cứu sinh vi&ecirc;n c&oacute; thể quan t&acirc;m:</strong> Vi nh&acirc;n giống (Tissue culture); Sinh học ph&acirc;n tử thực vật (Plant molecular biology); Sinh h&oacute;a học thực vật (trong m&ocirc;i trường, bảo quản, mỹ phẩm, sản xuất dược liệu v&agrave; thực phẩm chức năng) (Plant Biochemistry in Environment, Cryopreservation, Cosmetics, Production of Herbal medicine and Functional food); Bệnh học thực vật (Plant pathology); Tương t&aacute;c thực vật (Plant interaction); C&aacute;c ứng dụng trong nu&ocirc;i trồng vi tảo (Study on applications of microalgae); Hợp chất c&oacute; hoạt t&iacute;nh sinh học (Biological activities of natural products).</span></strong></p>\n<p><strong><span style=\"font-weight: 400;\"><strong>Cựu sinh vi&ecirc;n chuy&ecirc;n ng&agrave;nh CNSH NN l&agrave;m việc tại:</strong> Dalat hasfarm, Nanogen, Vissan, Trường Quốc tế Anh Việt, C&ocirc;ng ty Nấm linh chi Tr&uacute;c Quy&ecirc;n, C&ocirc;ng ty Cổ phần Wakamono......</span></strong></p>\n<h3><strong>2. C&ocirc;ng nghệ Sinh học C&ocirc;ng nghiệp</strong></h3>\n<p><strong><span style=\"font-weight: 400;\">Người học được cung cấp c&aacute;c kiến thức tổng qu&aacute;t về nghi&ecirc;n cứu v&agrave; sản xuất ở quy m&ocirc; c&ocirc;ng nghiệp, ứng dụng CNSH để n&acirc;ng cao năng suất sản xuất, tối ưu ho&aacute; quy tr&igrave;nh, s&agrave;ng lọc v&agrave; t&igrave;m kiếm c&aacute;c chủng/enzyme mới đ&aacute;p ứng cho y&ecirc;u cầu sản xuất c&ocirc;ng nghiệp; nghi&ecirc;n cứu sự chuyển h&oacute;a sinh học v&agrave; c&aacute;c sản phẩm trao đổi chất.</span></strong></p>\n<p><strong><span style=\"font-weight: 400;\"><strong>C&aacute;c hướng nghi&ecirc;n cứu:</strong> Nghi&ecirc;n cứu biểu hiện v&agrave; sản xuất protein t&aacute;i tổ hợp ứng dụng cho dược phẩm, mỹ phẩm v&agrave; vaccin; Nghi&ecirc;n cứu ứng dụng c&ocirc;ng nghệ bề mặt tế b&agrave;o nấm men để tạo thực phẩm chức năng, gi&aacute; thể vắc xin, chuyển ho&aacute; sinh học ứng dụng trong m&ocirc;i trường n&ocirc;ng nghiệp v&agrave; bảo quản thực phẩm; Nghi&ecirc;n cứu sản xuất c&aacute;c hợp chất c&oacute; hoạt t&iacute;nh sinh học cao từ nguồn nguy&ecirc;n liệu phế thải; Nghi&ecirc;n cứu sản xuất c&aacute;c bộ kit ph&aacute;t | hiện vi sinh vật g&acirc;y bệnh trong thực phẩm; S&agrave;ng lọc c&aacute;c hợp chất tự nhi&ecirc;n c&oacute; hoạt t&iacute;nh sinh học.</span></strong></p>\n<p><strong><span style=\"font-weight: 400;\"><strong>Cựu sinh vi&ecirc;n chuy&ecirc;n ng&agrave;nh CNSH CN l&agrave;m việc tại:</strong> Trung t&acirc;m C&ocirc;ng nghệ Sinh học, c&ocirc;ng ty Bia S&agrave;i G&ograve;n, Heniken, C&ocirc;ng ty Ajinomoto Việt Nam, C&aacute;c c&ocirc;ng ty thực phẩm, dược phẩm, mỹ phẩm, Trung t&acirc;m kỹ thuật ti&ecirc;u chuẩn đo lường chất lượng 3 (QUATEST 3),...</span></strong></p>\n<h3><strong>3. C&ocirc;ng nghệ Sinh học Y dược</strong></h3>\n<p><strong><span style=\"font-weight: 400;\">Cung cấp kiến thức tổng qu&aacute;t về Y Dược học, c&aacute;c kỹ thuật SHPT ứng dụng trong chẩn đo&aacute;n bệnh người, c&ocirc;ng nghệ vật liệu mới sử dụng trong điều trị, trong nghi&ecirc;n cứu Cơ chế bệnh, cơ chế lan truyền bệnh v&agrave; nghi&ecirc;n cứu ph&aacute;t triển thuốc điều trị bệnh. Đồng thời trang bị cho sinh vi&ecirc;n c&aacute;c kiến thức - kỹ thuật ti&ecirc;n tiến về c&ocirc;ng nghệ sinh học ph&acirc;n tử như: kỹ thuật thao t&aacute;c tr&ecirc;n gene, C&ocirc;ng nghệ sản xuất protein t&aacute;i tổ hợp, vi sinh ph&acirc;n tử, c&ocirc;ng nghệ vi sinh, v&agrave; c&aacute;c kiến thức - kỹ thuật phục vụ cho việc ứng dụng, ph&aacute;t triển C&ocirc;ng nghệ sinh học trong c&ocirc;ng nghiệp thực phẩm, dược phẩm, y tế, v&agrave; m&ocirc;i trường.</span></strong></p>\n<p><span style=\"font-weight: 400;\"><strong>Một số chủ đề nghi&ecirc;n cứu:</strong> Sản xuất protein t&aacute;i tổ hợp ứng dụng trong bảo quản thực phẩm, mỹ phẩm v&agrave; dược phẩm; C&ocirc;ng nghệ bề mặt tế b&agrave;o ứng dụng trong chăn nu&ocirc;i, thuỷ sản; Nghi&ecirc;n cứu Cơ chế ph&acirc;n tử bệnh tho&aacute;i ho&aacute; thần kinh, ung thư v&agrave; l&atilde;o ho&aacute; tr&ecirc;n người; Nghi&ecirc;n cứu ph&aacute;t triển v&agrave; ứng dụng m&ocirc; h&igrave;nh s&agrave;ng lọc thuốc điều trị bệnh tho&aacute;i ho&aacute; thần kinh, ung thư, tiểu đường; Nghi&ecirc;n cứu ph&aacute;t triển c&aacute;c sản phẩm phục vụ nghi&ecirc;n cứu sinh học ph&acirc;n tử; C&ocirc;ng nghệ nano y dược; Vaccine v&agrave; thuốc nhắm tr&uacute;ng đ&iacute;ch; Ứng dụng chất nhầy từ thực vật l&agrave;m thực phẩm chức năng; Nghi&ecirc;n cứu c&aacute;c hợp chất tự nhi&ecirc;n c&oacute; hoạt t&iacute;nh sinh học C&ocirc;ng nghệ tế b&agrave;o gốc; C&ocirc;ng nghệ hỗ trợ sinh sản.</span></p>\n<p><span style=\"font-weight: 400;\"><strong>Cựu sinh vi&ecirc;n chuy&ecirc;n ng&agrave;nh CNSH YD l&agrave;m việc tại: </strong>Trung t&acirc;m C&ocirc;ng nghệ Sinh học, Viện Tế b&agrave;o gốc, c&aacute;c bệnh viện, c&ocirc;ng ty dược phẩm, thực phẩm, mỹ phẩm, C&ocirc;ng ty ROCHE, BCE,.</span></p>\n<h3><strong>4. Vật liệu Y sinh</strong></h3>\n<p><span style=\"font-weight: 400;\">Đ&agrave;o tạo c&aacute;c cử nh&acirc;n khoa học về c&ocirc;ng nghệ sinh học C&oacute; kiến thức v&agrave; năng lực chuy&ecirc;n s&acirc;u từ x&acirc;y dựng &yacute; tưởng cho đến thử nghiệm vật liệu sinh học tr&ecirc;n l&acirc;m s&agrave;ng, nhằm phục vụ cho C&ocirc;ng t&aacute;c giảng dạy, nghi&ecirc;n cứu, ứng dụng, kinh doanh cũng như tiếp tục học c&aacute;c bậc cao hơn trong v&agrave; ngo&agrave;i nước. Ngo&agrave;i ra, người học c&ograve;n c&oacute; khả năng thực hiện th&agrave;nh thạo c&aacute;c kĩ thuật li&ecirc;n quan đến lĩnh vực nghi&ecirc;n cứu (chế tạo v&agrave; đ&aacute;nh gi&aacute; vật liệu sinh học, ph&acirc;n lập nu&ocirc;i cấy tế b&agrave;o, sinh học ph&acirc;n tử...); được tiếp cận c&aacute;c thiết bị đặc trưng của lĩnh vực nghi&ecirc;n cứu (bioreactor, m&aacute;y in 3D,...); nắm bắt được xu </span><span style=\"font-weight: 400;\">hướng ph&aacute;t triển v&agrave; thị trường kinh doanh của vật liệu sinh học.</span></p>\n<p><span style=\"font-weight: 400;\"><strong>Hướng nghi&ecirc;n cứu:</strong> Kỹ nghệ t&aacute;i tạo m&ocirc; da, răng, mỡ, xương, sụn, nội mạc tử cung; Kỹ nghệ m&ocirc; ung thư; Chế tạo m&agrave;ng trị bỏng từ vật liệu tự nhi&ecirc;n (tơ tằm, m&agrave;ng ối...); Chế tạo </span><span style=\"font-weight: 400;\">miếng v&aacute; mạch m&aacute;u từ m&agrave;ng tim heo, b&ograve;; Hệ thống ph&acirc;n phối thuốc (kh&aacute;ng sinh, insulin...); Vật liệu nano; Vật liệu sinh học trong hỗ trợ sinh sản.</span></p>\n<p><strong>Cựu sinh vi&ecirc;n chuy&ecirc;n ng&agrave;nh VLYS l&agrave;m việc tại:<em> </em></strong>Bệnh viện Từ Dũ, Bệnh viện Truyền <span style=\"font-weight: 400;\">m&aacute;u-Huyết học Tp.HCM, Viện h&agrave;n l&acirc;m Khoa | học v&agrave; C&ocirc;ng nghệ Việt Nam, Trung t&acirc;m C&ocirc;ng nghệ Sinh học, C&ocirc;ng ty Nanogen, C&ocirc;ng ty United Healthcare,...</span></p>','https://tuyensinh.hcmus.edu.vn/images/2017/05/16/ngnh-hc-cnsh.png',200,'CQ','','1.170.000 đồng/tháng',''),('7420201_CLC',7,'CHẤT LƯỢNG CAO NGÀNH CÔNG NGHỆ SINH HỌC','<h1><strong>CHƯƠNG TR&Igrave;NH CHẤT LƯỢNG CAO NG&Agrave;NH C&Ocirc;NG NGHỆ SINH HỌC</strong></h1>\n<h2><strong>M&atilde; ng&agrave;nh tuyển sinh: 7420201_CLC</strong></h2>\n<h2><strong>KHOA SINH HỌC - C&Ocirc;NG NGHỆ SINH HỌC: <a href=\"http://www.fbb.hcmus.edu.vn\">www.fbb.hcmus.edu.vn&nbsp;</a></strong></h2>\n<p><strong><span style=\"font-weight: 400;\">Chương tr&igrave;nh Cử nh&acirc;n C&ocirc;ng nghệ Sinh học. Chất lượng cao được x&acirc;y dựng nhằm đ&agrave;o tạo sinh vi&ecirc;n đạt ti&ecirc;u chuẩn chất lượng tương đương với c&aacute;c đại học ti&ecirc;n tiến trong khu vực. Chương tr&igrave;nh giảng dạy gồm nhiều m&ocirc;n học định hướng nhu cầu x&atilde; hội v&agrave; xu hướng thế giới, trong đ&oacute; 50-60% số t&iacute;n chỉ học bằng tiếng Anh. B&ecirc;n cạnh đ&oacute;, sinh vi&ecirc;n được trải qua kho&aacute; thực tập trải nghiệm thực tế tại c&aacute;c c&ocirc;ng ty, đơn vị hoạt động trong lĩnh vực </span></strong><span style=\"font-weight: 400;\">C&ocirc;ng nghệ Sinh học.</span></p>\n<p><span style=\"font-weight: 400;\">Từ đ&oacute;, sinh vi&ecirc;n được trang bị nhiều kiến thức v&agrave; kỹ năng với tr&igrave;nh độ chuy&ecirc;n m&ocirc;n vững v&agrave;ng, kỹ năng thực h&agrave;nh th&agrave;nh thạo, khả năng nghi&ecirc;n cứu khoa học, năng lực s&aacute;ng tạo cao, &aacute;p dụng th&agrave;nh quả nghi&ecirc;n cứu v&agrave;o thực tiễn, ph&acirc;n t&iacute;ch, giải quyết c&aacute;c vấn đề thực tiễn, cạnh tranh, tự tin trong giao tiếp, sử dụng ngoại ngữ chuy&ecirc;n m&ocirc;n th&agrave;nh thạo v&agrave; th&iacute;ch nghi tốt với m&ocirc;i trường l&agrave;m việc trong nước cũng như quốc tế.</span></p>\n<h3><span style=\"font-weight: 400;\"><strong>ĐIỂM ĐẶC BIỆT CỦA CHƯƠNG TR&Igrave;NH</strong> </span></h3>\n<ul>\n<li><span style=\"font-weight: 400;\">Học tập tại một ng&ocirc;i trường c&oacute; uy t&iacute;n. </span></li>\n<li><span style=\"font-weight: 400;\">Đội ngũ c&aacute;n bộ gi&agrave;u kinh nghiệm: 34 Gi&aacute;o sư, Ph&oacute; Gi&aacute;o sư, Tiến sĩ dạy c&aacute;c học phần l&yacute; thuyết, 21 Thạc sĩ giảng dạy thực tập v&agrave; trợ giảng. </span></li>\n<li><span style=\"font-weight: 400;\">Cơ sở vật chất hiện đại. </span></li>\n<li><span style=\"font-weight: 400;\">Quy m&ocirc; lớp học nhỏ: 50 sinh vi&ecirc;n/lớp. </span></li>\n<li><span style=\"font-weight: 400;\">C&oacute; cơ hội nhận học bổng khuyến học. </span></li>\n<li><span style=\"font-weight: 400;\">C&oacute; cơ hội được tham gia c&aacute;c hoạt động trao đổi sinh vi&ecirc;n, tư vấn hướng nghiệp - tuyển dụng từ c&aacute;c đơn vị hợp t&aacute;c với khoa Sinh học - C&ocirc;ng nghệ Sinh học.</span></li>\n</ul>','https://tuyensinh.hcmus.edu.vn/images/2018/01/25/cnsh_clc.png',100,'CLC','','40.000.000 đồng /năm',''),('7440102',9,'VẬT LÝ HỌC','<h1><strong>NG&Agrave;NH VẬT L&Yacute; HỌC</strong></h1>\n<h2><strong>M&atilde; ng&agrave;nh tuyển sinh: 7440102</strong></h2>\n<h2><strong>KHOA VẬT L&Yacute; - VẬT L&Yacute; KỸ THUẬT: <a href=\"http://www.phys.hcmus.edu.vn\">www.phys.hcmus.edu.vn</a></strong></h2>\n<p><strong><span style=\"font-weight: 400;\">Đ&agrave;o tạo cử nh&acirc;n c&oacute; tr&igrave;nh độ chuy&ecirc;n m&ocirc;n cao về l&yacute; thuyết v&agrave; thực nghiệm vật l&yacute; cũng như vật l&yacute; kỹ thuật, ứng dụng ch&uacute;ng trong nghi&ecirc;n cứu, giảng dạy, sản xuất kinh doanh v&agrave; c&aacute;c lĩnh vực kh&aacute;c. Cử nh&acirc;n vật l&yacute; học c&oacute; khả năng nghi&ecirc;n cứu v&agrave; giải quyết trọn vẹn c&aacute;c vấn đề về vật l&yacute; &ndash; kỹ thuật, c&aacute;c hiện tượng li&ecirc;n quan đến m&ocirc;i trường tự nhi&ecirc;n v&agrave; m&ocirc;i trường Sống; ứng dụng những kiến thức vật l&yacute; hiện đại cho khoa học v&agrave; đời sống; C&oacute; khả năng tiếp cận, nghi&ecirc;n cứu v&agrave; sử dụng những thiết bị ti&ecirc;n tiến, hiện đại nhất.</span></strong></p>\n<h3><strong>CƠ HỘI NGHỀ NGHIỆP</strong></h3>\n<p><strong><span style=\"font-weight: 400;\">Sinh vi&ecirc;n tốt nghiệp c&oacute; thể l&agrave;m việc:</span></strong></p>\n<ul>\n<li><span style=\"font-weight: 400;\">Tại c&aacute;c bệnh viện, viện nghi&ecirc;n cứu, nhiều c&ocirc;ng ty li&ecirc;n quan lĩnh vực hạt nh&acirc;n</span></li>\n<li><span style=\"font-weight: 400;\">C&aacute;c c&ocirc;ng ty li&ecirc;n quan đến lĩnh vực điện tử - v</span><span style=\"font-weight: 400;\">iễn th&ocirc;ng , b&aacute;n dẫn, viết phần mềm, c&ocirc;ng ty quang - điện.</span></li>\n<li>C&aacute;c c&ocirc;ng ty khai th&aacute;c v&agrave; thăm d&ograve; dầu kh&iacute;, li&ecirc;n đo&agrave;n địa chất, x&acirc;y dựng.</li>\n<li>Trung t&acirc;m&nbsp; - viện nghi&ecirc;n cứu chuy&ecirc;n ng&agrave;nh, c&aacute;c Sở Khoa học v&agrave; C&ocirc;ng nghệ, Sở T&agrave;i nguy&ecirc;n v&agrave; M&ocirc;i trường.</li>\n<li>C&aacute;c c&ocirc;ng ty, x&iacute; nghiệp, khu c&ocirc;ng nghiệp, khu chế xuất.</li>\n<li>Giảng dạy c&aacute;c trường đại học - cao đẳng.</li>\n<li>Nhiều cơ hội du học thạc sĩ, tiến sĩ, li&ecirc;n kết học bằng đối với c&aacute;c trường đại học nước ngo&agrave;i.</li>\n</ul>\n<h3><strong>CHUY&Ecirc;N NG&Agrave;NH Đ&Agrave;O TẠO</strong></h3>\n<p><strong>1. Vật l&yacute; hạt nh&acirc;n: </strong>Nghi&ecirc;n cứu s&acirc;u cả l&yacute; thuyết v&agrave; thực nghiệm về hạt nh&acirc;n như cấu tr&uacute;c v&agrave; phản ứng hạt nh&acirc;n, nghi&ecirc;n cứu c&aacute;c ứng dụng vật l&yacute; hạt nh&acirc;n trong c&ocirc;ng nghiệp, n&ocirc;ng nghiệp, m&ocirc;i trường, y học, điều trị v&agrave; chẩn đo&aacute;n.</p>\n<h4><strong>2. </strong><span style=\"font-weight: 400;\"><strong>Vật l&yacute; điện tử: </strong>Thiết kế hệ thống nh&uacute;ng, loT, vi điện tử v&agrave; c&ocirc;ng nghệ MEMS, tự động h&oacute;a v&agrave; robot,...</span></h4>\n<p><strong>3. </strong><span style=\"font-weight: 400;\"><strong>Vật l&yacute; tin học:</strong> Lập tr&igrave;nh di động, lập tr&igrave;nh ứng dụng, xử | l&yacute; ảnh y khoa, xử l&yacute; t&iacute;n hiệu, m&ocirc; phỏng dữ liệu, điều khiển tự động, lập tr&igrave;nh nh&uacute;ng, mạng m&aacute;y t&iacute;nh,...</span></p>\n<h4><strong>4.&nbsp;Vật l&yacute; ứng dụng: </strong><span style=\"font-weight: 400;\">Nghi&ecirc;n cứu về laser, vật liệu c&ocirc;ng nghệ | nano, thiết bị photonics: Pin mặt trời, LED, cảm biến vật l&yacute; y sinh ....&nbsp;</span></h4>\n<h4><span style=\"font-weight: 400;\"><strong>5. Vật l&yacute; chất rắn:</strong> Nghi&ecirc;n cứu về c&ocirc;ng nghệ vật liệu - ứng dụng tự l&agrave;m sạch, điện cực cấu tr&uacute;c nano (TCO, TCE, ...). Nghi&ecirc;n cứu về c&ocirc;ng nghệ linh kiện - cảm biến kh&iacute;, linh kiện b&aacute;n dẫn.</span></h4>\n<h4><span style=\"font-weight: 400;\"><strong>6. Vật l&yacute; l&yacute; thuyết:</strong> Nghi&ecirc;n cứu c&aacute;c tương t&aacute;c điện từ, v&agrave; c&aacute;c t&iacute;nh: chất lượng tử của c&aacute;c hạt vi m&ocirc;, cũng như c&aacute;c hiện tượng vĩ m&ocirc; trong vũ trụ, lập tr&igrave;nh, m&ocirc; phỏng,...</span></h4>\n<p><span style=\"font-weight: 400;\"><strong>7. Vật l&yacute; địa cầu:</strong> Nghi&ecirc;n cứu vũ trụ học, cấu tr&uacute;c thạch quyển, kiến tạo, qu&aacute; tr&igrave;nh tiến h&oacute;a địa động lực vỏ Tr&aacute;i Đất, thăm d&ograve; Rada xuy&ecirc;n đất, thăm d&ograve; dầu kh&iacute; ...</span></p>','https://tuyensinh.hcmus.edu.vn/images/2017/05/16/ngnh-hc-vlh.png',200,'CQ','','1.170.000 đồng/tháng',''),('7440112',4,'HÓA HỌC','<h1><strong>NG&Agrave;NH H&Oacute;A HỌC </strong></h1>\n<h2><strong>M&atilde; ng&agrave;nh tuyển sinh: 7440112</strong></h2>\n<h2><strong>KHOA H&Oacute;A HỌC: <a href=\"http://www.chemistry.hcmus.edu.vn\">www.chemistry.hcmus.edu.vn</a></strong></h2>\n<p><span style=\"font-weight: 400;\">Đ&agrave;o tạo cử nh&acirc;n c&oacute; kiến thức khoa học cơ bản v&agrave; kỹ năng thực h&agrave;nh h&oacute;a học vững chắc, c&oacute; khả năng vận dụng kiến thức h&oacute;a học một c&aacute;ch c&oacute; hiệu quả v&agrave; linh hoạt trong c&ocirc;ng t&aacute;c đ&agrave;o tạo, nghi&ecirc;n cứu v&agrave; sản xuất. Đặc biệt, chương tr&igrave;nh c&oacute; tổ chức lớp Cử nh&acirc;n t&agrave;i năng với kiến thức chuy&ecirc;n m&ocirc;n v&agrave; kỹ năng thực h&agrave;nh ti&ecirc;n tiến nhằm định hướng nghi&ecirc;n cứu chuy&ecirc;n s&acirc;u trong lĩnh vực h&oacute;a học. </span></p>\n<p><strong>Chương tr&igrave;nh đ&agrave;o tạo Cử nh&acirc;n H&oacute;a học đ&atilde; đạt chuẩn kiểm định AUN-QA v&agrave;o năm 2016.</strong></p>\n<h2><strong>CƠ HỘI NGHỀ NGHIỆP </strong></h2>\n<p><span style=\"font-weight: 400;\">Cử nh&acirc;n H&oacute;a học c&oacute; thể l&agrave;m việc ở c&aacute;c cơ quan nghi&ecirc;n cứu, trường ĐH, CĐ; c&aacute;c C&ocirc;ng ty hoạt động trong c&aacute;c lĩnh vực mang t&iacute;nh ứng dụng thực tiễn như h&oacute;a học, m&ocirc;i trường, thực phẩm, dược phẩm; hoặc c&aacute;c lĩnh vực c&oacute; li&ecirc;n quan kh&aacute;c như C&ocirc;ng nghệ sinh học, m&ocirc;i trường, địa chất, vật liệu. Đặc biệt, sinh vi&ecirc;n C&oacute; nhiều cơ hội nhận học bổng du học bậc thạc sĩ v&agrave; tiến sĩ ở c&aacute;c nước.</span></p>\n<h2><span style=\"font-weight: 400;\"><strong>CHUY&Ecirc;N NG&Agrave;NH Đ&Agrave;O TẠO</strong></span></h2>\n<h3><span style=\"font-weight: 400;\"><strong>1/ H&oacute;a Hữu cơ </strong></span></h3>\n<ul>\n<li><span style=\"font-weight: 400;\"><strong>Hợp chất tự nhi&ecirc;n:</strong> Nghi&ecirc;n cứu c&aacute;c phương ph&aacute;p ly tr&iacute;ch hợp chất hữu cơ từ nguồn tự nhi&ecirc;n; x&aacute;c định th&agrave;nh phần, cấu tr&uacute;c h&oacute;a học của c&acirc;y thuốc bằng c&aacute;c phương ph&aacute;p phổ nghiệm hiện đại v&agrave; phương ph&aacute;p h&oacute;a học; thử nghiệm hoạt t&iacute;nh sinh học như kh&aacute;ng ung thư, kh&aacute;ng sốt r&eacute;t, kh&aacute;ng oxy h&oacute;a, hạ đường huyết, cải thiện tr&iacute; nhớ, ..., b&aacute;n tổng hợp c&aacute;c dẫn xuất c&oacute; hoạt t&iacute;nh sinh học v&agrave; định hướng ứng dụng, tinh dầu: nghi&ecirc;n cứu c&aacute;c yếu tố ảnh hưởng đến chất lượng v&agrave; h&agrave;m lượng; x&aacute;c định c&aacute;c chỉ số vật l&yacute;, h&oacute;a học, th&agrave;nh phần h&oacute;a học, thử nghiệm hoạt t&iacute;nh sinh học; C&ocirc; lập đơn hương; b&aacute;n tổng hợp hương liệu.</span></li>\n<li><span style=\"font-weight: 400;\"><strong>Tổng hợp hữu cơ: </strong>Nghi&ecirc;n cứu, ứng dụng quy tr&igrave;nh tổng hợp để điều chế: dược phẩm, thuốc trừ s&acirc;u, chất dẫn dụ c&ocirc;n tr&ugrave;ng, chất điều h&ograve;a sinh trưởng, phẩm m&agrave;u, vật liệu hữu cơ,...; ứng dụng h&oacute;a học xanh v&agrave;o tổng hợp hữu Cơ, tổng hợp những hợp chất c&oacute; hoạt t&iacute;nh sinh học, nhằm giảm thiểu &ocirc; nhiễm m&ocirc;i trường v&agrave; tăng trưởng kinh tế; x&uacute;c t&aacute;c xanh: enzyme, x&uacute;c t&aacute;c chuyển pha, triflate kim loại, x&uacute;c t&aacute;c động thể/dị thể...; t&aacute;c chất xanh: dimethyl carbonate, hydroperoxide, ...; m&ocirc;i trường xanh: chất lỏng ion, nước, kh&ocirc;ng dung m&ocirc;i, ...</span></li>\n</ul>\n<h3><strong>2/ H&oacute;a V&ocirc; cơ v&agrave; Ứng dụng </strong></h3>\n<ul>\n<li><span style=\"font-weight: 400;\"><strong>Vật liệu v&ocirc; cơ:</strong> tổng hợp, nghi&ecirc;n cứu cấu tr&uacute;c h&igrave;nh th&aacute;i v&agrave; ứng dụng </span></li>\n<li><span style=\"font-weight: 400;\"><strong>Vật liệu xử l&yacute; m&ocirc;i trường:</strong> vật liệu quang x&uacute;c t&aacute;c tr&ecirc;n cơ sở biến t&iacute;nh c&aacute;c oxide b&aacute;n dẫn ứng dụng trong xử l&yacute; m&ocirc;i trường, nước v&agrave; điều chế chất; vật liệu x&uacute;c t&aacute;c oxy h&oacute;a khử tr&ecirc;n cơ sở kim loại Ni, oxide, x&uacute;c t&aacute;c fenton dị thể... ứng dụng trong xử l&yacute; m&ocirc;i trường; vật liệu hấp phụ v&agrave; trao đổi ion.</span></li>\n<li><span style=\"font-weight: 400;\"><strong>Vật liệu ứng dụng chuyển h&oacute;a năng lượng:</strong> pin nhạy quang; pin năng lượng mặt trời </span></li>\n<li><span style=\"font-weight: 400;\"><strong>Vật liệu ứng dụng c&ocirc;ng nghiệp:</strong> bột m&agrave;u sử dụng trong sơn, gốm sứ, thủy tinh; chất kết d&iacute;nh, xi măng; lớp phủ bảo vệ kim loại; kim loại, hợp kim; vật liệu từ; ph&acirc;n b&oacute;n, ph&acirc;n b&oacute;n tiết chậm. </span></li>\n<li><span style=\"font-weight: 400;\"><strong>Vật liệu v&ocirc; cơ sinh học:</strong> phức hữu cơ kim loại; vật liệu tương th&iacute;ch sinh học. </span></li>\n<li><span style=\"font-weight: 400;\"><strong>Kỹ thuật tiến h&agrave;nh phản ứng h&oacute;a học:</strong></span>\n<ul>\n<li><span style=\"font-weight: 400;\">Hệ phản ứng li&ecirc;n tục CSTR</span></li>\n<li>Hệ phản ứng gi&aacute;n đoạn BR</li>\n</ul>\n</li>\n</ul>\n<h3><strong>3/ H&oacute;a Polyme </strong></h3>\n<ul>\n<li><span style=\"font-weight: 400;\"><strong>Polyme c&oacute; nguồn gốc tự nhi&ecirc;n - polyme ph&acirc;n hủy sinh học:</strong> Polyme thi&ecirc;n nhi&ecirc;n: chitin, chitosan-graphen, chitosan-Fe3O4 ứng dụng trong y sinh, xellutoz; Polyme ph&acirc;n hủy sinh học: polylactic acid (PLA), poly (Caprolacton), tinh bột kết hợp với phụ gia. </span></li>\n<li><span style=\"font-weight: 400;\"><strong>Polyme composit v&agrave; nanocomposit:</strong> Tổng hợp v&agrave; ứng dụng graphen oxit-graphen, gia cường polyme bằng graphen/graphen oxit Composit gia cường bằng sợi thực vật, sợi tre, nano-clay (khoảng s&eacute;t), nano-silica (từ vỏ trấu),...; Vật liệu silica XỐp: MCM-41, SBA-15, PM); Tổng hợp nano Ag ứng dụng l&agrave;m vật liệu kh&aacute;ng khuẩn v&agrave; mục dẫn diện, nano Au ứng dụng trong mỹ phẩm, nanocarbon ứng dụng trong lĩnh vực cảm biến kim loại nặng v&agrave; cảm biến sinh học </span></li>\n<li><span style=\"font-weight: 400;\"><strong>T&aacute;i chế v&agrave; tổng hợp polyme mới:</strong> Clycol giải, amin giải Vỏ chai PET phế thải để tạo ra polyme c&oacute; gi&aacute; trị cao như polyuretan, polyeste bất b&atilde;o h&ograve;a, nhựa epoxy, polybenzoxazin, polyimid, polymaleimid; Tổng hợp polyme th&ocirc;ng minh (smart polymers): nhở h&igrave;nh dạng, tự li&ecirc;n ứng dụng torng sơn, Composit cao cấp: Tổng hợp polyme nhũ tương, tổng hợp C&oacute;/kh&ocirc;ng dung m&ocirc;i </span></li>\n<li><span style=\"font-weight: 400;\"><strong>Phụ gia cho polyme:</strong> Tổng hợp phụ gia b&ecirc;n nhiệt, chống oxy h&oacute;a cho vật liệu l&agrave;m vỏ bọc điện/điện tử, card m&agrave;n h&igrave;nh, vải sợi, vật liệu nhựa giả gỗ; Tổng hợp c&aacute;c hợp chất nhạy quang, nhạy nhiệt v&agrave; chế tạo </span><span style=\"font-weight: 400;\">c&aacute;c vật liệu th&ocirc;ng minh dựa tr&ecirc;n phụ gia nhạy quang, nhạy nhiệt; Phụ gia trong sơn, m&agrave;ng nhằm </span><span style=\"font-weight: 400;\">chống oxy h&oacute;a, bền m&agrave;u, bền quang, trợ tương hợp... . </span></li>\n<li><span style=\"font-weight: 400;\"><strong>Cao su v&agrave; composit/cao su:</strong> Cải tiến quy tr&igrave;nh chế biến cao su thi&ecirc;n nhi&ecirc;n; T&aacute;i chế cao su, vật liệu composit, nanocomposit tr&ecirc;n nền cao su thi&ecirc;n nhi&ecirc;n; Tổng hợp polyuretan từ dầu hạt cao su.</span></li>\n</ul>\n<h3><strong>4/ H&oacute;a l&yacute;</strong></h3>\n<ul>\n<li><span style=\"font-weight: 400;\"><strong>H&oacute;a l&yacute; thuyết v&agrave; h&oacute;a t&iacute;nh to&aacute;n:</strong> Thiết kế ph&acirc;n tử c&oacute; dược t&iacute;nh v&agrave; vật liệu mới; nghi&ecirc;n cứu Cơ chế động học của phản ứng, t&iacute;nh to&aacute;n ph&acirc;n tử phổ học.&nbsp;</span></li>\n<li><span style=\"font-weight: 400;\"><strong>Điện h&oacute;a v&agrave; năng lượng t&aacute;i tạo: </strong>Phản ứng điện h&oacute;a; ăn m&ograve;n cảm biến; pin mặt trời DSC; pin sạc pin nhi&ecirc;n liệu; Biodiesel; biohydrogen.&nbsp;</span></li>\n<li><span style=\"font-weight: 400;\"><strong>H&oacute;a x&uacute;c t&aacute;c:</strong> X&uacute;c t&aacute;c nano; x&uacute;c t&aacute;c trong c&ocirc;ng nghiệp h&oacute;a dầu, x&uacute;c t&aacute;c hydro h&oacute;a trong chuyển h&oacute;a năng lượng, chất ổn định UV trong mỹ phẩm v&agrave; c&ocirc;ng nghiệp&nbsp;</span></li>\n<li><span style=\"font-weight: 400;\"><strong>H&oacute;a l&yacute; hữu cơ:</strong> Tổng hợp v&agrave; ly tr&iacute;ch c&aacute;c hợp chất thi&ecirc;n nhi&ecirc;n c&oacute; hoạt t&iacute;nh sinh học; tổng hợp v&agrave; ly tr&iacute;ch hợp chất dị v&ograve;ng cho dược phẩm. </span></li>\n<li><strong>H&oacute;a học nano:</strong> Vật liệu nano bằng phương ph&aacute;p h&oacute;a học xanh; vật liệu nano polyme; nano chitosan; vật liệu nano composit.</li>\n</ul>\n<h3><strong>5/ H&oacute;a ph&acirc;n t&iacute;ch </strong></h3>\n<p><span style=\"font-weight: 400;\">Nghi&ecirc;n cứu ph&aacute;t triển c&aacute;c phương ph&aacute;p ph&acirc;n </span><span style=\"font-weight: 400;\">t&iacute;ch ứng dụng trong việc x&aacute;c định c&aacute;c hợp chất v&ocirc; cơ, hữu cơ trong mẫu m&ocirc;i trường, thực phẩm, dược phẩm, mỹ phẩm, nhi&ecirc;n liệu, dịch sinh học...như: </span></p>\n<ul>\n<li><span style=\"font-weight: 400;\"><strong>Phương ph&aacute;p phổ ph&acirc;n tử:</strong> Ph&aacute;t triển c&aacute;c phương ph&aacute;p ph&acirc;n t&iacute;ch c&aacute;c ion v&ocirc; cơ, nấm mốc, thuốc bảo vệ thực vật, dược phẩm; Chế tạo c&aacute;c bộ thử nhanh (test Kit) để ph&aacute;t triển v&agrave; b&aacute;n định lượng c&aacute;c chất cấm sử dụng.</span></li>\n<li><strong>Phương ph&aacute;p phổ nguy&ecirc;n tử: </strong>Ph&aacute;t triển c&aacute;c phương ph&aacute;p ph&acirc;n t&iacute;ch c&aacute;c kim loại như Pb, Hg, As,...v&agrave; c&aacute;c hợp chất cơ kim; Chế tạo c&aacute;c phụ kiện để cải tiến v&agrave; mở rộng phạm vi ứng dụng của thiết bị trong ph&acirc;n t&iacute;ch si&ecirc;u vi lượng Hg, Sn, Pb, As.</li>\n<li><strong>Phương ph&aacute;p điện h&oacute;a:</strong> C&aacute;c ion kim loại, c&aacute;c chất hữu cơ như sudan, kh&aacute;ng sinh chloramphenicol...; Ph&aacute;t triển c&aacute;c cảm biến h&oacute;a học v&agrave; sinh học ph&acirc;n t&iacute;ch c&aacute;c hợp chất v&ocirc; cơ, hữu cơ trong c&aacute;c nền mẫu m&ocirc;i trường, thực phẩm, sinh học...</li>\n<li><strong>Phương ph&aacute;p t&aacute;ch:</strong> C&aacute;c amino acid, melamin, 3-MCPD, c&aacute;c loại thuốc bảo vệ thực vật, dược phẩm bằng sắc k&yacute; lỏng, sắc k&yacute; kh&iacute;, sắc k&yacute; trao đổi ion..; Điều chế pha tĩnh cột sắc k&yacute; lỏng cho xử l&yacute; mẫu ph&acirc;n t&iacute;ch</li>\n<li><strong>Phương ph&aacute;p khối phổ:</strong> Định danh v&agrave; định lượng ch&iacute;nh x&aacute;c c&aacute;c hợp chất hữu cơ v&agrave; v&ocirc; cơ trong c&aacute;c nền mẫu kh&aacute;c nhau.</li>\n</ul>\n<h3><strong>6/ H&oacute;a dược </strong></h3>\n<p><span style=\"font-weight: 400;\">Nghi&ecirc;n cứu ph&aacute;t hiện v&agrave; ph&aacute;t triển thuốc mời từ nguồn dược liệu thi&ecirc;n nhi&ecirc;n </span></p>\n<ul>\n<li><span style=\"font-weight: 400;\">S&agrave;ng lọc hoạt t&iacute;nh sinh học c&aacute;c mẫu cao chiết/hợp chất. </span></li>\n<li><span style=\"font-weight: 400;\">Ph&acirc;n lập v&agrave; x&aacute;c định cấu tr&uacute;c c&aacute;c hợp chất từ dược liệu theo định hướng t&aacute;c dụng sinh học.</span></li>\n<li>X&acirc;y dựng c&aacute;c phương ph&aacute;p đ&aacute;nh gi&aacute; t&aacute;c dụng sinh học.</li>\n<li>Ph&aacute;t triển c&aacute;c sản phẩm c&oacute; nguồn gốc thi&ecirc;n nhi&ecirc;n định hướng ứng dụng trong y dược thực phẩm, mỹ phẩm...</li>\n<li>Nghi&ecirc;n cứu tổng hợp/b&aacute;n tổng hợp v&agrave; mối quan hệ hoạt t&iacute;nh cấu tr&uacute;c của c&aacute;c hợp chất c&oacute; hoạt t&iacute;nh sinh học.</li>\n<li>Nghi&ecirc;n cứu ph&acirc;n lập c&aacute;c chất đ&aacute;nh dấu để phục vụ c&ocirc;ng t&aacute;c ti&ecirc;u chuẩn h&oacute;a dược liệu.</li>\n<li>X&acirc;y dựng quy tr&igrave;nh kiểm nghiệm nguy&ecirc;n liệu v&agrave; b&aacute;n th&agrave;nh phần.</li>\n<li>Thiết kế thuốc.</li>\n</ul>\n<div class=\"ddict_div\" style=\"top: 1401.56px; left: 100.146px;\">\n<p style=\"text-align: center;\"><img src=\"chrome-extension://bpggmmljdiliancllaapiggllnkbjocb/img/spin.gif\" /></p>\n</div>','https://tuyensinh.hcmus.edu.vn/images/2017/05/16/ngnh-hc-hh.png',240,'CQ','','1.170.000 đồng/tháng',''),('7440112_CLC',4,'CHẤT LƯỢNG CAO NGÀNH HÓA HỌC','','https://tuyensinh.hcmus.edu.vn/images/2020/06/20/hh_clc.png',40,'CLC','','40.000.000 đồng /năm',''),('7440112_VP',4,'HÓA HỌC','<h1><strong>CHƯƠNG TR&Igrave;NH VIỆT - PH&Aacute;P NG&Agrave;NH H&Oacute;A HỌC </strong></h1>\n<h2><strong>M&atilde; ng&agrave;nh tuyển sinh: 7440112_VP</strong></h2>\n<h2><strong>KHOA H&Oacute;A HỌC: <a href=\"http://www.chemistry.hcmus.edu.vn\">www.chemistry.hcmus.edu.vn</a></strong></h2>\n<p><span style=\"font-weight: 400;\">Chương tr&igrave;nh Văn bằng đ&ocirc;i (Double diplomation) l&agrave; một chương tr&igrave;nh hợp t&aacute;c đ&agrave;o tạo giữa Khoa H&oacute;a, Trường Đại học Khoa Học Tự Nhi&ecirc;n - Đại học Quốc Gia TP. Hồ Ch&iacute; Minh v&agrave; Đại học Le | Mans (Ph&aacute;p), nhằm mục ti&ecirc;u n&acirc;ng cao chất lượng đ&agrave;o tạo v&agrave; đẩy mạnh hợp t&aacute;c nghi&ecirc;n cứu khoa học chuy&ecirc;n s&acirc;u của cả hai trường.</span></p>\n<h2><strong>ĐIỂM ĐẶC BIỆT CỦA CHƯƠNG TR&Igrave;NH </strong></h2>\n<ul>\n<li><span style=\"font-weight: 400;\">Sinh vi&ecirc;n được giảng dạy tiếng Ph&aacute;p từ lớp Vỡ l&ograve;ng đến n&acirc;ng cao. </span></li>\n<li><span style=\"font-weight: 400;\">C&aacute;c m&ocirc;n học chuy&ecirc;n m&ocirc;n v&agrave; ngoại ngữ Ph&aacute;p được giảng dạy bởi giảng vi&ecirc;n Việt Nam v&agrave; c&aacute;c gi&aacute;o sư Ph&aacute;p từ Đại học Le Mans. </span></li>\n<li><span style=\"font-weight: 400;\">Sinh vi&ecirc;n ho&agrave;n tất th&agrave;nh c&ocirc;ng chương tr&igrave;nh n&agrave;y sẽ được cấp c&aacute;c văn bằng sau đ&acirc;y: </span>\n<ul>\n<li><span style=\"font-weight: 400;\">Bằng Cử nh&acirc;n Khoa học, Ng&agrave;nh H&oacute;a học, hệ ch&iacute;nh quy, của Trường ĐHKHTN, ĐHQG-HCM;</span></li>\n<li><span style=\"font-weight: 400;\">Bằng Cử nh&acirc;n quốc tế (License) H&oacute;a học của Đại học Le Mans, Ph&aacute;p;</span></li>\n<li><span style=\"font-weight: 400;\">Chứng chỉ ho&agrave;n tất năm thứ nhất Chương tr&igrave;nh đ&agrave;o tạo Thạc sĩ (Master 10 H&oacute;a học của Đại học Le Man</span></li>\n</ul>\n</li>\n<li><span style=\"font-weight: 400;\">Sau khi tốt nghiệp, Sinh vi&ecirc;n c&oacute; cơ hội xin được c&aacute;c học bổng du học như học bổng Đại sứ qu&aacute;n Ph&aacute;p, Bỉ, Canada, học bổng Eiffel, học bổng v&ugrave;ng tại Ph&aacute;p, học bổng c&aacute;c trường Đại học Ph&aacute;p ngữ... hoặc tự t&uacute;c để tiếp tục học Thạc sĩ năm thứ hai (Master 2) H&oacute;a học tại Đại học Le Mans v&agrave; nhận bằng Thạc Sĩ của Đại học Le Mans.</span></li>\n</ul>\n<h4><strong>Xem th&ocirc;ng b&aacute;o chi tiết về chương tr&igrave;nh năm 2019: </strong><em><span style=\"text-decoration: underline;\">https://tuyensinh.hcmus.edu.vn/attachments/article/10/ThongbaotuyensinhVietPhap(18-19).pdf</span></em></h4>','https://tuyensinh.hcmus.edu.vn/images/2018/12/18/ngnh-hc-hhvp.png',30,'VP','','47.300.000 đồng /năm',''),('7440122',5,'KHOA HỌC VẬT LIỆU','<h1><strong>NG&Agrave;NH KHOA HỌC VẬT LIỆU </strong></h1>\n<h2><strong>M&atilde; ng&agrave;nh tuyển sinh: 7440122 </strong></h2>\n<h2><strong>KHOA KHOA HỌC V&Agrave; C&Ocirc;NG NGHỆ VẬT LIỆU: <a href=\"http://www.mst.hcmus.edu.vn\">www.mst.hcmus.edu.vn</a></strong></h2>\n<p><span style=\"font-weight: 400;\">Khoa học vật liệu l&agrave; một khoa học li&ecirc;n ng&agrave;nh, c&oacute; khả năng kết nối với nhiều lĩnh vực khoa học v&agrave; c&ocirc;ng nghệ kh&aacute;c như: Vật l&yacute; H&oacute;a học; C&ocirc;ng nghệ y sinh học, C&ocirc;ng nghệ th&ocirc;ng tin, Điện tử, C&ocirc;ng nghệ m&ocirc;i trường, Năng lượng...</span></p>\n<h2><strong>CƠ HỘI NGHỀ NGHIỆP </strong></h2>\n<ol>\n<li><span style=\"font-weight: 400;\">&nbsp;C&aacute;c nh&agrave; m&aacute;y sản xuất, khu c&ocirc;ng nghệ cao, c&aacute;c X&iacute; nghiệp, C&ocirc;ng ty, viện nghi&ecirc;n cứu... C&oacute; c&aacute;c hoạt động li&ecirc;n quan đến gi&aacute;m s&aacute;t d&acirc;y chuyền sản xuất, tư vấn - kiểm tra, nghi&ecirc;n cứu, chế tạo v&agrave; ứng dụng c&aacute;c loại vật liệu, h&oacute;a chất c&oacute; li&ecirc;n quan, đặc biệt l&agrave; vật liệu ti&ecirc;n tiến như vật liệu m&agrave;ng mỏng cho c&aacute;c linh kiện, thiết bị điện tử, vật liệu polymer, bao b&igrave;, nh&atilde;n m&aacute;c, gi&agrave;y da, vật liệu hợp kim/kim loại; vật liệu cho c&aacute;c ng&agrave;nh c&ocirc;ng nghiệp như sợi quang, gốm sứ, thủy tinh, bộ phận nghi&ecirc;n cứu v&agrave; ph&aacute;t triển sản phẩm (R&amp;D), bộ phận đảm bảo chất lượng v&agrave; kiểm so&aacute;t chất lượng (QA/QC) tại c&aacute;c C&ocirc;ng ty/Tập đo&agrave;n hoạt động về lĩnh vực Điện tử, viễn th&ocirc;ng, Năng lượng, M&ocirc;i trường, Vật liệu Kim loại/Hợp kim, Lớp phủ bảo vệ... như Intel, Samsung, Sony, First Solar, On semiconductor, X-powder, Hyosung, B&aacute;n dẫn II-VI, Olympus, Nissei, Hoa Sen... </span></li>\n<li><span style=\"font-weight: 400;\">C&aacute;c C&ocirc;ng ty li&ecirc;n quan đến c&aacute;c hoạt động tư vấn, bảo tr&igrave;, hướng dẫn kỹ thuật v&agrave; quy tr&igrave;nh vận h&agrave;nh c&aacute;c thiết bị/m&aacute;y m&oacute;c kỹ thuật cao, đặc biệt l&agrave; c&aacute;c thiết bị cho c&aacute;c ng&agrave;nh khoa học, C&ocirc;ng nghệ, y tế, V.V... </span></li>\n<li><span style=\"font-weight: 400;\">Tham gia giảng dạy, nghi&ecirc;n cứu tại c&aacute;c trường đại học, cao đẳng, viện nghi&ecirc;n cứu, c&aacute;c Sở Khoa học v&agrave; C&ocirc;ng nghệ Sở T&agrave;i Nguy&ecirc;n - M&ocirc;i trường,...</span></li>\n<li>Theo học chương tr&igrave;nh thạc sĩ, tiến sĩ bằng nguồn học bổng to&agrave;n phần ở c&aacute;c nước ti&ecirc;n tiến như Ph&aacute;p, Mỹ, Nhật, H&agrave;n Quốc, Đ&agrave;i Loan,....</li>\n</ol>\n<h2>CHUY&Ecirc;N NG&Agrave;NH Đ&Agrave;O TẠO</h2>\n<h3><strong>1. VẬT LIỆU M&Agrave;NG MỎNG </strong></h3>\n<p><span style=\"font-weight: 400;\">Chuy&ecirc;n ng&agrave;nh trang bị cho sinh vi&ecirc;n c&aacute;c kiến thức li&ecirc;n quan đến vật liệu c&oacute; cấu tr&uacute;c nano, c&aacute;c kỹ năng li&ecirc;n quan đến chế tạo v&agrave; ph&acirc;n t&iacute;ch, đ&aacute;nh gi&aacute; t&iacute;nh chất vật liệu, chủ trong c&aacute;c vật liệu c&oacute; t&iacute;nh năng đặc biệt cho c&aacute;c ng&agrave;nh: C&ocirc;ng nghệ chế tạo vật liệu điện tử v&agrave; quang tử trong c&aacute;c m&ocirc; - đun, thiết bị của hệ thống viễn th&ocirc;ng, kỹ thuật điện v&agrave; tiết kiệm năng lượng tr&ecirc;n nền hệ vi cơ điện tử (MEMS) v&agrave; hệ nano cơ điện tử (NEMS); C&ocirc;ng nghệ chế tạo vật liệu nano, vật liệu xử l&yacute; nước thải, chất thải rắn, kh&iacute; thải, vật liệu ph&acirc;n hủy sinh học, cảm biến kh&iacute;, vật liệu y - sinh, cảm biến y sinh, cảm biến kh&iacute; sử dụng trong c&ocirc;ng nghiệp, n&ocirc;ng nghiệp v&agrave; y - dược; C&ocirc;ng nghệ chế tạo vật liệu lưu trữ th&ocirc;ng tin, c&ocirc;ng nghệ thiết kế v&agrave; chế tạo mạch t&iacute;ch hợp, bộ nhớ dung lượng cao: bộ nhớ điện tử điện trở (RRAM), bộ nhớ từ (MRAM)...; C&ocirc;ng nghệ chế tạo vật liệu chuyển h&oacute;a năng lượng như pin mặt trời, pin nhiệt điện, pin nhi&ecirc;n liệu...</span></p>\n<h3><strong>2. VẬT LIỆU POLYMER &amp; COMPOSITE </strong></h3>\n<p><span style=\"font-weight: 400;\">Hướng nghi&ecirc;n cứu: Vật liệu polymer chức </span><span style=\"font-weight: 400;\">năng - vật liệu lại cấu tr&uacute;c nano ứng dụng trong lĩnh vực y sinh, c&oacute; khả năng khử/kh&aacute;ng khuẩn ứng dụng trong lĩnh vực sinh học v&agrave; n&ocirc;ng nghiệp; Vật liệu polymer - Copolymer C&Oacute; cấu tr&uacute;c nano ứng dụng l&agrave;m khu&ocirc;n mềm trong kỹ thuật quang khắc sản xuất thiết bị vi điện tử (microelectronics), năng lượng pin mặt trời); vật liệu nano xốp (mesoporous materials) ứng dụng trong xử l&yacute; m&ocirc;i trường; Vật liệu polymer, polymer composite, v&agrave; polymer nanocomposite sinh học - ph&acirc;n hủy sinh học; Vật liệu polymer, polymer composite, v&agrave; polymer nanocomposite chống ch&aacute;y, c&aacute;ch nhiệt, v&agrave; điều h&ograve;a độ ẩm,...</span></p>\n<h3><strong>3. VẬT LIỆU TỪ </strong></h3>\n<p><span style=\"font-weight: 400;\">Sinh vi&ecirc;n nghi&ecirc;n cứu v&agrave; chế tạo vật liệu c&oacute; từ t&iacute;nh từ cấp độ nguy&ecirc;n tử đến nano, m&agrave;ng mỏng v&agrave; vật liệu khối. Nội dung chương tr&igrave;nh đ&agrave;o tạo: c&aacute;c phương ph&aacute;p chế tạo vật liệu từ tỉnh; c&aacute;c phương ph&aacute;p ph&acirc;n t&iacute;ch t&iacute;nh chất vật liệu từ tỉnh đến việc ứng dụng của vật liệu từ tỉnh trong c&aacute;c lĩnh vực Cơ học (như hệ truyền động, hệ vi cơ, ...), cảm biến trong giao th&ocirc;ng, qu&acirc;n sự (thiết bị định vị, t&agrave;u khỉ đệm từ, ...), lưu trữ v&agrave; chuyển đổi năng lượng, lưu trữ th&ocirc;ng tin (bộ nhớ điện tử, ...), thiết kế c&aacute;c vi mạch dựa tr&ecirc;n nguy&ecirc;n l&yacute; từ học nhằm ứng dụng trong y học (ph&aacute;t hiện sớm v&agrave; điều trị bệnh ung thư, cảm biến sinh học (biochip), ph&aacute;t hiện nhanh c&aacute;c chất độc hại trong n&ocirc;ng nghiệp, thực phẩm (dư lượng kh&aacute;ng sinh, chất tăng trọng, vi khuẩn, nấm, ...), ph&aacute;t hiện c&aacute;c loại bệnh truyền nhiễm, tăng độ nhạy v&agrave; độ tương phản cho h&igrave;nh ảnh c&ocirc;ng hưởng từ (MRI), xử l&yacute; &ocirc; nhiễm m&ocirc;i trường (hấp thụ kim loại nặng, thu hồi dầu loang, ...).</span></p>\n<h3><strong>4. VẬT LIỆU Y SINH </strong></h3>\n<p><span style=\"font-weight: 400;\">Sinh vi&ecirc;n được trang bị th&ecirc;m c&aacute;c kiến thức v&agrave; kỹ năng chuy&ecirc;n s&acirc;u về lĩnh vực y học, sinh học gi&uacute;p sinh vi&ecirc;n c&oacute; khả năng t&iacute;ch hợp c&aacute;c kiến thức về y sinh học trong việc nghi&ecirc;n cứu, chế tạo c&aacute;c sản phẩm c&ocirc;ng nghệ ứng dụng trong lĩnh vực y sinh học nhằm phục vụ thiết thực cho việc bảo vệ sức khỏe con người cũng như giải quyết c&aacute;c vấn đề li&ecirc;n quan đến &ocirc; nhiễm m&ocirc;i trường (vật liệu tương th&iacute;ch v&agrave; ph&acirc;n hủy sinh học; vật liệu dẫn truyền thuốc tr&uacute;ng đ&iacute;ch; vật liệu ứng dụng trong nha khoa; vật liệu t&aacute;i tạo cho cơ thể con người (da, cơ, xương, khớp,</span><span style=\"font-weight: 400;\">..); vật liệu cấu tr&uacute;c nano nhằm tăng độ nhạy v&agrave; độ tương phản cho h&igrave;nh ảnh cộng hưởng từ (MRI); cảm biến sinh học ph&aacute;t hiện sớm v&agrave; điều trị c&aacute;c loại bệnh ung thư, bệnh truyền nhiễm; cảm biến ph&aacute;t hiện nhanh c&aacute;c chất độc hại trong n&ocirc;ng nghiệp, thủy sản v&agrave; thực phẩm như dư lượng kh&aacute;ng sinh, chất tăng trọng, vi khuẩn, nấm, ...). Ngo&agrave;i ra, sinh vi&ecirc;n C&oacute; thể thực hiện c&aacute;c c&ocirc;ng việc li&ecirc;n quan đến x&eacute;t nghiệm trong lĩnh vực y tế v&agrave; kiểm nghiệm trong lĩnh vực vệ sinh an to&agrave;n thực phẩm.</span></p>','https://tuyensinh.hcmus.edu.vn/images/2017/05/16/ngnh-hc-khvl.png',200,'CQ','','1.170.000 đồng/tháng',''),('7440201',2,'ĐỊA CHẤT HỌC','<h1><strong>NG&Agrave;NH ĐỊA CHẤT HỌC </strong></h1>\n<h2><strong>M&atilde; ng&agrave;nh tuyển sinh: 7440201 </strong></h2>\n<h2><strong>KHOA ĐỊA CHẤT: <a href=\"http://www.geology.hcmus.edu.vn\">www.geology.hcmus.edu.vn</a></strong></h2>\n<p><span style=\"font-weight: 400;\">Đ&agrave;o tạo kiến thức cơ bản v&agrave; hiện đại về l&yacute; luận, kỹ năng v&agrave; phương ph&aacute;p nghi&ecirc;n cứu Địa chất: nghi&ecirc;n cứu địa chất khu vực, địa chất biển; đo vẽ lập bản đồ địa chất v&agrave; điều tra, t&igrave;m kiếm - thăm d&ograve; t&agrave;i nguy&ecirc;n kho&aacute;ng sản như: dầu kh&iacute;, nhi&ecirc;n liệu cứng ch&aacute;y, kho&aacute;ng sản kim loại, kho&aacute;ng chất c&ocirc;ng nghiệp; vật liệu x&acirc;y dựng; t&agrave;i nguy&ecirc;n nước; địa chất nền m&oacute;ng c&ocirc;ng tr&igrave;nh x&acirc;y dựng, giao th&ocirc;ng v&agrave; thủy điện, thủy lợi; quy hoạch v&agrave; sử dụng hợp l&yacute; c&aacute;c nguồn t&agrave;i nguy&ecirc;n kho&aacute;ng sản cũng như đ&aacute;nh gi&aacute; t&aacute;c động m&ocirc;i trường, tai biến địa chất,.... Đặc biệt, chuy&ecirc;n ng&agrave;nh Ngọc học đ&agrave;o tạo về t&igrave;m kiếm, kiểm định v&agrave; chế t&aacute;c đ&aacute; qu&yacute; - b&aacute;n qu&yacute; v&agrave; mỹ nghệ.</span></p>\n<h2><strong>CƠ HỘI NGHỀ NGHIỆP </strong></h2>\n<p><span style=\"font-weight: 400;\">Sinh vi&ecirc;n c&oacute; thể l&agrave;m việc ở c&aacute;c Sở T&agrave;i nguy&ecirc;n v&agrave; M&ocirc;i trường, Sở N&ocirc;ng Nghiệp, Sở X&acirc;y Dựng, c&aacute;c C&ocirc;ng ty x&acirc;y dựng C&ocirc;ng tr&igrave;nh, giao th&ocirc;ng, đường thủy; c&aacute;c Li&ecirc;n đo&agrave;n bản đồ Địa chất, c&aacute;c C&ocirc;ng ty chế biến v&agrave; khai th&aacute;c kho&aacute;ng sản, quản l&yacute; m&ocirc;i trường ven biển; C&ocirc;ng ty Dầu kh&iacute; trong v&agrave; ngo&agrave;i nước (Viện Dầu kh&iacute; Việt Nam, Tổng C&ocirc;ng ty Thăm d&ograve; v&agrave; khai th&aacute;c Dầu kh&iacute;, Li&ecirc;n doanh Dầu kh&iacute; Vietsovpetro, vv.); c&aacute;c trường Đại học, Cao Đẳng C&Oacute; đ&agrave;o tạo ng&agrave;nh nghề C&Oacute; li&ecirc;n quan v&agrave; c&aacute;c viện nghi&ecirc;n cứu hoặc c&oacute; thể trở th&agrave;nh chuy&ecirc;n gia gi&aacute;m định đ&aacute; qu&yacute;, b&aacute;n qu&yacute; v&agrave; đ&aacute; mỹ nghệ l&agrave;m việc ở c&aacute;c C&ocirc;ng ty gi&aacute;m định v&agrave; chế t&aacute;c đ&aacute; qu&yacute;, viện Ngọc học hoặc c&aacute;c ph&ograve;ng kiểm định đ&aacute; của c&aacute;c Ng&acirc;n h&agrave;ng trong v&agrave; ngo&agrave;i nước; tư vấn vi&ecirc;n tại c&aacute;c cửa h&agrave;ng đ&aacute; qu&yacute; trang sức, nh&acirc;n vi&ecirc;n kỹ thuật đ&aacute; ở c&aacute;c c&ocirc;ng ty chế t&aacute;c đ&aacute; qu&yacute; nữ trang hoặc tự ph&aacute;t triển mở c&aacute;c doanh nghiệp tư nh&acirc;n bu&ocirc;n b&aacute;n sỉ v&agrave; lẻ c&aacute;c sản phẩm trang sức đ&aacute; qu&yacute;.</span></p>\n<h2><strong>CHUY&Ecirc;N NG&Agrave;NH Đ&Agrave;O TẠO</strong></h2>\n<p><span style=\"font-weight: 400;\"><strong>1. Địa chất Kho&aacute;ng sản:</strong> phục vụ cho việc t&igrave;m kiếm thăm d&ograve;, khai th&aacute;c v&agrave; đ&aacute;nh gi&aacute; trữ lượng c&aacute;c t&agrave;i nguy&ecirc;n kho&aacute;ng sản (c&aacute;c kim loại qu&yacute; hiếm, c&aacute;c vật liệu x&acirc;y dựng v&agrave; Dầu kh&iacute;). Nghi&ecirc;n cứu c&ocirc;ng nghệ mới để chế biến kho&aacute;ng sản. Nghi&ecirc;n cứu để phục vụ cho c&aacute;c quy hoạch v&agrave; ph&aacute;t triển kinh tế l&atilde;nh thổ.</span></p>\n<p><span style=\"font-weight: 400;\"><strong>2. Ngọc Học:</strong> &aacute;p dụng c&aacute;c l&yacute; thuyết cơ bản về nguồn gốc h&igrave;nh th&agrave;nh kho&aacute;ng sản v&agrave; c&aacute;c đặc điểm tinh thể học, đồng thời sử dụng thiết bị, kỹ thuật ti&ecirc;n tiến để gi&aacute;m định nguồn gốc, t&ecirc;n đ&aacute;, c&aacute;c đặc điểm ngọc học hoặc xử l&yacute; (nếu c&oacute;) của đ&aacute; qu&yacute;.</span></p>\n<p><strong>3. Địa chất biển: </strong>Sinh vi&ecirc;n sẽ được học v&agrave; kh&aacute;m ph&aacute; những vấn đề li&ecirc;n quan đến qu&aacute; tr&igrave;nh tạo lập biển, th&agrave;nh phần vật liệu t&iacute;ch tụ biển, h&igrave;nh th&aacute;i v&agrave; c&aacute;c yếu tố ảnh hưởng đến biển cũng như c&aacute;c loại kho&aacute;ng sản khai th&aacute;c được ở biển, vv. B&ecirc;n cạnh đ&oacute;, sinh vi&ecirc;n c&ograve;n được t&igrave;m hiểu sự thay đổi h&igrave;nh dạng đường bờ biển theo thời gian do ảnh hưởng bởi thi&ecirc;n nhi&ecirc;n v&agrave; con người.</p>\n<p><span style=\"font-weight: 400;\"><strong>4. Địa chất Dầu kh&iacute;:</strong> Sinh vi&ecirc;n sẽ được học v&agrave; kh&aacute;m ph&aacute; nguồn gốc/vật liệu sản sinh ra dầu v&agrave; kh&iacute;, m&ocirc;i trường th&agrave;nh tạo, sự t&iacute;ch tụ của ch&uacute;ng trong đ&aacute; cũng như yếu tố bảo quản nguồn dầu v&agrave; kh&iacute; n&agrave;y, vv. Sinh vi&ecirc;n trang bị những kiến thức cơ bản để t&igrave;m kiếm thăm d&ograve; v&agrave; khai th&aacute;c nguồn dầu v&agrave; kh&iacute; n&agrave;y.</span></p>\n<p><span style=\"font-weight: 400;\"><strong>5. Địa chất thủy văn - Địa chất c&ocirc;ng tr&igrave;nh:</strong> l&agrave; một hướng nghi&ecirc;n cứu thuộc ng&agrave;nh khoa học Tr&aacute;i đất chuy&ecirc;n nghi&ecirc;n cứu về: </span></p>\n<ul>\n<li><span style=\"font-weight: 400;\">(1) Th&agrave;nh phần v&agrave; đặc t&iacute;nh cơ l&yacute; của đất đ&aacute; l&agrave;m nền m&oacute;ng c&ocirc;ng tr&igrave;nh nhằm phục vụ cho c&ocirc;ng t&aacute;c thăm d&ograve;, khảo s&aacute;t v&agrave; thiết kế x&acirc;y dựng c&aacute;c C&ocirc;ng tr&igrave;nh d&acirc;n dụng v&agrave; c&ocirc;ng nghiệp</span></li>\n<li><span style=\"font-weight: 400;\">(2) Nguồn gốc v&agrave; quy luật ph&acirc;n bố của nước dưới đất nhằm phục vụ cho c&ocirc;ng t&aacute;c t&igrave;m kiếm thăm d&ograve; v&agrave; quy hoạch khai th&aacute;c bền vững nguồn t&agrave;i nguy&ecirc;n nước dưới đất.</span></li>\n</ul>\n<p><span style=\"font-weight: 400;\"><strong>6. Địa chất m&ocirc;i trường:</strong> l&agrave; một hướng nghi&ecirc;n cứu thuộc ng&agrave;nh khoa học Tr&aacute;i đất chuy&ecirc;n nghi&ecirc;n cứu về đặc điểm của m&ocirc;i trường địa chất v&agrave; c&aacute;c tai biến địa chất c&oacute; li&ecirc;n quan nhằm phục vụ cho c&ocirc;ng t&aacute;c bảo vệ v&agrave; quy hoạch khai th&aacute;c bền vững c&aacute;c nguồn t&agrave;i nguy&ecirc;n qu&yacute; gi&aacute;.</span></p>','https://tuyensinh.hcmus.edu.vn/images/2017/05/16/ngnh-hc-ch.png',100,'CQ','','1.170.000 đồng/tháng',''),('7440228',9,'HẢI DƯƠNG HỌC','<h1><strong>NG&Agrave;NH HẢI DƯƠNG HỌC </strong></h1>\n<h2><strong>M&atilde; ng&agrave;nh tuyển sinh: 7440228</strong></h2>\n<h2><strong>KHOA VẬT L&Yacute; - VẬT L&Yacute; KỸ THUẬT: <a href=\"http://www.phys.hcmus.edu.vn\">www.phys.hcmus.edu.vn</a></strong></h2>\n<h2><strong>BỘ M&Ocirc;N HẢI DƯƠNG, KH&Iacute; TƯỢNG V&Agrave; THỦY VĂN: <a href=\"http://www.oceanology.hcmus.edu.vn\">www.oceanology.hcmus.edu.vn</a></strong></h2>\n<h3><strong><span style=\"font-weight: 400;\">Chương tr&igrave;nh đ&agrave;o tạo ng&agrave;nh Hải dương học nhằm cung cấp cho sinh vi&ecirc;n kiến thức tổng qu&aacute;t v&agrave; chuy&ecirc;n s&acirc;u về c&aacute;c qu&aacute; tr&igrave;nh vật l&yacute; trong đại dương, kh&iacute; quyển v&agrave; lục địa.</span></strong></h3>\n<h2><span style=\"font-weight: 400;\"><strong>CHUY&Ecirc;N NG&Agrave;NH Đ&Agrave;O TẠO</strong>&nbsp;</span></h2>\n<p><span style=\"font-weight: 400;\"><strong>01/ Hải dương học:</strong> trang bị cho sinh vi&ecirc;n kiến thức về vật l&yacute;, động lực học, sinh địa h&oacute;a, viễn th&aacute;m, kỹ thuật kinh tế, quản l&yacute; v&agrave; khai th&aacute;c biển, đặc biệt l&agrave; c&aacute;c qu&aacute; tr&igrave;nh ở v&ugrave;ng ven bờ, v&ugrave;ng cửa s&ocirc;ng - biển.&nbsp;</span></p>\n<p><span style=\"font-weight: 400;\"><strong>02/ Kh&iacute; tượng học:</strong> trang bị kiến thức về vật l&yacute;, nhiệt động lực học, động lực học của kh&iacute; quyển v&agrave; của hệ thống kh&iacute; hậu, c&aacute;c kỹ thuật </span><span style=\"font-weight: 400;\">dự b&aacute;o trong ng&agrave;nh Kh&iacute; tượng. Biến đổi kh&iacute; </span><span style=\"font-weight: 400;\">hậu v&agrave; ảnh hưởng của biến đổi kh&iacute; hậu l&ecirc;n đời sống d&acirc;n sinh, kinh tế Việt Nam.&nbsp;</span></p>\n<p><span style=\"font-weight: 400;\"><strong>03/ Thủy văn học:</strong> cung cấp c&aacute;c kiến thức cơ bản li&ecirc;n quan đến chu tr&igrave;nh nước, thủy triều ở s&ocirc;ng v&agrave; biển, v&agrave; c&aacute;c qu&aacute; tr&igrave;nh kh&aacute;c của thủy văn lục địa.</span></p>\n<h2><strong>CƠ HỘI NGHỀ NGHIỆP&nbsp;</strong></h2>\n<ul>\n<li><span style=\"font-weight: 400;\">Viện Hải dương học; Viện Kỹ thuật biển;Viện Khoa học Thuỷ lợi; Viện Địa l&yacute; T&agrave;i nguy&ecirc;n.</span></li>\n<li>Sở Khoa học C&ocirc;ng nghệ, Sở T&agrave;i nguy&ecirc;n v&agrave; M&ocirc;i trường.</li>\n<li>Trung t&acirc;m dự b&aacute;o kh&iacute; tượng thuỷ văn.</li>\n<li>Trung t&acirc;m dự b&aacute;o kh&iacute; tượng h&agrave;ng kh&ocirc;ng.</li>\n<li>C&ocirc;ng ty tư vấn c&oacute; li&ecirc;n quan đến đ&aacute;nh gi&aacute; t&aacute;c động m&ocirc;i trường.</li>\n<li>Cơ hội học tập sau đại học tại c&aacute;c trường đại học trong v&agrave; ngo&agrave;i nước.</li>\n</ul>\n<p>&nbsp;</p>','https://tuyensinh.hcmus.edu.vn/images/2017/05/16/ngnh-hc-hdh.png',50,'CQ','','1.170.000 đồng/tháng',''),('7440301',6,'KHOA HỌC MÔI TRƯỜNG','<h1><strong>NG&Agrave;NH KHOA HỌC M&Ocirc;I TRƯỜNG </strong></h1>\n<h2><strong>M&atilde; ng&agrave;nh tuyển sinh: 7440301</strong></h2>\n<h2><strong>M&atilde; ng&agrave;nh tuyển sinh tại PH ĐHQG-HCM (Bến Tre): 7440301_BT</strong></h2>\n<h2><strong>KHOA M&Ocirc;I TRƯỜNG: <a href=\"http://www.environment.hcmus.edu.vn\">www.environment.hcmus.edu.vn</a></strong></h2>\n<p><span style=\"font-weight: 400;\">Đ&agrave;o tạo Cử nh&acirc;n Khoa học M&ocirc;i trường nhằm cung cấp cho sinh vi&ecirc;n những kiến thức cơ bản về hệ thống t&agrave;i nguy&ecirc;n v&agrave; m&ocirc;i trường, về mối quan hệ giữa m&ocirc;i trường v&agrave; ph&aacute;t triển, trang bị phương ph&aacute;p luận vững chắc gi&uacute;p cho sinh vi&ecirc;n khả năng tiếp cận nhanh c&aacute;c kiến thức mới trong c&aacute;c khoa học m&ocirc;i trường v&agrave; h&igrave;nh th&agrave;nh c&aacute;c kỹ năng thực h&agrave;nh s&acirc;u rộng dựa tr&ecirc;n nhận thức đ&uacute;ng vấn đề; vận dụng v&agrave;o việc giải quyết c&aacute;c vấn đề m&ocirc;i trường cụ thể, c&oacute; kỹ năng l&agrave;m việc độc lập, chủ động; c&oacute; khả năng nhận dạng, ph&acirc;n t&iacute;ch, đ&aacute;nh gi&aacute;, thiết kế v&agrave; giải quyết những vấn đề trong lĩnh vực t&agrave;i nguy&ecirc;n v&agrave; m&ocirc;i trường một c&aacute;ch khoa học, s&aacute;ng tạo, ph&ugrave; hợp với điều kiện địa phương; c&oacute; phẩm chất đạo đức tốt v&agrave; th&aacute;i độ v&igrave; m&ocirc;i trường, lu&ocirc;n sẵn s&agrave;ng với c&ocirc;ng việc, g&oacute;p phần sự nghiệp bảo vệ m&ocirc;i trường Việt Nam. </span></p>\n<h2><strong>CƠ HỘI NGHỀ NGHIỆP </strong></h2>\n<p><span style=\"font-weight: 400;\">Sinh vi&ecirc;n sau khi tốt nghiệp c&oacute; thể l&agrave;m việc trong c&aacute;c nơi sau: </span></p>\n<ul>\n<li><span style=\"font-weight: 400;\">Cơ quan quản l&yacute; nh&agrave; nước: Sở M&ocirc;i trường v&agrave; T&agrave;i nguy&ecirc;n, Ph&ograve;ng M&ocirc;i trường v&agrave; T&agrave;i nguy&ecirc;n, viện nghi&ecirc;n cứu, chi cục m&ocirc;i trường...</span></li>\n<li>Doanh nghiệp: Bộ phận m&ocirc;i trường ở c&aacute;c doanh nghiệp</li>\n<li>Hoạt động độc lập: Lập doanh nghiệp hoạt động trong lĩnh vực M&ocirc;i trường</li>\n<li>Nghi&ecirc;n cứu v&agrave; học tập ở c&aacute;c bậc cao hơn: Thạc sĩ, Tiến sĩ</li>\n<li>Giảng dạy về m&ocirc;i trường tại c&aacute;c trường Đại học, Cao đẳng, Trung học phổ th&ocirc;ng ...</li>\n</ul>\n<h2><strong>CHUY&Ecirc;N NG&Agrave;NH Đ&Agrave;O TẠO&nbsp;</strong></h2>\n<h3><strong>Khoa học M&ocirc;i trường</strong></h3>\n<p><span style=\"font-weight: 400;\">Cung cấp kiến thức cơ bản khoa học hệ thống m&ocirc;i trường trong nghi&ecirc;n cứu, điều tra, giải quyết c&aacute;c vấn đề li&ecirc;n quan đến m&ocirc;i trường đất v&agrave; nước, cũng như c&aacute;c t&aacute;c động của tự nhi&ecirc;n v&agrave; nh&acirc;n sinh đến c&aacute;c m&ocirc;i trường n&agrave;y. Bao gồm c&aacute;c hướng nghi&ecirc;n cứu: địa chất m&ocirc;i trường, h&oacute;a m&ocirc;i trường, sinh học m&ocirc;i trường, sức khỏe m&ocirc;i trường, Năng lượng v&agrave; m&ocirc;i trường, v&agrave; kinh tế m&ocirc;i trường.</span></p>\n<h3><strong>Tin học m&ocirc;i trường </strong></h3>\n<p><span style=\"font-weight: 400;\">Cung cấp kiến thức cơ bản khoa học hệ thống m&ocirc;i trường, kết hợp với C&ocirc;ng nghệ t&iacute;nh to&aacute;n, v&agrave; c&ocirc;ng nghệ số (c&ocirc;ng nghệ th&ocirc;ng tin v&agrave; C&ocirc;ng nghệ kh&ocirc;ng gian) trong nghi&ecirc;n cứu v&agrave; giải quyết c&aacute;c vấn đề li&ecirc;n quan đến b&agrave;i to&aacute;n quản l&yacute; v&agrave; sử dụng hiệu quả t&agrave;i nguy&ecirc;n m&ocirc;i trường. Bao gồm c&aacute;c hướng nghi&ecirc;n cứu: m&ocirc; h&igrave;nh h&oacute;a m&ocirc;i trường, lập tr&igrave;nh ứng dụng v&agrave; cơ sở dữ liệu m&ocirc;i trường: hệ thống th&ocirc;ng tin, địa l&yacute; (GIS) v&agrave; Viễn th&aacute;m (RS).</span></p>\n<h3><strong>T&agrave;i nguy&ecirc;n thi&ecirc;n nhi&ecirc;n v&agrave; m&ocirc;i trường </strong></h3>\n<p><span style=\"font-weight: 400;\">Cung cấp kiến thức cơ bản khoa học hệ thống, m&ocirc;i trường trong nghi&ecirc;n cứu, điều tra, giải, quyết c&aacute;c vấn đề li&ecirc;n quan đến b&agrave;i to&aacute;n quản, l&yacute; v&agrave; sử dụng hiệu quả t&agrave;i nguy&ecirc;n thi&ecirc;n nhi&ecirc;n, v&agrave; m&ocirc;i trường. Bao gồm c&aacute;c hướng nghi&ecirc;n cửu: t&agrave;i nguy&ecirc;n nước, t&agrave;i nguy&ecirc;n đất, t&agrave;i nguy&ecirc;n sinh vật v&agrave; rừng, v&agrave; t&agrave;i nguy&ecirc;n kho&aacute;ng sản.</span></p>\n<h3><strong>Quản l&yacute; M&ocirc;i trường</strong></h3>\n<p><span style=\"font-weight: 400;\">Cung cấp kiến thức cơ bản về t&agrave;i nguy&ecirc;n thi&ecirc;n nhi&ecirc;n v&agrave; m&ocirc;i trường, kiến thức về quản | l&yacute; để giải quyết c&aacute;c vấn đề li&ecirc;n quan đến b&agrave;i </span><span style=\"font-weight: 400;\">to&aacute;n quản l&yacute; t&agrave;i nguy&ecirc;n m&ocirc;i trường v&agrave; m&ocirc;i trường. Bao gồm c&aacute;c hướng nghi&ecirc;n cứu: quản l&yacute; v&agrave; sử dụng t&agrave;i nguy&ecirc;n thi&ecirc;n nhi&ecirc;n; x&acirc;y dựng hệ thống quản l&yacute; m&ocirc;i trường; quản l&yacute; m&ocirc;i trường theo lĩnh vực v&agrave; doanh nghiệp: quản l&yacute; &ocirc; nhiễm v&agrave; chất lượng m&ocirc;i trường; ph&acirc;n t&iacute;ch hệ thống v&agrave; &aacute;p dụng cho tất cả c&aacute;c C&ocirc;ng cụ trong quản l&yacute; t&agrave;i nguy&ecirc;n v&agrave; m&ocirc;i trường, quản l&yacute; m&ocirc;i trường n&ocirc;ng nghiệp n&ocirc;ng th&ocirc;n, đ&ocirc; thị v&agrave; khu c&ocirc;ng nghiệp.</span></p>\n<h3><strong>M&ocirc;i trường v&agrave; t&agrave;i nguy&ecirc;n biển </strong></h3>\n<p><span style=\"font-weight: 400;\">Cung cấp kiến thức cơ bản khoa học hệ thống m&ocirc;i trường trong nghi&ecirc;n cứu, điều tra, giải quyết c&aacute;c vấn đề li&ecirc;n quan đến b&agrave;i to&aacute;n quản l&yacute; v&agrave; sử dụng hiệu quả t&agrave;i nguy&ecirc;n m&ocirc;i trường biển. Bao gồm c&aacute;c hướng nghi&ecirc;n cứu: m&ocirc;i trường đới bờ, t&agrave;i nguy&ecirc;n bờ v&agrave; biển, v&agrave; sinh th&aacute;i biển v&agrave; đại dương.</span></p>\n<h3><strong>Viễn th&aacute;m &amp; GIS ứng dụng trong QL T&agrave;i nguy&ecirc;n v&agrave; M&ocirc;i trường </strong></h3>\n<p>Cung cấp kiến thức cơ bản về t&agrave;i nguy&ecirc;n thi&ecirc;n nhi&ecirc;n v&agrave; m&ocirc;i trường, kiến thức về c&ocirc;ng nghệ kh&ocirc;ng gian (GIS v&agrave; viễn th&aacute;m) để giải quyết c&aacute;c vấn đề li&ecirc;n quan đến b&agrave;i to&aacute;n quản l&yacute; v&agrave; sử dụng hiệu quả t&agrave;i nguy&ecirc;n m&ocirc;i trường v&agrave; m&ocirc;i trường.</p>','https://tuyensinh.hcmus.edu.vn/images/2017/05/16/ngnh-hc-khmt.png',140,'CQ','','1.170.000 đồng/tháng',''),('7440301_CLC',6,'CHẤT LƯỢNG CAO NGÀNH KHOA HỌC MÔI TRƯỜNG','<h1><strong>CHƯƠNG TR&Igrave;NH CHẤT LƯỢNG CAO NG&Agrave;NH KHOA HỌC M&Ocirc;I TRƯỜNG</strong></h1>\n<h2><strong>M&atilde; ng&agrave;nh tuyển sinh: 7440301_CLC</strong></h2>\n<ul>\n<li>\n<h4>Thời gian đ&agrave;o tạo: 4 năm</h4>\n</li>\n<li>\n<h4>Tập trung v&agrave;o 2 hướng Khoa học m&ocirc;i trường v&agrave; Quản l&yacute; m&ocirc;i trường.&nbsp;&nbsp;</h4>\n</li>\n</ul>\n<h3><strong>Ưu điểm của chương tr&igrave;nh:</strong></h3>\n<ul>\n<li>Hơn 20% học phần trong chương tr&igrave;nh được giảng dạy bằng tiếng Anh;</li>\n<li>Tăng số lượng học phần thực h&agrave;nh v&agrave; học phần tự chọn, chương tr&igrave;nh linh động hơn v&agrave; đ&aacute;p ứng t&iacute;nh thực tiễn.</li>\n<li>C&oacute; cơ hội học c&aacute;c chương tr&igrave;nh trao đổi, thực tập tại nước ngo&agrave;i.</li>\n<li>Qui m&ocirc; lớp học nhỏ, tương t&aacute;c cao với giảng vi&ecirc;n.</li>\n<li>Trang thiết bị, cơ sở vật chất hiện đại, ph&ograve;ng học m&aacute;y lạnh.</li>\n<li>Học tập chủ yếu tại cơ sở 1 (227 Nguyễn Văn Cừ, Quận 5,TP. HCM).</li>\n</ul>\n<h3>Chương tr&igrave;nh đ&agrave;o tạo cử nh&acirc;n Khoa học M&ocirc;i trường với những năng lực v&agrave; phẩm chất sau:</h3>\n<ul>\n<li>C&oacute; c&aacute;c kiến thức cơ bản về khoa học tự nhi&ecirc;n nhằm đ&aacute;p ứng cho việc tiếp thu c&aacute;c kiến thức m&ocirc;i trường v&agrave; khả năng học tập ở tr&igrave;nh độ cao hơn &aacute;p dụng trong lĩnh vực khoa học m&ocirc;i trường.</li>\n<li>C&oacute; c&aacute;c kiến thức cơ bản, cơ sở v&agrave; n&acirc;ng cao về m&ocirc;i trường, kỹ năng thực h&agrave;nh s&acirc;u rộng với phương ph&aacute;p luận vững chắc, c&oacute; khả năng tiếp cận nhanh c&aacute;c kiến thức mới v&agrave; c&oacute; thể vận dụng v&agrave;o việc giải quyết c&aacute;c vấn đề m&ocirc;i trường g&oacute;p phần ph&aacute;t triển khoa học c&ocirc;ng nghệ v&agrave; bảo vệ m&ocirc;i trường.</li>\n<li>C&oacute; kỹ năng l&agrave;m việc độc lập, chủ động; c&oacute; khả năng nhận dạng, ph&acirc;n t&iacute;ch, đ&aacute;nh gi&aacute;, thiết kế v&agrave; giải quyết những vấn đề trong lĩnh vực khoa học m&ocirc;i trường một c&aacute;ch logic, s&aacute;ng tạo; c&oacute; kỹ năng l&atilde;nh đạo, c&oacute; khả năng tự học tập v&agrave; nghi&ecirc;n cứu để đ&aacute;p ứng y&ecirc;u cầu ph&aacute;t triển kinh tế - x&atilde; hội ng&agrave;y c&agrave;ng cao của đất nước v&agrave; ph&ugrave; hợp với xu thế ph&aacute;t triển quốc tế, hội nhập với nền gi&aacute;o dục đại học ti&ecirc;n tiến của khu vực v&agrave; tr&ecirc;n thế giới.</li>\n<li>C&oacute; khả năng sử dụng th&agrave;nh thạo tiếng Anh trong giao tiếp v&agrave; chuy&ecirc;n ng&agrave;nh, đạt tr&igrave;nh độ B2.1 theo quy định của ĐHQG-HCM.</li>\n<li>C&oacute; phẩm chất đạo đức tốt, c&oacute; &yacute; thức cống hiến cho sự nghiệp x&acirc;y dựng v&agrave; bảo vệ tổ quốc, c&oacute; l&ograve;ng say m&ecirc; khoa học v&agrave; tự r&egrave;n luyện n&acirc;ng cao năng lực chuy&ecirc;n m&ocirc;n, tự tin v&agrave; trung thực.</li>\n</ul>','https://tuyensinh.hcmus.edu.vn/images/2020/06/20/khmt_clc.png',40,'CLC','','40.000.000 đồng /năm',''),('7460101_NN',8,'TOÁN HỌC, TIN HỌC, TOÁN ỨNG DỤNG','<h1><strong>NG&Agrave;NH TO&Aacute;N HỌC </strong></h1>\n<h2><strong>M&atilde; ng&agrave;nh tuyển sinh: 7460101</strong></h2>\n<h2><strong>KHOA TO&Aacute;N - TIN HỌC: <a href=\"http://www.math.hcmus.edu.vn\">www.math.hcmus.edu.vn</a></strong></h2>\n<p><span style=\"font-weight: 400;\">Đ&agrave;o tạo tr&igrave;nh độ cử nh&acirc;n c&oacute; nền tảng kiến thức to&aacute;n v&agrave; tin học rộng v&agrave; vững v&agrave;ng, c&oacute; kiến thức cơ sở của một hướng, C&oacute; kiến thức ri&ecirc;ng của một chuy&ecirc;n ng&agrave;nh của hướng, c&oacute; hiểu biết chuy&ecirc;n s&acirc;u trong một lĩnh vực của chuy&ecirc;n ng&agrave;nh, c&oacute; hiểu biết trong một số chuy&ecirc;n ng&agrave;nh kh&aacute;c của to&aacute;n v&agrave; tin học, C&oacute; tư duy v&agrave; phương ph&aacute;p khoa học khi tiếp cận c&aacute;c vấn đề thực tế, c&oacute; khả năng l&agrave;m việc với những vấn đề phức tạp đ&ograve;i hỏi khả năng ph&acirc;n t&iacute;ch v&agrave; định lượng, c&oacute; c&aacute;c kỹ năng cần thiết cho l&agrave;m việc v&agrave; học tập tiếp theo, như khả năng tự học, tinh thần chủ động, s&aacute;ng tạo, cộng t&aacute;c.</span></p>\n<h2><strong>Hướng To&aacute;n</strong></h2>\n<h3><strong>Mục ti&ecirc;u đ&agrave;o tạo: </strong></h3>\n<p><span style=\"font-weight: 400;\">Hướng to&aacute;n nhằm cung cấp cho sinh vi&ecirc;n n&ecirc;n tảng to&aacute;n học vững v&agrave;ng về đại số, giải t&iacute;ch, x&aacute;c suất thống k&ecirc;, tin học, gi&uacute;p sinh vi&ecirc;n đi v&agrave;o c&aacute;c chuy&ecirc;n ng&agrave;nh c&oacute; thể ph&acirc;n loại một c&aacute;ch tương đổi th&agrave;nh to&aacute;n l&iacute; thuyết (đại số, giải t&iacute;ch) hay to&aacute;n ứng dụng giải t&iacute;ch số, cơ học, tối ưu, x&aacute;c suất-thống k&ecirc;) (mỗi chuy&ecirc;n ng&agrave;nh đều c&oacute; lĩnh vực mang t&iacute;nh l&yacute; thuyết nhiều hơn hoặc ứng dụng nhiều hơn).</span></p>\n<h3><strong>Cơ hội nghề nghiệp: </strong></h3>\n<ul>\n<li><span style=\"font-weight: 400;\">Giảng dạy v&agrave; nghi&ecirc;n cứu to&aacute;n tại c&aacute;c trường đại học, cao đẳng, phổ th&ocirc;ng, trung học chuy&ecirc;n nghiệp, c&aacute;c trung t&acirc;m văn h&oacute;a.</span></li>\n<li>L&agrave;m việc trong c&aacute;c ng&agrave;nh khoa học, kỹ thuật, kinh tế, quản l&yacute;, .. Cần năng lực ph&acirc;n t&iacute;ch, xử l&yacute; những vấn đề phức tạp cao, c&oacute; thể sử dụng c&aacute;c c&ocirc;ng cụ, phương ph&aacute;p to&aacute;n học.</li>\n</ul>\n<h2><strong>Hướng T&agrave;i ch&iacute;nh</strong></h2>\n<h3><strong>Mục ti&ecirc;u đ&agrave;o tạo: </strong></h3>\n<p><span style=\"font-weight: 400;\">Đ&agrave;o tạo cử nh&acirc;n c&oacute; kiến thức nền tảng vững v&agrave;ng về to&aacute;n-tin học, c&oacute; kiến thức rộng về kinh tế v&agrave; đủ s&acirc;u về việc sử dụng c&aacute;c c&ocirc;ng cụ t&agrave;i ch&iacute;nh định lượng. C&oacute; khả năng nghi&ecirc;n cứu, ph&acirc;n t&iacute;ch v&agrave; tư vấn đầu tư t&agrave;i ch&iacute;nh tr&ecirc;n cơ sở ứng dụng c&aacute;c phương ph&aacute;p to&aacute;n học, xử l&yacute; dữ liệu v&agrave; kỹ thuật t&iacute;nh to&aacute;n hiện đại. Sinh vi&ecirc;n được trang bị c&aacute;c kiến thức về t&agrave;i ch&iacute;nh như ph&acirc;n t&iacute;ch định gi&aacute;, ph&acirc;n t&iacute;ch rủi ro, quản l&yacute; danh mục đầu tư v&agrave; dự b&aacute;o t&agrave;i ch&iacute;nh.</span></p>\n<h3><strong>Cơ hội nghề nghiệp: </strong></h3>\n<ul>\n<li><span style=\"font-weight: 400;\">L&agrave;m việc trong c&aacute;c c&ocirc;ng ty t&agrave;i ch&iacute;nh, c&aacute;c c&ocirc;ng ty chứng kho&aacute;n, c&ocirc;ng ty bảo hiểm, c&aacute;c ng&acirc;n h&agrave;ng thương mại, c&aacute;c quỹ đầu tư.</span></li>\n<li><span style=\"font-weight: 400;\">L&agrave;m quản l&yacute; trong c&aacute;c cơ quan nh&agrave; nước.</span></li>\n<li><span style=\"font-weight: 400;\">Giảng dạy tại c&aacute;c trường đại học, cao đẳng.</span></li>\n</ul>\n<h2><strong>Hướng Tin học</strong></h2>\n<h3><strong>Mục ti&ecirc;u đ&agrave;o tạo: </strong></h3>\n<p><span style=\"font-weight: 400;\">Hướng Tin học nhằm cung cấp cho sinh vi&ecirc;n nền tảng về khoa học m&aacute;y t&iacute;nh, lập tr&igrave;nh, v&agrave; c&aacute;c c&ocirc;ng cụ to&aacute;n học, gi&uacute;p sinh vi&ecirc;n đi v&agrave;o c&aacute;c chuy&ecirc;n ng&agrave;nh Phương ph&aacute;p to&aacute;n trong tin học (nghi&ecirc;ng về việc sử dụng c&aacute;c c&ocirc;ng cụ v&agrave; phương ph&aacute;p to&aacute;n học trong tin học) v&agrave; To&aacute;n tin ứng dụng (nghi&ecirc;ng về ứng dụng kỹ thuật, c&ocirc;ng nghệ, lập tr&igrave;nh).</span></p>\n<h3><strong>Cơ hội nghề nghiệp: </strong></h3>\n<ul>\n<li><span style=\"font-weight: 400;\">L&agrave;m việc tại c&aacute;c viện, c&aacute;c trung t&acirc;m nghi&ecirc;n cứu, c&aacute;c trường đại học về lĩnh vực to&aacute;n-tin, c&ocirc;ng nghệ th&ocirc;ng tin </span></li>\n<li><span style=\"font-weight: 400;\">L&agrave;m việc tại c&aacute;c c&ocirc;ng ty kinh doanh, x&iacute; nghiệp sản xuất để thiết kế, x&acirc;y dựng, vận h&agrave;nh c&aacute;c hệ thống th&ocirc;ng tin </span></li>\n<li><span style=\"font-weight: 400;\">L&agrave;m việc c&aacute;c C&ocirc;ng ty phần mềm với tư c&aacute;ch l&agrave; người ph&acirc;n t&iacute;ch hoặc lập tr&igrave;nh.</span></li>\n</ul>\n<h2><strong>Hướng Sư phạm</strong></h2>\n<h3><strong>Mục ti&ecirc;u đ&agrave;o tạo: </strong></h3>\n<p><span style=\"font-weight: 400;\">Chương tr&igrave;nh đ&agrave;o tạo hướng tới việc đ&agrave;o tạo c&aacute;c cử nh&acirc;n c&oacute; kiến thức chuy&ecirc;n m&ocirc;n về to&aacute;n-tin học, khoa học gi&aacute;o dục v&agrave; sư phạm, c&oacute; kỹ năng thực h&agrave;nh th&agrave;nh thạo, c&oacute; năng lực tư duy tốt, c&oacute; khả năng l&agrave;m việc độc lập, s&aacute;ng tạo, C&oacute; &yacute; thức đạo đức nghề nghiệp.</span></p>\n<h3><strong>Cơ hội nghề nghiệp: </strong></h3>\n<ul>\n<li><span style=\"font-weight: 400;\">Giảng dạy tại c&aacute;c trường trung học, trung cấp chuy&ecirc;n nghiệp v&agrave; dạy nghề, trường đại học, cao đẳng, c&aacute;c trung t&acirc;m văn h&oacute;a </span></li>\n<li><span style=\"font-weight: 400;\">Tham gia c&ocirc;ng t&aacute;c đảm bảo chất lượng gi&aacute;o dục, quản l&yacute; gi&aacute;o dục</span></li>\n</ul>\n<p><strong><em>*Ch&uacute; &yacute; hướng Sư phạm kh&ocirc;ng cấp &ldquo;Chứng chỉ nghiệp vụ sư phạm. Hiện nay một số đơn vị gi&aacute;o dục y&ecirc;u cầu chứng chỉ n&agrave;y khi tuyển dụng.</em></strong></p>','https://tuyensinh.hcmus.edu.vn/images/2021/03/10/nn-thtttud.png',210,'CQ','','1.170.000 đồng/tháng',''),('7480101_TT',1,'CHƯƠNG TRÌNH TIÊN TIẾN NGÀNH KHOA HỌC MÁY TÍNH','<p>.</p>','https://tuyensinh.hcmus.edu.vn/images/2020/08/18/khmt_cttt.png',80,'TT','','47.000.000 đồng /năm',''),('7480109',8,'KHOA HỌC DỮ LIỆU','<p>.</p>','https://tuyensinh.hcmus.edu.vn/images/2020/10/13/khdl.png',50,'CQ','','1.170.000 đồng/tháng',''),('7480201_CLC',1,'CHƯƠNG TRÌNH CỬ NHÂN CÔNG NGHỆ THÔNG TIN THEO CHUẨN KIỂM ĐỊNH QUỐC TẾ','<p>.</p>','https://tuyensinh.hcmus.edu.vn/images/2018/12/18/ngnh-hc-cntt-clc.png',440,'CLC','','34.800.000 đồng/năm',''),('7480201_CN',1,'CÔNG NGHỆ THÔNG TIN','','',0,'CN','','',''),('7480201_CNVB2',1,'CÔNG NGHỆ THÔNG TIN','','',0,'CNVB2','','',''),('7480201_LTDH',1,'CÔNG NGHỆ THÔNG TIN','','',0,'LTDH','','',''),('7480201_NN',1,'MÁY TÍNH VÀ CÔNG NGHỆ THÔNG TIN','<section id=\"section-id-1550225137291\" class=\"sppb-section\">\n<div class=\"sppb-row-container\">\n<div class=\"sppb-row\">\n<div id=\"column-wrap-id-1550225137324\" class=\"sppb-col-md-4\">\n<div id=\"column-id-1550225137324\" class=\"sppb-column\">\n<div class=\"sppb-column-addons\">\n<div id=\"sppb-addon-wrapper-1550225137321\" class=\"sppb-addon-wrapper\">\n<div id=\"sppb-addon-1550225137321\" class=\"clearfix \">\n<div class=\"sppb-addon sppb-addon-text-block  \">\n<div class=\"sppb-addon-content\">\n<section id=\"section-id-1550225137291\" class=\"sppb-section\">\n<div class=\"sppb-row-container\">\n<div class=\"sppb-row\">\n<div id=\"column-wrap-id-1550225137324\" class=\"sppb-col-md-4\">\n<div id=\"column-id-1550225137324\" class=\"sppb-column\">\n<div class=\"sppb-column-addons\">\n<div id=\"sppb-addon-wrapper-1550225137321\" class=\"sppb-addon-wrapper\">\n<div id=\"sppb-addon-1550225137321\" class=\"clearfix \">\n<div class=\"sppb-addon sppb-addon-text-block  \">\n<div class=\"sppb-addon-content\">\n<section id=\"section-id-1605669850869\" class=\"sppb-section\">\n<div class=\"sppb-row-container\">\n<div class=\"sppb-row\">\n<div id=\"column-wrap-id-1605669850868\" class=\"sppb-col-md-12\">\n<div id=\"column-id-1605669850868\" class=\"sppb-column\">\n<div class=\"sppb-column-addons\">\n<div id=\"sppb-addon-wrapper-1605669850872\" class=\"sppb-addon-wrapper\">\n<div id=\"sppb-addon-1605669850872\" class=\"clearfix \">\n<div class=\"sppb-addon sppb-addon-tab \">\n<div class=\"sppb-addon-content sppb-tab sppb-custom-tab sppb-tab-nav-left\">\n<div class=\"sppb-tab-content sppb-tab-custom-content\">\n<div id=\"sppb-tab1-1\" class=\"sppb-tab-pane sppb-fade active in\" role=\"tabpanel\" aria-labelledby=\"sppb-content1-1\">\n<div id=\"sppb-addon-wrapper-1602581216\" class=\"sppb-addon-wrapper\">\n<div id=\"sppb-addon-1602581216\" class=\"clearfix \">\n<div class=\"sppb-addon sppb-addon-text-block  \">\n<div class=\"sppb-addon-content\">\n<section id=\"section-id-1550225137291\" class=\"sppb-section\">\n<div class=\"sppb-row-container\">\n<div class=\"sppb-row\">\n<div id=\"column-wrap-id-1550225137324\" class=\"sppb-col-md-4\">\n<div id=\"column-id-1550225137324\" class=\"sppb-column\">\n<div class=\"sppb-column-addons\">\n<div id=\"sppb-addon-wrapper-1550225137321\" class=\"sppb-addon-wrapper\">\n<div id=\"sppb-addon-1550225137321\" class=\"clearfix \">\n<div class=\"sppb-addon sppb-addon-text-block  \">\n<div class=\"sppb-addon-content\">\n<section id=\"section-id-1550225137291\" class=\"sppb-section\">\n<div class=\"sppb-row-container\">\n<div class=\"sppb-row\">\n<div id=\"column-wrap-id-1550225137324\" class=\"sppb-col-md-4\">\n<div id=\"column-id-1550225137324\" class=\"sppb-column\">\n<div class=\"sppb-column-addons\">\n<div id=\"sppb-addon-wrapper-1550225137321\" class=\"sppb-addon-wrapper\">\n<div id=\"sppb-addon-1550225137321\" class=\"clearfix \">\n<div class=\"sppb-addon sppb-addon-text-block  \">\n<div class=\"sppb-addon-content\">\n<section id=\"section-id-1603694713633\" class=\"sppb-section\">\n<div class=\"sppb-row-container\">\n<div class=\"sppb-row\">\n<div id=\"column-wrap-id-1603694713632\" class=\"sppb-col-md-12\">\n<div id=\"column-id-1603694713632\" class=\"sppb-column\">\n<div class=\"sppb-column-addons\">\n<div id=\"sppb-addon-wrapper-1603694713636\" class=\"sppb-addon-wrapper\">\n<div id=\"sppb-addon-1603694713636\" class=\"clearfix \">\n<div class=\"sppb-addon sppb-addon-tab \">\n<div class=\"sppb-addon-content sppb-tab sppb-custom-tab sppb-tab-nav-left\">\n<div class=\"sppb-tab-content sppb-tab-custom-content\">\n<div id=\"sppb-tab1-1\" class=\"sppb-tab-pane sppb-fade active in\" role=\"tabpanel\" aria-labelledby=\"sppb-content1-1\">\n<div id=\"sppb-addon-wrapper-1602581216\" class=\"sppb-addon-wrapper\">\n<div id=\"sppb-addon-1602581216\" class=\"clearfix \">\n<div class=\"sppb-addon sppb-addon-text-block  \">\n<section id=\"section-id-1602639636950\" class=\"sppb-section\">\n<div class=\"sppb-row-container\">\n<div class=\"sppb-row\">\n<div id=\"column-wrap-id-1602639636949\" class=\"sppb-col-md-12\">\n<div id=\"column-id-1602639636949\" class=\"sppb-column\">\n<div class=\"sppb-column-addons\">\n<div id=\"sppb-addon-wrapper-1605670719877\" class=\"sppb-addon-wrapper\">\n<div id=\"sppb-addon-1605670719877\" class=\"clearfix \">\n<div class=\"sppb-addon sppb-addon-tab \">\n<div class=\"sppb-addon-content sppb-tab sppb-custom-tab sppb-tab-nav-left\">\n<div class=\"sppb-tab-content sppb-tab-custom-content\">\n<div id=\"sppb-tab1-9\" class=\"sppb-tab-pane sppb-fade active in\" role=\"tabpanel\" aria-labelledby=\"sppb-content1-9\">\n<div id=\"sppb-addon-wrapper-1605686843723\" class=\"sppb-addon-wrapper\">\n<div id=\"sppb-addon-1605686843723\" class=\"clearfix \">\n<div class=\"sppb-addon sppb-addon-text-block  \">\n<div class=\"sppb-addon-content\">\n<section id=\"section-id-1550225137291\" class=\"sppb-section\">\n<div class=\"sppb-row-container\">\n<div class=\"sppb-row\">\n<div id=\"column-wrap-id-1550225137324\" class=\"sppb-col-md-4\">\n<div id=\"column-id-1550225137324\" class=\"sppb-column\">\n<div class=\"sppb-column-addons\">\n<div id=\"sppb-addon-wrapper-1550225137321\" class=\"sppb-addon-wrapper\">\n<div id=\"sppb-addon-1550225137321\" class=\"clearfix \">\n<div class=\"sppb-addon sppb-addon-text-block  \">\n<div class=\"sppb-addon-content\">\n<section id=\"section-id-1602640579695\" class=\"sppb-section\">\n<div class=\"sppb-row-container\">\n<div class=\"sppb-row\">\n<div id=\"column-wrap-id-1602640579694\" class=\"sppb-col-md-12\">\n<div id=\"column-id-1602640579694\" class=\"sppb-column\">\n<div class=\"sppb-column-addons\">\n<div id=\"sppb-addon-wrapper-1602640579698\" class=\"sppb-addon-wrapper\">\n<div id=\"sppb-addon-1602640579698\" class=\"clearfix \">\n<div class=\"sppb-addon sppb-addon-tab \">\n<div class=\"sppb-addon-content sppb-tab sppb-custom-tab sppb-tab-nav-left\">\n<div class=\"sppb-tab-content sppb-tab-custom-content\">\n<div id=\"sppb-tab1-1\" class=\"sppb-tab-pane sppb-fade active in\" role=\"tabpanel\" aria-labelledby=\"sppb-content1-1\">\n<div id=\"sppb-addon-wrapper-1602581216\" class=\"sppb-addon-wrapper\">\n<div id=\"sppb-addon-1602581216\" class=\"clearfix \">\n<div class=\"sppb-addon sppb-addon-text-block  \">\n<div class=\"sppb-addon-content\">\n<section id=\"section-id-1550225137291\" class=\"sppb-section\">\n<div class=\"sppb-row-container\">\n<div class=\"sppb-row\">\n<div id=\"column-wrap-id-1550225137324\" class=\"sppb-col-md-4\">\n<div id=\"column-id-1550225137324\" class=\"sppb-column\">\n<div class=\"sppb-column-addons\">\n<div id=\"sppb-addon-wrapper-1550225137321\" class=\"sppb-addon-wrapper\">\n<div id=\"sppb-addon-1550225137321\" class=\"clearfix \">\n<div class=\"sppb-addon sppb-addon-text-block  \">\n<div class=\"sppb-addon-content\">\n<div>\n<div>\n<p><img class=\"sppb-img-responsive\" title=\"\" src=\"https://tuyensinh.hcmus.edu.vn/images/2021/04/08/cntt1.png\" alt=\"Image\" /></p>\n</div>\n</div>\n</div>\n</div>\n</div>\n</div>\n</div>\n</div>\n</div>\n</div>\n</div>\n</section>\n<section id=\"section-id-1617869001283\" class=\"sppb-section\">\n<div class=\"sppb-row-container\">\n<div class=\"sppb-row\">\n<div id=\"column-wrap-id-1617869001282\" class=\"sppb-col-md-12\">\n<div id=\"column-id-1617869001282\" class=\"sppb-column\">\n<div class=\"sppb-column-addons\">\n<div id=\"sppb-addon-wrapper-1617869001289\" class=\"sppb-addon-wrapper\">\n<div id=\"sppb-addon-1617869001289\" class=\"clearfix \">\n<div class=\"sppb-addon sppb-addon-single-image sppb-text-center \">\n<div class=\"sppb-addon-content\">\n<div class=\"sppb-addon-single-image-container\"><img class=\"sppb-img-responsive\" title=\"\" src=\"https://tuyensinh.hcmus.edu.vn/images/2021/04/08/cntt2.png\" alt=\"Image\" /></div>\n</div>\n</div>\n</div>\n</div>\n</div>\n</div>\n</div>\n</div>\n</div>\n</section>\n</div>\n</div>\n</div>\n</div>\n</div>\n</div>\n</div>\n</div>\n</div>\n</div>\n</div>\n</div>\n</div>\n</div>\n</div>\n</section>\n</div>\n</div>\n</div>\n</div>\n</div>\n</div>\n</div>\n</div>\n</div>\n</section>\n</div>\n</div>\n</div>\n</div>\n</div>\n</div>\n</div>\n</div>\n</div>\n</div>\n</div>\n</div>\n</div>\n</div>\n</div>\n</section>\n</div>\n</div>\n</div>\n</div>\n</div>\n</div>\n</div>\n</div>\n</div>\n</div>\n</div>\n</div>\n</div>\n</div>\n</section>\n</div>\n</div>\n</div>\n</div>\n</div>\n</div>\n</div>\n</div>\n</div>\n</section>\n</div>\n</div>\n</div>\n</div>\n</div>\n</div>\n</div>\n</div>\n</div>\n</section>\n</div>\n</div>\n</div>\n</div>\n</div>\n</div>\n</div>\n</div>\n</div>\n</div>\n</div>\n</div>\n</div>\n</div>\n</div>\n</section>\n</div>\n</div>\n</div>\n</div>\n</div>\n</div>\n</div>\n</div>\n</div>\n</section>\n</div>\n</div>\n</div>\n</div>\n</div>\n</div>\n</div>\n</div>\n</div>\n</section>','https://tuyensinh.hcmus.edu.vn/images/2017/05/16/ngnh-hc-cntt.png',420,'CQ','','1.170.000 đồng/tháng',''),('7480201_VP',1,'CHƯƠNG TRÌNH VIỆT - PHÁP NGÀNH CÔNG NGHỆ THÔNG TIN','<p>.</p>','https://tuyensinh.hcmus.edu.vn/images/2018/12/18/ngnh-hc-cntt-vp.png',40,'VP','','44.500.000 đồng/năm',''),('7480201_ZLD',1,'CHƯƠNG TRÌNH CỬ NHÂN QUỐC TẾ NGÀNH CÔNG NGHỆ THÔNG TIN','','',0,'','','',''),('7510401_CLC',4,'CÔNG NGHỆ KỸ THUẬT HÓA HỌC','<h1><strong>NG&Agrave;NH C&Ocirc;NG NGHỆ KỸ THUẬT H&Oacute;A HỌC (Chương tr&igrave;nh Chất lượng cao) </strong></h1>\n<h2><strong>M&atilde; ng&agrave;nh tuyển sinh: 7510401_CLC </strong></h2>\n<h2><span style=\"font-weight: 400;\">Đ&agrave;o tạo cử nh&acirc;n c&oacute; kiến thức khoa học, c&ocirc;ng nghệ để nghi&ecirc;n cứu v&agrave; ph&aacute;t triển c&aacute;c sản phẩm trong lĩnh vực h&oacute;a học</span></h2>\n<h2>KHOA H&Oacute;A HỌC: <strong><a href=\"http://www.chemistry.hcmus.edu.vn\">www.chemistry.hcmus.edu.vn</a></strong></h2>','https://tuyensinh.hcmus.edu.vn/images/2018/12/18/ngnh-hc-cnkthh.png',100,'CLC','','47.300.000 đồng/ năm',''),('7510402',5,'CÔNG NGHỆ VẬT LIỆU','','https://tuyensinh.hcmus.edu.vn/images/2020/06/20/cnvl.png',50,'CQ','','1.170.000 đồng/tháng',''),('7510406',6,'CÔNG NGHỆ KỸ THUẬT MÔI TRƯỜNG','<section id=\"section-id-1550225137291\" class=\"sppb-section\">\n<div class=\"sppb-row-container\">\n<div class=\"sppb-row\">\n<div id=\"column-wrap-id-1550225137324\" class=\"sppb-col-md-4\">\n<div id=\"column-id-1550225137324\" class=\"sppb-column\">\n<div class=\"sppb-column-addons\">\n<div id=\"sppb-addon-wrapper-1550225137321\" class=\"sppb-addon-wrapper\">\n<div id=\"sppb-addon-1550225137321\" class=\"clearfix \">\n<div class=\"sppb-addon sppb-addon-text-block  \">\n<div class=\"sppb-addon-content\">\n<p><img class=\"sppb-img-responsive\" title=\"\" src=\"https://tuyensinh.hcmus.edu.vn/images/2019/03/24/cong-nghe-ky-thuat-moi-truong-01.png\" alt=\"Image\" /></p>\n</div>\n</div>\n</div>\n</div>\n</div>\n</div>\n</div>\n</div>\n</div>\n</section>','https://tuyensinh.hcmus.edu.vn/images/2018/01/27/ngnh-hc-cnmt.png',100,'CQ','','1.170.000 đồng/tháng',''),('7520207',3,'KỸ THUẬT ĐIỆN TỬ VIỄN THÔNG','<section id=\"section-id-1550225137291\" class=\"sppb-section\">\n<div class=\"sppb-row-container\">\n<div class=\"sppb-row\">\n<div id=\"column-wrap-id-1550225137324\" class=\"sppb-col-md-4\">\n<div id=\"column-id-1550225137324\" class=\"sppb-column\">\n<div class=\"sppb-column-addons\">\n<div id=\"sppb-addon-wrapper-1550225137321\" class=\"sppb-addon-wrapper\">\n<div id=\"sppb-addon-1550225137321\" class=\"clearfix \">\n<div class=\"sppb-addon sppb-addon-text-block  \">\n<div class=\"sppb-addon-content\">\n<section id=\"section-id-1550225137291\" class=\"sppb-section\">\n<div class=\"sppb-row-container\">\n<div class=\"sppb-row\">\n<div id=\"column-wrap-id-1550225137324\" class=\"sppb-col-md-4\">\n<div id=\"column-id-1550225137324\" class=\"sppb-column\">\n<div class=\"sppb-column-addons\">\n<div id=\"sppb-addon-wrapper-1550225137321\" class=\"sppb-addon-wrapper\">\n<div id=\"sppb-addon-1550225137321\" class=\"clearfix \">\n<div class=\"sppb-addon sppb-addon-text-block  \">\n<div class=\"sppb-addon-content\">\n<p><img class=\"sppb-img-responsive\" title=\"\" src=\"https://tuyensinh.hcmus.edu.vn/images/2019/03/24/ky-thuat-dien-tu-vien-thong-01.png\" alt=\"Image\" /></p>\n</div>\n</div>\n</div>\n</div>\n</div>\n</div>\n</div>\n</div>\n</div>\n</section>\n<section id=\"section-id-1550225137296\" class=\"sppb-section\">\n<div class=\"sppb-row-container\">\n<div class=\"sppb-row\">\n<div id=\"column-wrap-id-1550225137295\" class=\"sppb-col-md-12\">\n<div id=\"column-id-1550225137295\" class=\"sppb-column\">\n<div class=\"sppb-column-addons\">\n<div id=\"sppb-addon-wrapper-1553513284487\" class=\"sppb-addon-wrapper\">\n<div id=\"sppb-addon-1553513284487\" class=\"clearfix \">\n<div class=\"sppb-addon sppb-addon-single-image sppb-text-center \">\n<div class=\"sppb-addon-content\">\n<div class=\"sppb-addon-single-image-container\"><img class=\"sppb-img-responsive\" title=\"\" src=\"https://tuyensinh.hcmus.edu.vn/images/2019/03/24/ky-thuat-dien-tu-vien-thong-02.png\" alt=\"Image\" /></div>\n</div>\n</div>\n</div>\n</div>\n<div id=\"sppb-addon-wrapper-1553513284492\" class=\"sppb-addon-wrapper\">\n<div id=\"sppb-addon-1553513284492\" class=\"clearfix \">\n<div class=\"sppb-addon sppb-addon-single-image sppb-text-center \">\n<div class=\"sppb-addon-content\">\n<div class=\"sppb-addon-single-image-container\"><img class=\"sppb-img-responsive\" title=\"\" src=\"https://tuyensinh.hcmus.edu.vn/images/2019/03/24/ky-thuat-dien-tu-vien-thong-03.png\" alt=\"Image\" /></div>\n</div>\n</div>\n</div>\n</div>\n</div>\n</div>\n</div>\n</div>\n</div>\n</section>\n</div>\n</div>\n</div>\n</div>\n</div>\n</div>\n</div>\n</div>\n</div>\n</section>','https://tuyensinh.hcmus.edu.vn/images/2018/01/25/dtvt.png',160,'CQ','','1.170.000 đồng/tháng',''),('7520207_CLC',3,'CHẤT LƯỢNG CAO NGÀNH KỸ THUẬT ĐIỆN TỬ, VIỄN THÔNG','','https://tuyensinh.hcmus.edu.vn/images/2018/01/25/dtvt_clc.png',80,'CLC','','32.000.000 đồng /năm',''),('7520402',9,'KỸ THUẬT HẠT NHÂN','<section id=\"section-id-1550225137291\" class=\"sppb-section\">\n<div class=\"sppb-row-container\">\n<div class=\"sppb-row\">\n<div id=\"column-wrap-id-1550225137324\" class=\"sppb-col-md-4\">\n<div id=\"column-id-1550225137324\" class=\"sppb-column\">\n<div class=\"sppb-column-addons\">\n<div id=\"sppb-addon-wrapper-1550225137321\" class=\"sppb-addon-wrapper\">\n<div id=\"sppb-addon-1550225137321\" class=\"clearfix \">\n<div class=\"sppb-addon sppb-addon-text-block  \">\n<div class=\"sppb-addon-content\">\n<section id=\"section-id-1550225137291\" class=\"sppb-section\">\n<div class=\"sppb-row-container\">\n<div class=\"sppb-row\">\n<div id=\"column-wrap-id-1550225137324\" class=\"sppb-col-md-4\">\n<div id=\"column-id-1550225137324\" class=\"sppb-column\">\n<div class=\"sppb-column-addons\">\n<div id=\"sppb-addon-wrapper-1550225137321\" class=\"sppb-addon-wrapper\">\n<div id=\"sppb-addon-1550225137321\" class=\"clearfix \">\n<div class=\"sppb-addon sppb-addon-text-block  \">\n<div class=\"sppb-addon-content\">\n<section id=\"section-id-1550225137291\" class=\"sppb-section\">\n<div class=\"sppb-row-container\">\n<div class=\"sppb-row\">\n<div id=\"column-wrap-id-1550225137324\" class=\"sppb-col-md-4\">\n<div id=\"column-id-1550225137324\" class=\"sppb-column\">\n<div class=\"sppb-column-addons\">\n<div id=\"sppb-addon-wrapper-1550225137321\" class=\"sppb-addon-wrapper\">\n<div id=\"sppb-addon-1550225137321\" class=\"clearfix \">\n<div class=\"sppb-addon sppb-addon-text-block  \">\n<div class=\"sppb-addon-content\">\n<p><img class=\"sppb-img-responsive\" title=\"\" src=\"https://tuyensinh.hcmus.edu.vn/images/2019/02/19/ky-thuat-hat-nhan-01.png\" alt=\"Image\" /></p>\n</div>\n</div>\n</div>\n</div>\n</div>\n</div>\n</div>\n</div>\n</div>\n</section>\n</div>\n</div>\n</div>\n</div>\n</div>\n</div>\n</div>\n</div>\n</div>\n</section>\n</div>\n</div>\n</div>\n</div>\n</div>\n</div>\n</div>\n</div>\n</div>\n</section>','https://tuyensinh.hcmus.edu.vn/images/2017/05/16/ngnh-hc-kthn.png',50,'CQ','','1.170.000 đồng/tháng',''),('7520403',9,'VẬT LÝ Y KHOA','','https://tuyensinh.hcmus.edu.vn/images/2020/06/20/vlyk.png',40,'CQ','','1.170.000 đồng/tháng',''),('7520501',2,'KỸ THUẬT ĐỊA CHẤT','','https://tuyensinh.hcmus.edu.vn/images/2020/06/20/ktdc.png',50,'CQ','','1.170.000 đồng/tháng',''),('KHMT_CH',1,'KHOA HỌC MÁY TÍNH','','',0,'CH','','','');
/*!40000 ALTER TABLE `major` ENABLE KEYS */;
UNLOCK TABLES;

--
-- Table structure for table `majormethod`
--

DROP TABLE IF EXISTS `majormethod`;
/*!40101 SET @saved_cs_client     = @@character_set_client */;
/*!50503 SET character_set_client = utf8mb4 */;
CREATE TABLE `majormethod` (
  `methodId` char(5) CHARACTER SET utf8mb4 COLLATE utf8mb4_unicode_ci NOT NULL DEFAULT '',
  `majorId` char(20) CHARACTER SET utf8mb4 COLLATE utf8mb4_unicode_ci NOT NULL DEFAULT '',
  PRIMARY KEY (`methodId`,`majorId`),
  KEY `FK_MajorMethod_Major` (`majorId`),
  CONSTRAINT `FK_MajorMethod_Major` FOREIGN KEY (`majorId`) REFERENCES `major` (`majorId`),
  CONSTRAINT `FK_MajorMethod_Method` FOREIGN KEY (`methodId`) REFERENCES `method` (`methodId`)
) ENGINE=InnoDB DEFAULT CHARSET=utf8mb4 COLLATE=utf8mb4_unicode_ci;
/*!40101 SET character_set_client = @saved_cs_client */;

--
-- Dumping data for table `majormethod`
--

LOCK TABLES `majormethod` WRITE;
/*!40000 ALTER TABLE `majormethod` DISABLE KEYS */;
INSERT INTO `majormethod` VALUES ('1','7420101'),('2','7420101'),('2A','7420101'),('3','7420101'),('4','7420101'),('5','7420101'),('5.','7420101'),('1','7420101_CLC'),('2','7420101_CLC'),('2A','7420101_CLC'),('3','7420101_CLC'),('4','7420101_CLC'),('5','7420101_CLC'),('5.','7420101_CLC'),('6','7420101_CLC'),('6.','7420101_CLC'),('1','7420201'),('2','7420201'),('2A','7420201'),('3','7420201'),('4','7420201'),('5','7420201'),('5.','7420201'),('1','7420201_CLC'),('2','7420201_CLC'),('2A','7420201_CLC'),('3','7420201_CLC'),('4','7420201_CLC'),('5','7420201_CLC'),('5.','7420201_CLC'),('6','7420201_CLC'),('6.','7420201_CLC'),('1','7440102'),('2','7440102'),('2A','7440102'),('3','7440102'),('4','7440102'),('5','7440102'),('5.','7440102'),('1','7440112'),('2','7440112'),('2A','7440112'),('3','7440112'),('4','7440112'),('5','7440112'),('5.','7440112'),('1','7440112_CLC'),('2','7440112_CLC'),('2A','7440112_CLC'),('3','7440112_CLC'),('4','7440112_CLC'),('5','7440112_CLC'),('5.','7440112_CLC'),('6','7440112_CLC'),('6.','7440112_CLC'),('1','7440112_VP'),('2','7440112_VP'),('2A','7440112_VP'),('3','7440112_VP'),('4','7440112_VP'),('5','7440112_VP'),('5.','7440112_VP'),('6','7440112_VP'),('6.','7440112_VP'),('1','7440122'),('2','7440122'),('2A','7440122'),('3','7440122'),('4','7440122'),('5','7440122'),('5.','7440122'),('1','7440201'),('2','7440201'),('2A','7440201'),('3','7440201'),('4','7440201'),('5','7440201'),('5.','7440201'),('1','7440228'),('2','7440228'),('2A','7440228'),('3','7440228'),('4','7440228'),('5','7440228'),('5.','7440228'),('1','7440301'),('2','7440301'),('2A','7440301'),('3','7440301'),('4','7440301'),('5','7440301'),('5.','7440301'),('1','7440301_CLC'),('2','7440301_CLC'),('2A','7440301_CLC'),('3','7440301_CLC'),('4','7440301_CLC'),('5','7440301_CLC'),('5.','7440301_CLC'),('6','7440301_CLC'),('6.','7440301_CLC'),('1','7460101_NN'),('2','7460101_NN'),('2A','7460101_NN'),('3','7460101_NN'),('4','7460101_NN'),('5','7460101_NN'),('5.','7460101_NN'),('1','7480101_TT'),('2','7480101_TT'),('2A','7480101_TT'),('3','7480101_TT'),('4','7480101_TT'),('5','7480101_TT'),('5.','7480101_TT'),('6','7480101_TT'),('6.','7480101_TT'),('1','7480201_CLC'),('2','7480201_CLC'),('2A','7480201_CLC'),('3','7480201_CLC'),('4','7480201_CLC'),('5','7480201_CLC'),('5.','7480201_CLC'),('6','7480201_CLC'),('6.','7480201_CLC'),('1','7480201_NN'),('2','7480201_NN'),('2A','7480201_NN'),('3','7480201_NN'),('4','7480201_NN'),('5','7480201_NN'),('5.','7480201_NN'),('1','7480201_VP'),('2','7480201_VP'),('2A','7480201_VP'),('3','7480201_VP'),('4','7480201_VP'),('5','7480201_VP'),('5.','7480201_VP'),('6','7480201_VP'),('6.','7480201_VP'),('1','7510401_CLC'),('2','7510401_CLC'),('2A','7510401_CLC'),('3','7510401_CLC'),('4','7510401_CLC'),('5','7510401_CLC'),('5.','7510401_CLC'),('6','7510401_CLC'),('6.','7510401_CLC'),('1','7510402'),('2','7510402'),('2A','7510402'),('3','7510402'),('4','7510402'),('5','7510402'),('5.','7510402'),('1','7510406'),('2','7510406'),('2A','7510406'),('3','7510406'),('4','7510406'),('5','7510406'),('5.','7510406'),('1','7520207'),('2','7520207'),('2A','7520207'),('3','7520207'),('4','7520207'),('5','7520207'),('5.','7520207'),('1','7520207_CLC'),('2','7520207_CLC'),('2A','7520207_CLC'),('3','7520207_CLC'),('4','7520207_CLC'),('5','7520207_CLC'),('5.','7520207_CLC'),('6','7520207_CLC'),('6.','7520207_CLC'),('1','7520402'),('2','7520402'),('2A','7520402'),('3','7520402'),('4','7520402'),('5','7520402'),('5.','7520402'),('1','7520403'),('2','7520403'),('2A','7520403'),('3','7520403'),('4','7520403'),('5','7520403'),('5.','7520403'),('1','7520501'),('2','7520501'),('2A','7520501'),('3','7520501'),('4','7520501'),('5','7520501'),('5.','7520501');
/*!40000 ALTER TABLE `majormethod` ENABLE KEYS */;
UNLOCK TABLES;

--
-- Table structure for table `majormethodrelation`
--

DROP TABLE IF EXISTS `majormethodrelation`;
/*!40101 SET @saved_cs_client     = @@character_set_client */;
/*!50503 SET character_set_client = utf8mb4 */;
CREATE TABLE `majormethodrelation` (
  `majorId` char(20) CHARACTER SET utf8mb4 COLLATE utf8mb4_unicode_ci NOT NULL,
  `methodId` char(5) CHARACTER SET utf8mb4 COLLATE utf8mb4_unicode_ci NOT NULL,
  PRIMARY KEY (`majorId`,`methodId`)
) ENGINE=InnoDB DEFAULT CHARSET=utf8mb4 COLLATE=utf8mb4_unicode_ci;
/*!40101 SET character_set_client = @saved_cs_client */;

--
-- Dumping data for table `majormethodrelation`
--

LOCK TABLES `majormethodrelation` WRITE;
/*!40000 ALTER TABLE `majormethodrelation` DISABLE KEYS */;
INSERT INTO `majormethodrelation` VALUES ('7420101','1'),('7420101','2'),('7420101','2A'),('7420101','3'),('7420101','4'),('7420101','5'),('7420101','5.'),('7420101_CLC','1'),('7420101_CLC','2'),('7420101_CLC','2A'),('7420101_CLC','3'),('7420101_CLC','4'),('7420101_CLC','5'),('7420101_CLC','5.'),('7420101_CLC','6'),('7420101_CLC','6.'),('7420201','1'),('7420201','2'),('7420201','2A'),('7420201','3'),('7420201','4'),('7420201','5'),('7420201','5.'),('7420201_CLC','1'),('7420201_CLC','2'),('7420201_CLC','2A'),('7420201_CLC','3'),('7420201_CLC','4'),('7420201_CLC','5'),('7420201_CLC','5.'),('7420201_CLC','6'),('7420201_CLC','6.'),('7440102','1'),('7440102','2'),('7440102','2A'),('7440102','3'),('7440102','4'),('7440102','5'),('7440102','5.'),('7440112','1'),('7440112','2'),('7440112','2A'),('7440112','3'),('7440112','4'),('7440112','5'),('7440112','5.'),('7440112_CLC','1'),('7440112_CLC','2'),('7440112_CLC','2A'),('7440112_CLC','3'),('7440112_CLC','4'),('7440112_CLC','5'),('7440112_CLC','5.'),('7440112_CLC','6'),('7440112_CLC','6.'),('7440112_VP','1'),('7440112_VP','2'),('7440112_VP','2A'),('7440112_VP','3'),('7440112_VP','4'),('7440112_VP','5'),('7440112_VP','5.'),('7440112_VP','6'),('7440112_VP','6.'),('7440122','1'),('7440122','2'),('7440122','2A'),('7440122','3'),('7440122','4'),('7440122','5'),('7440122','5.'),('7440201','1'),('7440201','2'),('7440201','2A'),('7440201','3'),('7440201','4'),('7440201','5'),('7440201','5.'),('7440228','1'),('7440228','2'),('7440228','2A'),('7440228','3'),('7440228','4'),('7440228','5'),('7440228','5.'),('7440301','1'),('7440301','2'),('7440301','2A'),('7440301','3'),('7440301','4'),('7440301','5'),('7440301','5.'),('7440301_CLC','1'),('7440301_CLC','2'),('7440301_CLC','2A'),('7440301_CLC','3'),('7440301_CLC','4'),('7440301_CLC','5'),('7440301_CLC','5.'),('7440301_CLC','6'),('7440301_CLC','6.'),('7460101_NN','1'),('7460101_NN','2'),('7460101_NN','2A'),('7460101_NN','3'),('7460101_NN','4'),('7460101_NN','5'),('7460101_NN','5.'),('7480101_TT','1'),('7480101_TT','2'),('7480101_TT','2A'),('7480101_TT','3'),('7480101_TT','4'),('7480101_TT','5'),('7480101_TT','5.'),('7480101_TT','6'),('7480101_TT','6.'),('7480201_CLC','1'),('7480201_CLC','2'),('7480201_CLC','2A'),('7480201_CLC','3'),('7480201_CLC','4'),('7480201_CLC','5'),('7480201_CLC','5.'),('7480201_CLC','6'),('7480201_CLC','6.'),('7480201_CN','DT'),('7480201_CNVB2','DT'),('7480201_LTDH','DT'),('7480201_NN','1'),('7480201_NN','2'),('7480201_NN','2A'),('7480201_NN','3'),('7480201_NN','4'),('7480201_NN','5'),('7480201_NN','5.'),('7480201_VP','1'),('7480201_VP','2'),('7480201_VP','2A'),('7480201_VP','3'),('7480201_VP','4'),('7480201_VP','5'),('7480201_VP','5.'),('7480201_VP','6'),('7480201_VP','6.'),('7510401_CLC','1'),('7510401_CLC','2'),('7510401_CLC','2A'),('7510401_CLC','3'),('7510401_CLC','4'),('7510401_CLC','5'),('7510401_CLC','5.'),('7510401_CLC','6'),('7510401_CLC','6.'),('7510402','1'),('7510402','2'),('7510402','2A'),('7510402','3'),('7510402','4'),('7510402','5'),('7510402','5.'),('7510406','1'),('7510406','2'),('7510406','2A'),('7510406','3'),('7510406','4'),('7510406','5'),('7510406','5.'),('7520207','1'),('7520207','2'),('7520207','2A'),('7520207','3'),('7520207','4'),('7520207','5'),('7520207','5.'),('7520207_CLC','1'),('7520207_CLC','2'),('7520207_CLC','2A'),('7520207_CLC','3'),('7520207_CLC','4'),('7520207_CLC','5'),('7520207_CLC','5.'),('7520207_CLC','6'),('7520207_CLC','6.'),('7520402','1'),('7520402','2'),('7520402','2A'),('7520402','3'),('7520402','4'),('7520402','5'),('7520402','5.'),('7520403','1'),('7520403','2'),('7520403','2A'),('7520403','3'),('7520403','4'),('7520403','5'),('7520403','5.'),('7520501','1'),('7520501','2'),('7520501','2A'),('7520501','3'),('7520501','4'),('7520501','5'),('7520501','5.'),('KHMT_CH','XT');
/*!40000 ALTER TABLE `majormethodrelation` ENABLE KEYS */;
UNLOCK TABLES;

--
-- Table structure for table `method`
--

DROP TABLE IF EXISTS `method`;
/*!40101 SET @saved_cs_client     = @@character_set_client */;
/*!50503 SET character_set_client = utf8mb4 */;
CREATE TABLE `method` (
  `methodId` char(5) CHARACTER SET utf8mb4 COLLATE utf8mb4_unicode_ci NOT NULL,
  `methodName` text CHARACTER SET utf8mb4 COLLATE utf8mb4_unicode_ci NOT NULL,
  `methodContent` text CHARACTER SET utf8mb4 COLLATE utf8mb4_unicode_ci NOT NULL,
  `methodImage` text CHARACTER SET utf8mb4 COLLATE utf8mb4_unicode_ci NOT NULL,
  `methodParentId` char(5) CHARACTER SET utf8mb4 COLLATE utf8mb4_unicode_ci NOT NULL,
  `methodDateStart` timestamp NOT NULL,
  `methodDateEnd` timestamp NOT NULL,
  `methodTypeOfTrainingID` char(4) CHARACTER SET utf8mb4 COLLATE utf8mb4_unicode_ci NOT NULL,
  `methodTarget` varchar(100) CHARACTER SET utf8mb4 COLLATE utf8mb4_unicode_ci NOT NULL,
  `methodObject` text CHARACTER SET utf8mb4 COLLATE utf8mb4_unicode_ci NOT NULL,
  `methodLimitAspiration` int unsigned NOT NULL,
  `methodStartEdit` timestamp NOT NULL,
  `methodEndEdit` timestamp NOT NULL,
  `methodEndPayFee` datetime NOT NULL,
  `methodResultTime` datetime NOT NULL,
  PRIMARY KEY (`methodId`),
  UNIQUE KEY `IDX_8dbf1995bad3496f814bf6e9c9` (`methodId`),
  KEY `FK_Method_TypeOfTraining` (`methodTypeOfTrainingID`),
  KEY `FK_Method_Method` (`methodParentId`),
  CONSTRAINT `FK_Method_Method` FOREIGN KEY (`methodParentId`) REFERENCES `method` (`methodId`),
  CONSTRAINT `FK_Method_TypeOfTraining` FOREIGN KEY (`methodTypeOfTrainingID`) REFERENCES `typeoftraining` (`typeOfTrainingId`)
) ENGINE=InnoDB DEFAULT CHARSET=utf8mb4 COLLATE=utf8mb4_unicode_ci;
/*!40101 SET character_set_client = @saved_cs_client */;

--
-- Dumping data for table `method`
--

LOCK TABLES `method` WRITE;
/*!40000 ALTER TABLE `method` DISABLE KEYS */;
INSERT INTO `method` VALUES ('1','Xét tuyển thẳng và ưu tiên xét tuyển (Bộ GD&ĐT)','<p>Phương thức 1: X&eacute;t tuyển thẳng, ưu ti&ecirc;n x&eacute;t tuyển theo quy chế tuyển sinh đại học ch&iacute;nh quy năm 2021 của Bộ GD&amp;ĐT tối đa&nbsp;<strong>4%.</strong></p>\n<p><span style=\"color: #0010ff;\"><strong>Phương thức x&eacute;t tuyển 1 - X&eacute;t tuyển thẳng v&agrave; ưu ti&ecirc;n x&eacute;t tuyển v&agrave;o đại học hệ ch&iacute;nh quy </strong><strong>năm 2021 theo quy định của Bộ Gi&aacute;o dục v&agrave; đ&agrave;o tạo</strong></span></p>\n<p>&nbsp;</p>\n<ul>\n<li><em>Căn cứ Th&ocirc;ng tư số 09/2020/TT-BGDĐT ng&agrave;y 07 th&aacute;ng 5 năm 2020 của Bộ trưởng Bộ Gi&aacute;o dục v&agrave; Đ&agrave;o tạo về việc ban h&agrave;nh Quy chế Tuyển sinh tr&igrave;nh độ đại học;&nbsp;</em><em>tuyển sinh tr&igrave;nh độ cao đẳng nh&oacute;m ng&agrave;nh Gi&aacute;o dục Mầm non</em><em>;</em></li>\n<li><em>Căn cứ&nbsp;</em><em>c&ocirc;ng văn số 1444/BGDĐT-GDĐH ng&agrave;y 14 th&aacute;ng 4 năm 2021 về việc&nbsp;</em><em>Hướng dẫn c&ocirc;ng t&aacute;c&nbsp;tuyển sinh tr&igrave;nh độ đại học; tuyển sinh tr&igrave;nh độ cao đẳng ng&agrave;nh Gi&aacute;o dục Mầm non</em><em>;</em></li>\n<li><em>Căn cứ Đề &aacute;n tuyển sinh tr&igrave;nh độ đại học năm 2021 ng&agrave;y 31 th&aacute;ng 3 năm 2021 của Trường Đại học Khoa học Tự nhi&ecirc;n - ĐHQG-HCM,</em></li>\n</ul>\n<p><em>Hội đồng tuyển sinh Trường Đại học Khoa học Tự nhi&ecirc;n th&ocirc;ng b&aacute;o về việc x&eacute;t tuyển thẳng, ưu ti&ecirc;n x&eacute;t tuyển v&agrave;o đại học hệ ch&iacute;nh quy năm 2021 của Trường như sau:</em></p>\n<p><em>&nbsp;</em></p>\n<p><span style=\"color: #0010ff;\"><strong>I. X&Eacute;T TUY&Ecirc;̉N THẲNG</strong></span></p>\n<p><strong>1. Đối tượng được x&eacute;t tuyển thẳng v&agrave;o đại học&nbsp;</strong>(tại khoản 2 Điều 7 của Quy chế Tuyển sinh tr&igrave;nh độ đại học; tuyển sinh tr&igrave;nh độ cao đẳng nh&oacute;m ng&agrave;nh Gi&aacute;o dục Mầm non ban h&agrave;nh k&egrave;m theo Th&ocirc;ng tư số 09/2020/TT-BGDĐT ng&agrave;y 07 th&aacute;ng 5 năm 2020 của Bộ GDĐT):</p>\n<p>a. Anh h&ugrave;ng lao động, Anh h&ugrave;ng lực lượng vũ trang nh&acirc;n d&acirc;n, Chiến sĩ thi đua to&agrave;n quốc đ&atilde; tốt nghiệp THPT; Người đ&atilde; tr&uacute;ng tuyển v&agrave;o c&aacute;c trường, nhưng ngay năm đ&oacute; c&oacute; lệnh điều động đi nghĩa vụ qu&acirc;n sự hoặc đi thanh ni&ecirc;n xung phong tập trung nay đ&atilde; ho&agrave;n th&agrave;nh nghĩa vụ, được phục vi&ecirc;n, xuất ngũ m&agrave; chưa được nhận v&agrave;o học ở một trường lớp ch&iacute;nh quy d&agrave;i hạn n&agrave;o, được từ cấp trung đo&agrave;n trong qu&acirc;n đội hoặc Tổng đội thanh ni&ecirc;n xung phong giới thiệu, nếu c&oacute; đủ c&aacute;c điều kiện v&agrave; ti&ecirc;u chuẩn về sức khoẻ, c&oacute; đầy đủ c&aacute;c giấy tờ hợp lệ th&igrave; được xem x&eacute;t nhận v&agrave;o học tại trường trước đ&acirc;y đ&atilde; tr&uacute;ng tuyển. Nếu việc học tập bị gi&aacute;n đoạn từ 3 năm trở l&ecirc;n v&agrave; c&aacute;c đối tượng được x&eacute;t tuyển thẳng c&oacute; nguyện vọng, th&igrave; được xem x&eacute;t giới thiệu v&agrave;o c&aacute;c trường, lớp dự bị đại học để &ocirc;n tập trước khi v&agrave;o học ch&iacute;nh thức.</p>\n<p>b. Th&iacute; sinh được triệu tập tham dự kỳ thi chọn đội tuyển quốc gia dự thi Olympic quốc tế, trong đội tuyển quốc gia dự Cuộc thi khoa học, kỹ thuật quốc tế đ&atilde; tốt nghiệp THPT th&igrave; được x&eacute;t tuyển thẳng v&agrave;o ĐH theo ng&agrave;nh ph&ugrave; hợp với m&ocirc;n thi hoặc nội dung đề t&agrave;i dự thi của th&iacute; sinh. Th&iacute; sinh trong đội tuyển quốc gia dự thi Olympic quốc tế, dự Cuộc thi khoa học, kỹ thuật quốc tế nếu chưa tốt nghiệp THPT sẽ được bảo lưu kết quả đến hết năm tốt nghiệp THPT;</p>\n<p>c. Th&iacute; sinh đoạt giải nhất, nh&igrave;, ba trong kỳ thi chọn học sinh giỏi quốc gia hoặc th&iacute; sinh đoạt giải nhất, nh&igrave;, ba trong Cuộc thi khoa học, kỹ thuật cấp quốc gia, đ&atilde; tốt nghiệp THPT được x&eacute;t tuyển thẳng v&agrave;o đại học theo ng&agrave;nh ph&ugrave; hợp với m&ocirc;n thi hoặc nội dung đề t&agrave;i dự thi m&agrave; th&iacute; sinh đ&atilde; đoạt giải. Th&iacute; sinh đoạt giải trong kỳ thi chọn học sinh giỏi quốc gia, đoạt giải trong Cuộc thi khoa học, kỹ thuật cấp quốc gia, nếu chưa tốt nghiệp THPT được bảo lưu đến hết năm tốt nghiệp THPT;</p>\n<p>d. Th&iacute; sinh c&oacute; hộ khẩu thường tr&uacute; từ 3 năm trở l&ecirc;n, học 3 năm v&agrave; tốt nghiệp THPT tại c&aacute;c huyện ngh&egrave;o (học sinh học phổ th&ocirc;ng d&acirc;n tộc nội tr&uacute; t&iacute;nh theo hộ khẩu thường tr&uacute;), t&iacute;nh đến ng&agrave;y nộp hồ sơ ĐKXT theo quy định tại Nghị quyết số 30a/2008/NQ-CP ng&agrave;y 27 th&aacute;ng 12 năm 2008 của Ch&iacute;nh phủ về Chương tr&igrave;nh hỗ trợ giảm ngh&egrave;o nhanh v&agrave; bền vững đối với 61 huyện ngh&egrave;o v&agrave; Quyết định số 275/QĐ-TTg ng&agrave;y 07 th&aacute;ng 03 năm 2018 của Thủ tướng Ch&iacute;nh phủ về việc ph&ecirc; duyệt danh s&aacute;ch c&aacute;c huyện ngh&egrave;o v&agrave; huyện tho&aacute;t ngh&egrave;o giai đoạn 2018-2020; th&iacute; sinh l&agrave; người d&acirc;n tộc thiểu số rất &iacute;t người theo quy định hiện h&agrave;nh của Ch&iacute;nh phủ v&agrave; th&iacute; sinh 20 huyện ngh&egrave;o bi&ecirc;n giới, hải đảo thuộc khu vực T&acirc;y Nam Bộ v&agrave; đồng thời phải thỏa c&aacute;c điều kiện sau:</p>\n<ul>\n<li>C&oacute; điểm trung b&igrave;nh cộng c&aacute;c m&ocirc;n To&aacute;n, L&yacute;, H&oacute;a cuối năm học c&aacute;c lớp 10, 11, 12 từ 8.0 trở l&ecirc;n.</li>\n<li>Phải học bổ t&uacute;c kiến thức một năm học trước khi v&agrave;o học ch&iacute;nh thức. Chương tr&igrave;nh bổ sung kiến thức do Hiệu trưởng quy định.</li>\n</ul>\n<p>e. Th&iacute; sinh l&agrave; người nước ngo&agrave;i, c&oacute; nguyện vọng học tại Trường: Hội đồng tuyển sinh Trường quyết định cho th&iacute; sinh tr&uacute;ng tuyển căn cứ kết quả học tập THPT của học sinh (bảng điểm) v&agrave; kết quả kiểm tra kiến thức v&agrave; năng lực Tiếng Việt quy định tại Điều 6 Th&ocirc;ng tư số 30/2018/TT-BGDĐT ng&agrave;y24&nbsp;th&aacute;ng&nbsp;12 năm&nbsp;2018 quy định về quản l&yacute; người nước ngo&agrave;i học tập tại Việt Nam của Bộ trưởng Bộ GDĐT.</p>\n<p><strong>2. Ng&agrave;nh x&eacute;t tuy&ecirc;̉n thẳng v&agrave;o đại học:</strong></p>\n<p>a. Th&iacute; sinh thuộc đối tượng tại&nbsp;<strong>điểm a v&agrave; điểm d khoản 1 Mục I:&nbsp;</strong>Hội đồng tuyển sinh Trường quyết định ng&agrave;nh được x&eacute;t tuy&ecirc;̉n thẳng cho th&iacute; sinh căn cứ v&agrave;o nguyện vọng của th&iacute; sinh v&agrave; điều kiện chỉ ti&ecirc;u x&eacute;t tuyển từng ng&agrave;nh.</p>\n<p>b. Th&iacute; sinh thuộc đối tượng tại&nbsp;<strong>điểm e khoản 1 Mục I:&nbsp;</strong>Hội đồng tuyển sinh Trường quyết định ng&agrave;nh được x&eacute;t tuy&ecirc;̉n thẳng cho th&iacute; sinh căn cứ v&agrave;o nguyện vọng của th&iacute; sinh v&agrave; điều kiện chỉ ti&ecirc;u x&eacute;t tuyển từng ng&agrave;nh.</p>\n<p>c. Th&iacute; sinh thuộc đối tượng tại&nbsp;<strong>điểm b v&agrave; c khoản 1 Mục I</strong>&nbsp;được x&eacute;t tuy&ecirc;̉n thẳng vào đại học theo đúng ngành hoặc ngành g&acirc;̀n ph&ugrave; hợp với kết quả dự &aacute;n, đề t&agrave;i được Hội đồng tuyển sinh Trường xem x&eacute;t; hoặc được x&eacute;t tuy&ecirc;̉n thẳng vào đại học theo đúng ngành hoặc ngành g&acirc;̀n ph&ugrave; hợp với m&ocirc;n thi trong kỳ thi chọn học sinh giỏi quốc gia mà thí sinh đã đoạt giải theo quy định tại bảng số 1 như sau:</p>\n<p>&nbsp;</p>\n<p>&nbsp;<strong>Bảng số 1</strong></p>\n<p><strong>&nbsp;</strong></p>\n<table style=\"height: 2284.62px;\" border=\"1\" width=\"80%\" cellspacing=\"3\" cellpadding=\"3\">\n<thead>\n<tr style=\"height: 54.3958px;\">\n<td style=\"height: 54.3958px;\" width=\"72\">\n<p><span style=\"color: #0010ff;\"><strong>Số TT</strong></span></p>\n</td>\n<td style=\"height: 54.3958px;\" width=\"216\">\n<p><span style=\"color: #0010ff;\"><strong>T&ecirc;n m&ocirc;n thi học sinh giỏi</strong></span></p>\n</td>\n<td style=\"height: 54.3958px;\" width=\"324\">\n<p><span style=\"color: #0010ff;\"><strong>T&ecirc;n ng&agrave;nh được tuyển thẳng</strong></span></p>\n</td>\n</tr>\n</thead>\n<tbody>\n<tr style=\"height: 54.3958px;\">\n<td style=\"height: 54.3958px;\" width=\"72\">\n<p>1</p>\n</td>\n<td style=\"height: 54.3958px;\" width=\"216\">\n<p><span style=\"color: #0010ff;\"><strong>To&aacute;n</strong></span></p>\n</td>\n<td style=\"height: 54.3958px;\" width=\"324\">\n<p>Tất cả c&aacute;c ng&agrave;nh</p>\n</td>\n</tr>\n<tr style=\"height: 54.3958px;\">\n<td style=\"height: 598.354px;\" rowspan=\"11\" width=\"72\">\n<p>2</p>\n</td>\n<td style=\"height: 598.354px;\" rowspan=\"11\" width=\"216\">\n<p><span style=\"color: #0010ff;\"><strong>Vật l&yacute;</strong></span></p>\n</td>\n<td style=\"height: 54.3958px;\" width=\"324\">\n<p>1.&nbsp;&nbsp; Vật l&yacute; học</p>\n</td>\n</tr>\n<tr style=\"height: 54.3958px;\">\n<td style=\"height: 54.3958px;\" width=\"324\">\n<p>2.&nbsp;&nbsp; Kỹ thuật hạt nh&acirc;n</p>\n</td>\n</tr>\n<tr style=\"height: 54.3958px;\">\n<td style=\"height: 54.3958px;\" width=\"324\">\n<p>3.&nbsp;&nbsp; Vật l&yacute; Y khoa</p>\n</td>\n</tr>\n<tr style=\"height: 54.3958px;\">\n<td style=\"height: 54.3958px;\" width=\"324\">\n<p>4.&nbsp;&nbsp; Khoa học vật liệu</p>\n</td>\n</tr>\n<tr style=\"height: 54.3958px;\">\n<td style=\"height: 54.3958px;\" width=\"324\">\n<p>5.&nbsp;&nbsp; C&ocirc;ng nghệ vật liệu</p>\n</td>\n</tr>\n<tr style=\"height: 54.3958px;\">\n<td style=\"height: 54.3958px;\" width=\"324\">\n<p>6.&nbsp;&nbsp; Kỹ thuật điện tử-viễn th&ocirc;ng</p>\n</td>\n</tr>\n<tr style=\"height: 54.3958px;\">\n<td style=\"height: 54.3958px;\" width=\"324\">\n<p>7.&nbsp;&nbsp; Sinh học</p>\n</td>\n</tr>\n<tr style=\"height: 54.3958px;\">\n<td style=\"height: 54.3958px;\" width=\"324\">\n<p>8.&nbsp;&nbsp; C&ocirc;ng nghệ sinh học</p>\n</td>\n</tr>\n<tr style=\"height: 54.3958px;\">\n<td style=\"height: 54.3958px;\" width=\"324\">\n<p>9.&nbsp;&nbsp; H&oacute;a học</p>\n</td>\n</tr>\n<tr style=\"height: 54.3958px;\">\n<td style=\"height: 54.3958px;\" width=\"324\">\n<p>10.&nbsp;&nbsp;&nbsp;&nbsp; Hải dương học</p>\n</td>\n</tr>\n<tr style=\"height: 54.3958px;\">\n<td style=\"height: 54.3958px;\" width=\"324\">\n<p>11.&nbsp;&nbsp;&nbsp;&nbsp; Nh&oacute;m ng&agrave;nh C&ocirc;ng nghệ th&ocirc;ng tin</p>\n</td>\n</tr>\n<tr style=\"height: 54.3958px;\">\n<td style=\"height: 543.958px;\" rowspan=\"10\" width=\"72\">\n<p>3</p>\n</td>\n<td style=\"height: 543.958px;\" rowspan=\"10\" width=\"216\">\n<p><span style=\"color: #0010ff;\"><strong>H&oacute;a học</strong></span></p>\n</td>\n<td style=\"height: 54.3958px;\" width=\"324\">\n<p>1.&nbsp;&nbsp; H&oacute;a học</p>\n</td>\n</tr>\n<tr style=\"height: 54.3958px;\">\n<td style=\"height: 54.3958px;\" width=\"324\">\n<p>2.&nbsp;&nbsp; C&ocirc;ng nghệ kỹ thuật h&oacute;a học</p>\n</td>\n</tr>\n<tr style=\"height: 54.3958px;\">\n<td style=\"height: 54.3958px;\" width=\"324\">\n<p>3.&nbsp;&nbsp; Khoa học m&ocirc;i trường</p>\n</td>\n</tr>\n<tr style=\"height: 54.3958px;\">\n<td style=\"height: 54.3958px;\" width=\"324\">\n<p>4.&nbsp;&nbsp; C&ocirc;ng nghệ kỹ thuật m&ocirc;i trường</p>\n</td>\n</tr>\n<tr style=\"height: 54.3958px;\">\n<td style=\"height: 54.3958px;\" width=\"324\">\n<p>5.&nbsp;&nbsp; Khoa học vật liệu</p>\n</td>\n</tr>\n<tr style=\"height: 54.3958px;\">\n<td style=\"height: 54.3958px;\" width=\"324\">\n<p>6.&nbsp;&nbsp; C&ocirc;ng nghệ vật liệu</p>\n</td>\n</tr>\n<tr style=\"height: 54.3958px;\">\n<td style=\"height: 54.3958px;\" width=\"324\">\n<p>7.&nbsp;&nbsp; Sinh học</p>\n</td>\n</tr>\n<tr style=\"height: 54.3958px;\">\n<td style=\"height: 54.3958px;\" width=\"324\">\n<p>8.&nbsp;&nbsp; C&ocirc;ng nghệ sinh học</p>\n</td>\n</tr>\n<tr style=\"height: 54.3958px;\">\n<td style=\"height: 54.3958px;\" width=\"324\">\n<p>9.&nbsp;&nbsp; Kỹ thuật địa chất</p>\n</td>\n</tr>\n<tr style=\"height: 54.3958px;\">\n<td style=\"height: 54.3958px;\" width=\"324\">\n<p>10.&nbsp;&nbsp;&nbsp;&nbsp; Địa chất học</p>\n</td>\n</tr>\n<tr style=\"height: 54.3958px;\">\n<td style=\"height: 326.375px;\" rowspan=\"6\" width=\"72\">\n<p>4</p>\n</td>\n<td style=\"height: 326.375px;\" rowspan=\"6\" width=\"216\">\n<p><span style=\"color: #0010ff;\"><strong>Sinh học</strong></span></p>\n</td>\n<td style=\"height: 54.3958px;\" width=\"324\">\n<p>1.&nbsp;&nbsp;&nbsp; Sinh học</p>\n</td>\n</tr>\n<tr style=\"height: 54.3958px;\">\n<td style=\"height: 54.3958px;\" width=\"324\">\n<p>2.&nbsp;&nbsp;&nbsp; C&ocirc;ng nghệ sinh học</p>\n</td>\n</tr>\n<tr style=\"height: 54.3958px;\">\n<td style=\"height: 54.3958px;\" width=\"324\">\n<p>3.&nbsp;&nbsp;&nbsp; Khoa học m&ocirc;i trường</p>\n</td>\n</tr>\n<tr style=\"height: 54.3958px;\">\n<td style=\"height: 54.3958px;\" width=\"324\">\n<p>4.&nbsp;&nbsp;&nbsp; C&ocirc;ng nghệ kỹ thuật m&ocirc;i trường</p>\n</td>\n</tr>\n<tr style=\"height: 54.3958px;\">\n<td style=\"height: 54.3958px;\" width=\"324\">\n<p>5.&nbsp;&nbsp;&nbsp; Khoa học vật liệu</p>\n</td>\n</tr>\n<tr style=\"height: 54.3958px;\">\n<td style=\"height: 54.3958px;\" width=\"324\">\n<p>6.&nbsp;&nbsp;&nbsp; H&oacute;a học</p>\n</td>\n</tr>\n<tr style=\"height: 54.3958px;\">\n<td style=\"height: 163.187px;\" rowspan=\"3\" width=\"72\">\n<p>5</p>\n</td>\n<td style=\"height: 163.187px;\" rowspan=\"3\" width=\"216\">\n<p><span style=\"color: #0010ff;\"><strong>Địa l&yacute;</strong></span></p>\n</td>\n<td style=\"height: 54.3958px;\" width=\"324\">\n<p>1.&nbsp;&nbsp;&nbsp; Địa chất học</p>\n</td>\n</tr>\n<tr style=\"height: 54.3958px;\">\n<td style=\"height: 54.3958px;\" width=\"324\">\n<p>2.&nbsp;&nbsp;&nbsp; Kỹ thuật địa chất</p>\n</td>\n</tr>\n<tr style=\"height: 54.3958px;\">\n<td style=\"height: 54.3958px;\" width=\"324\">\n<p>3.&nbsp;&nbsp;&nbsp; Hải dương học</p>\n</td>\n</tr>\n<tr style=\"height: 54.3958px;\">\n<td style=\"height: 543.958px;\" rowspan=\"10\" width=\"72\">\n<p>6</p>\n</td>\n<td style=\"height: 543.958px;\" rowspan=\"10\" width=\"216\">\n<p><span style=\"color: #0010ff;\"><strong>Tin học</strong></span></p>\n</td>\n<td style=\"height: 54.3958px;\" width=\"324\">\n<p>1.&nbsp;&nbsp;&nbsp; Nh&oacute;m ng&agrave;nh C&ocirc;ng nghệ th&ocirc;ng tin</p>\n</td>\n</tr>\n<tr style=\"height: 54.3958px;\">\n<td style=\"height: 54.3958px;\" width=\"324\">\n<p>2.&nbsp;&nbsp;&nbsp; Vật l&yacute; học</p>\n</td>\n</tr>\n<tr style=\"height: 54.3958px;\">\n<td style=\"height: 54.3958px;\" width=\"324\">\n<p>3.&nbsp;&nbsp;&nbsp; H&oacute;a học</p>\n</td>\n</tr>\n<tr style=\"height: 54.3958px;\">\n<td style=\"height: 54.3958px;\" width=\"324\">\n<p>4.&nbsp;&nbsp;&nbsp; Khoa học m&ocirc;i trường</p>\n</td>\n</tr>\n<tr style=\"height: 54.3958px;\">\n<td style=\"height: 54.3958px;\" width=\"324\">\n<p>5.&nbsp;&nbsp;&nbsp; C&ocirc;ng nghệ kỹ thuật m&ocirc;i trường</p>\n</td>\n</tr>\n<tr style=\"height: 54.3958px;\">\n<td style=\"height: 54.3958px;\" width=\"324\">\n<p>6.&nbsp;&nbsp;&nbsp; Kỹ thuật điện tử - viễn th&ocirc;ng</p>\n</td>\n</tr>\n<tr style=\"height: 54.3958px;\">\n<td style=\"height: 54.3958px;\" width=\"324\">\n<p>7.&nbsp;&nbsp;&nbsp; Khoa học vật liệu</p>\n</td>\n</tr>\n<tr style=\"height: 54.3958px;\">\n<td style=\"height: 54.3958px;\" width=\"324\">\n<p>8.&nbsp;&nbsp;&nbsp; C&ocirc;ng nghệ vật liệu</p>\n</td>\n</tr>\n<tr style=\"height: 54.3958px;\">\n<td style=\"height: 54.3958px;\" width=\"324\">\n<p>9.&nbsp;&nbsp;&nbsp; Sinh học</p>\n</td>\n</tr>\n<tr style=\"height: 54.3958px;\">\n<td style=\"height: 54.3958px;\" width=\"324\">\n<p>10.&nbsp;&nbsp;&nbsp;&nbsp;&nbsp; C&ocirc;ng nghệ sinh học</p>\n</td>\n</tr>\n</tbody>\n</table>\n<p><strong>&nbsp;</strong></p>\n<p><span style=\"color: #0010ff;\"><strong>II. ƯU TI&Ecirc;N XÉT TUY&Ecirc;̉N</strong></span></p>\n<p><strong>1. Đối tượng được ưu ti&ecirc;n x&eacute;t tuyển:</strong></p>\n<p>a. Thí sinh đoạt giải nhất, nh&igrave;, ba trong kỳ thi chọn học sinh giỏi quốc gia hoặc đoạt giải giải nhất, nh&igrave;, ba trong Cuộc thi khoa học, kỹ thuật cấp quốc gia đ&atilde; tốt nghiệp THPT v&agrave; có k&ecirc;́t quả thi tốt nghiệp THPT năm 2021 đáp ứng ti&ecirc;u chí đảm bảo ch&acirc;́t lượng đ&acirc;̀u vào theo quy định của Trường nếu kh&ocirc;ng dùng quy&ecirc;̀n x&eacute;t tuy&ecirc;̉n thẳng th&igrave; được ưu ti&ecirc;n x&eacute;t tuyển. Ti&ecirc;u chí đảm bảo ch&acirc;́t lượng đ&acirc;̀u vào được c&ocirc;ng bố sau khi có k&ecirc;́t quả thi tốt nghiệp THPT 2021. Nếu th&iacute; sinh được miễn thi tốt nghiệp THPT năm 2021, Trường chỉ x&eacute;t đối với c&aacute;c th&iacute; sinh c&oacute; kết quả xếp loại học tập từ loại kh&aacute; trở l&ecirc;n trong ba năm lớp 10, 11 v&agrave; 12.</p>\n<p>b. Th&iacute; sinh đoạt giải khuyến kh&iacute;ch trong kỳ thi chọn học sinh giỏi quốc gia hoặc th&iacute; sinh đoạt giải tư trong Cuộc thi khoa học, kỹ thuật cấp quốc gia, đ&atilde; tốt nghiệp THPT v&agrave; có k&ecirc;́t quả thi tốt nghiệp THPT năm 2021 đáp ứng ti&ecirc;u chí đảm bảo ch&acirc;́t lượng đ&acirc;̀u vào theo quy định của Trường được ưu ti&ecirc;n x&eacute;t tuyển v&agrave;o đại học theo đúng ngành hoặc ngành g&acirc;̀n ph&ugrave; hợp với m&ocirc;n thi hoặc nội dung đề t&agrave;i dự thi m&agrave; th&iacute; sinh đ&atilde; đoạt giải. Ti&ecirc;u chí đảm bảo ch&acirc;́t lượng đ&acirc;̀u vào được c&ocirc;ng bố sau khi có k&ecirc;́t quả thi tốt nghiệp THPT 2021. Nếu th&iacute; sinh được miễn thi tốt nghiệp THPT năm 2021, Trường chỉ x&eacute;t đối với c&aacute;c th&iacute; sinh c&oacute; kết quả xếp loại học tập từ loại kh&aacute; trở l&ecirc;n trong ba năm lớp 10, 11 v&agrave; 12.</p>\n<p><strong>2. Ng&agrave;nh được ưu ti&ecirc;n x&eacute;t tuy&ecirc;̉n:</strong></p>\n<p>a. Th&iacute; sinh thuộc đối tượng tại&nbsp;<strong>điểm a khoản 1 Mục II:&nbsp;</strong>Hội đồng tuyển sinh Trường quyết định ng&agrave;nh tr&uacute;ng tuy&ecirc;̉n cho th&iacute; sinh căn cứ v&agrave;o nguyện vọng của th&iacute; sinh v&agrave; điều kiện chỉ ti&ecirc;u x&eacute;t tuyển từng ng&agrave;nh.</p>\n<p>b. Th&iacute; sinh thuộc đối tượng tại&nbsp;<strong>điểm b khoản 1 Mục II</strong>&nbsp;được ưu ti&ecirc;n x&eacute;t tuyển vào đại học theo đúng ngành hoặc ng&agrave;nh gần ph&ugrave; hợp với kết quả dự &aacute;n, đề t&agrave;i được Hội đồng tuyển sinh Trường xem x&eacute;t; hoặc được ưu ti&ecirc;n x&eacute;t tuy&ecirc;̉n vào đại học theo đúng ngành hoặc ngành g&acirc;̀n ph&ugrave; hợp với m&ocirc;n thi trong kỳ thi chọn học sinh giỏi quốc gia mà thí sinh đã đoạt giải theo quy định tại&nbsp;<strong>Bảng 1&nbsp;</strong>của&nbsp;<strong>điểm b khoản 2 Mục I</strong>.</p>\n<p>&nbsp;</p>\n<p><span style=\"color: #0010ff;\"><strong>III. CHỈ TI&Ecirc;U X&Eacute;T TUYỂN THẲNG V&Agrave; ƯU TI&Ecirc;N X&Eacute;T TUYỂN</strong></span></p>\n<p>Tổng chỉ ti&ecirc;u x&eacute;t tuyển thẳng v&agrave; ưu ti&ecirc;n x&eacute;t tuyển tối đa l&agrave;&nbsp;<strong>4%</strong>&nbsp;tr&ecirc;n tổng chỉ ti&ecirc;u năm 2021 theo bảng số 2 như sau:</p>\n<p><strong>Bảng số 2</strong></p>\n<p><strong>&nbsp;</strong></p>\n<table border=\"1\" width=\"80%\" cellspacing=\"1\" cellpadding=\"1\">\n<thead>\n<tr>\n<td width=\"64\">\n<p><span style=\"color: #0010ff;\"><strong>STT</strong></span></p>\n</td>\n<td width=\"117\">\n<p><span style=\"color: #0010ff;\"><strong>M&atilde; ng&agrave;nh</strong></span></p>\n</td>\n<td width=\"338\">\n<p><span style=\"color: #0010ff;\"><strong>Ng&agrave;nh học</strong></span></p>\n</td>\n<td width=\"123\">\n<p><span style=\"color: #0010ff;\"><strong>Tổng chỉ ti&ecirc;u của tất cả c&aacute;c phương thức x&eacute;t tuyển</strong></span></p>\n</td>\n</tr>\n</thead>\n<tbody>\n<tr>\n<td width=\"64\">\n<p>1</p>\n</td>\n<td width=\"117\">\n<p>7420101</p>\n</td>\n<td width=\"338\">\n<p>Sinh học</p>\n</td>\n<td width=\"123\">\n<p>220</p>\n</td>\n</tr>\n<tr>\n<td width=\"64\">\n<p>2</p>\n</td>\n<td width=\"117\">\n<p>7420101_CLC</p>\n</td>\n<td width=\"338\">\n<p>Sinh học (Chương tr&igrave;nh Chất lượng cao)</p>\n</td>\n<td width=\"123\">\n<p>40</p>\n</td>\n</tr>\n<tr>\n<td width=\"64\">\n<p>3</p>\n</td>\n<td width=\"117\">\n<p>7420201</p>\n</td>\n<td width=\"338\">\n<p>C&ocirc;ng nghệ Sinh học</p>\n</td>\n<td width=\"123\">\n<p>200</p>\n</td>\n</tr>\n<tr>\n<td width=\"64\">\n<p>4</p>\n</td>\n<td width=\"117\">\n<p>7420201_CLC</p>\n</td>\n<td width=\"338\">\n<p>C&ocirc;ng nghệ Sinh học (Chương tr&igrave;nh Chất lượng cao)</p>\n</td>\n<td width=\"123\">\n<p>120</p>\n</td>\n</tr>\n<tr>\n<td width=\"64\">\n<p>5</p>\n</td>\n<td width=\"117\">\n<p>7440102</p>\n</td>\n<td width=\"338\">\n<p>Vật l&yacute; học</p>\n</td>\n<td width=\"123\">\n<p>200</p>\n</td>\n</tr>\n<tr>\n<td width=\"64\">\n<p>6</p>\n</td>\n<td width=\"117\">\n<p>7440112</p>\n</td>\n<td width=\"338\">\n<p>Ho&aacute; học</p>\n</td>\n<td width=\"123\">\n<p>220</p>\n</td>\n</tr>\n<tr>\n<td width=\"64\">\n<p>7</p>\n</td>\n<td width=\"117\">\n<p>7440112_CLC</p>\n</td>\n<td width=\"338\">\n<p>H&oacute;a học (Chương tr&igrave;nh Chất lượng cao)</p>\n</td>\n<td width=\"123\">\n<p>80</p>\n</td>\n</tr>\n<tr>\n<td width=\"64\">\n<p>8</p>\n</td>\n<td width=\"117\">\n<p>7440112_VP</p>\n</td>\n<td width=\"338\">\n<p>Ho&aacute; học (Chương tr&igrave;nh li&ecirc;n kết Việt &ndash; Ph&aacute;p)</p>\n</td>\n<td width=\"123\">\n<p>40</p>\n</td>\n</tr>\n<tr>\n<td width=\"64\">\n<p>9</p>\n</td>\n<td width=\"117\">\n<p>7440122</p>\n</td>\n<td width=\"338\">\n<p>Khoa học Vật liệu</p>\n</td>\n<td width=\"123\">\n<p>150</p>\n</td>\n</tr>\n<tr>\n<td width=\"64\">\n<p>10</p>\n</td>\n<td width=\"117\">\n<p>7440201</p>\n</td>\n<td width=\"338\">\n<p>Địa chất học</p>\n</td>\n<td width=\"123\">\n<p>100</p>\n</td>\n</tr>\n<tr>\n<td width=\"64\">\n<p>11</p>\n</td>\n<td width=\"117\">\n<p>7440228</p>\n</td>\n<td width=\"338\">\n<p>Hải dương học</p>\n</td>\n<td width=\"123\">\n<p>50</p>\n</td>\n</tr>\n<tr>\n<td width=\"64\">\n<p>12</p>\n</td>\n<td width=\"117\">\n<p>7440301</p>\n</td>\n<td width=\"338\">\n<p>Khoa học M&ocirc;i trường</p>\n</td>\n<td width=\"123\">\n<p>140</p>\n</td>\n</tr>\n<tr>\n<td width=\"64\">\n<p>13</p>\n</td>\n<td width=\"117\">\n<p>7440301_CLC</p>\n</td>\n<td width=\"338\">\n<p>Khoa học M&ocirc;i trường (Chương tr&igrave;nh Chất lượng cao)</p>\n</td>\n<td width=\"123\">\n<p>40</p>\n</td>\n</tr>\n<tr>\n<td width=\"64\">\n<p>14</p>\n</td>\n<td width=\"117\">\n<p>7460101_NN</p>\n</td>\n<td width=\"338\">\n<p>Nh&oacute;m ng&agrave;nh To&aacute;n học, To&aacute;n Ứng dụng, To&aacute;n tin</p>\n</td>\n<td width=\"123\">\n<p>210</p>\n</td>\n</tr>\n<tr>\n<td width=\"64\">\n<p>15</p>\n</td>\n<td width=\"117\">\n<p>7480101_TT</p>\n</td>\n<td width=\"338\">\n<p>Khoa học m&aacute;y t&iacute;nh (Chương tr&igrave;nh Ti&ecirc;n tiến)</p>\n</td>\n<td width=\"123\">\n<p>80</p>\n</td>\n</tr>\n<tr>\n<td width=\"64\">\n<p>16</p>\n</td>\n<td width=\"117\">\n<p>7480109</p>\n</td>\n<td width=\"338\">\n<p>Khoa học dữ liệu</p>\n</td>\n<td width=\"123\">\n<p>90</p>\n</td>\n</tr>\n<tr>\n<td width=\"64\">\n<p>17</p>\n</td>\n<td width=\"117\">\n<p>7480201_CLC</p>\n</td>\n<td width=\"338\">\n<p>C&ocirc;ng nghệ th&ocirc;ng tin (Chương tr&igrave;nh Chất lượng cao)</p>\n</td>\n<td width=\"123\">\n<p>420</p>\n</td>\n</tr>\n<tr>\n<td width=\"64\">\n<p>18</p>\n</td>\n<td width=\"117\">\n<p>7480201_NN</p>\n</td>\n<td width=\"338\">\n<p>Nh&oacute;m ng&agrave;nh m&aacute;y t&iacute;nh v&agrave; C&ocirc;ng nghệ th&ocirc;ng tin</p>\n</td>\n<td width=\"123\">\n<p>420</p>\n</td>\n</tr>\n<tr>\n<td width=\"64\">\n<p>19</p>\n</td>\n<td width=\"117\">\n<p>7480201_VP</p>\n</td>\n<td width=\"338\">\n<p>C&ocirc;ng nghệ th&ocirc;ng tin (Chương tr&igrave;nh li&ecirc;n kết Việt - Ph&aacute;p)</p>\n</td>\n<td width=\"123\">\n<p>40</p>\n</td>\n</tr>\n<tr>\n<td width=\"64\">\n<p>20</p>\n</td>\n<td width=\"117\">\n<p>7510401_CLC</p>\n</td>\n<td width=\"338\">\n<p>C&ocirc;ng nghệ kỹ thuật Ho&aacute; học (Chương tr&igrave;nh Chất lượng cao)</p>\n</td>\n<td width=\"123\">\n<p>120</p>\n</td>\n</tr>\n<tr>\n<td width=\"64\">\n<p>21</p>\n</td>\n<td width=\"117\">\n<p>7510402</p>\n</td>\n<td width=\"338\">\n<p>C&ocirc;ng nghệ Vật liệu</p>\n</td>\n<td width=\"123\">\n<p>50</p>\n</td>\n</tr>\n<tr>\n<td width=\"64\">\n<p>22</p>\n</td>\n<td width=\"117\">\n<p>7510406</p>\n</td>\n<td width=\"338\">\n<p>C&ocirc;ng nghệ Kỹ thuật M&ocirc;i trường</p>\n</td>\n<td width=\"123\">\n<p>120</p>\n</td>\n</tr>\n<tr>\n<td width=\"64\">\n<p>23</p>\n</td>\n<td width=\"117\">\n<p>7520207</p>\n</td>\n<td width=\"338\">\n<p>Kỹ thuật điện tử - viễn th&ocirc;ng</p>\n</td>\n<td width=\"123\">\n<p>160</p>\n</td>\n</tr>\n<tr>\n<td width=\"64\">\n<p>24</p>\n</td>\n<td width=\"117\">\n<p>7520207_CLC</p>\n</td>\n<td width=\"338\">\n<p>Kỹ thuật điện tử - viễn th&ocirc;ng (Chương tr&igrave;nh Chất lượng cao)</p>\n</td>\n<td width=\"123\">\n<p>80</p>\n</td>\n</tr>\n<tr>\n<td width=\"64\">\n<p>25</p>\n</td>\n<td width=\"117\">\n<p>7520402</p>\n</td>\n<td width=\"338\">\n<p>Kỹ thuật hạt nh&acirc;n</p>\n</td>\n<td width=\"123\">\n<p>50</p>\n</td>\n</tr>\n<tr>\n<td width=\"64\">\n<p>26</p>\n</td>\n<td width=\"117\">\n<p>7520403</p>\n</td>\n<td width=\"338\">\n<p>Vật l&yacute; y khoa</p>\n</td>\n<td width=\"123\">\n<p>40</p>\n</td>\n</tr>\n<tr>\n<td width=\"64\">\n<p>27</p>\n</td>\n<td width=\"117\">\n<p>7520501</p>\n</td>\n<td width=\"338\">\n<p>Kỹ thuật địa chất</p>\n</td>\n<td width=\"123\">\n<p>50</p>\n</td>\n</tr>\n<tr>\n<td width=\"64\">\n<p>&nbsp;</p>\n</td>\n<td colspan=\"2\" width=\"456\">\n<p><strong>Tổng chỉ ti&ecirc;u</strong></p>\n</td>\n<td width=\"123\">\n<p><strong>3530</strong></p>\n</td>\n</tr>\n<tr>\n<td width=\"64\">\n<p>&nbsp;</p>\n</td>\n<td colspan=\"2\" width=\"456\">\n<p><strong>Chỉ ti&ecirc;u tuyển thẳng v&agrave; ƯTXT theo quy định</strong></p>\n<p><strong>của Bộ GD&amp;ĐT (4%)</strong></p>\n</td>\n<td width=\"123\">\n<p><span style=\"color: #e03e2d;\"><strong>141&nbsp;</strong>th&iacute; sinh</span></p>\n</td>\n</tr>\n</tbody>\n</table>\n<p><strong>&nbsp;</strong></p>\n<p><span style=\"color: #0010ff;\"><strong>IV. NGUY&Ecirc;N TẮC X&Eacute;T TUYỂN:</strong></span></p>\n<ul>\n<li>Tuyển v&agrave;o ng&agrave;nh đ&uacute;ng trước, sau đ&oacute; x&eacute;t tuyển v&agrave;o ng&agrave;nh gần.</li>\n<li>Trường hợp hồ sơ hợp lệ nhiều hơn chỉ ti&ecirc;u sẽ x&eacute;t theo thứ tự đoạt giải từ cao xuống.</li>\n</ul>\n<p><span style=\"color: #0010ff;\"><strong>V. NỘP HỒ SƠ, C&Ocirc;NG BỐ KẾT QUẢ X&Eacute;T TUYỂN THẲNG, ƯU TI&Ecirc;N X&Eacute;T TUYỂN</strong></span></p>\n<p><strong>1. Nộp hồ sơ:&nbsp;</strong>Th&iacute; sinh nộp hồ sơ đăng k&yacute; x&eacute;t tuyển thẳng v&agrave; ưu ti&ecirc;n x&eacute;t tuyển v&agrave;o Trường ĐH KHTN cho c&aacute;c Sở GD&amp;ĐT trước ng&agrave;y 30/05/2021, th&iacute; sinh theo d&otilde;i th&ocirc;ng b&aacute;o của Sở GD&amp;ĐT (h&ocirc;̀ sơ đăng ký x&eacute;t tuyển thẳng v&agrave; ưu ti&ecirc;n xét tuy&ecirc;̉n thực hi&ecirc;̣n theo c&ocirc;ng văn s&ocirc;́ 1444/BGDĐT-GDĐH ng&agrave;y 14 th&aacute;ng 4 năm 2021 về việc hướng dẫn c&ocirc;ng t&aacute;c&nbsp;tuyển sinh tr&igrave;nh độ đại học; tuyển sinh tr&igrave;nh độ cao đẳng ng&agrave;nh Gi&aacute;o dục Mầm non của Bộ Gi&aacute;o dục v&agrave; Đ&agrave;o tạo).</p>\n<p><strong>2. C&ocirc;ng bố kết quả x&eacute;t tuyển thẳng v&agrave; ưu ti&ecirc;n x&eacute;t tuyển:&nbsp;</strong>Trường sẽ c&ocirc;ng bố danh s&aacute;ch th&iacute; sinh được x&eacute;t tuyển thẳng v&agrave; ưu ti&ecirc;n x&eacute;t tuyển tr&ecirc;n website của trường theo địa chỉ&nbsp;<a href=\"https://www.hcmus.edu.vn/\" target=\"_blank\" rel=\"noopener noreferrer\">wwww.hcmus.edu.vn</a>&nbsp;hay&nbsp;<a href=\"https://tuyensinh.hcmus.edu.vn/\" target=\"_blank\" rel=\"noopener noreferrer\">https://tuyensinh.hcmus.edu.vn/</a>theo thời gian như sau:</p>\n<p>a. Danh s&aacute;ch x&eacute;t tuyển thẳng: c&ocirc;ng bố trước 17giờ ng&agrave;y&nbsp;<span style=\"color: #e03e2d;\"><strong>28/07/2021</strong><span style=\"color: #000000;\">.</span></span></p>\n<p>b. Danh s&aacute;ch ưu ti&ecirc;n x&eacute;t tuyển: c&ocirc;ng bố trước 17giờ ng&agrave;y&nbsp;<span style=\"color: #e03e2d;\"><strong>03/08/2021</strong></span>.</p>\n<p><strong>VI. NỘP HỒ SƠ X&Aacute;C NHẬN NHẬP HỌC V&Agrave; L&Agrave;M THỦ TỤC NHẬP HỌC</strong></p>\n<p><strong>1. Thời gian x&aacute;c nhận nhập học v&agrave; l&agrave;m thủ tục nhập học:&nbsp;</strong>Th&iacute; sinh tr&uacute;ng tuyển sẽ l&agrave;m thủ tục x&aacute;c nhận nhập học v&agrave; nhập học từ ng&agrave;y&nbsp;<span style=\"color: #e03e2d;\"><strong>08/8/2021 -&nbsp;</strong>CN đến ng&agrave;y&nbsp;<strong>10/8/2021</strong>&nbsp;&ndash; thứ 3</span> (buổi s&aacute;ng: 8giờ &ndash; 11giờ, buổi chiều: 13giờ30 &ndash; 16giờ).</p>\n<p><strong>2. X&aacute;c nhận nhập học v&agrave; l&agrave;m thủ tục nhập học:&nbsp;</strong>Trường sẽ th&ocirc;ng b&aacute;o chi tiết nội dung y&ecirc;u cầu của c&aacute;c thủ tục nhập học tr&ecirc;n tại website của trường theo địa chỉ&nbsp;&nbsp;<u><a href=\"http://www.hcmus.edu.vn/\">www.hcmus.edu.vn</a></u>&nbsp;trước&nbsp;<span style=\"color: #e03e2d;\"><strong>17giờ00 ng&agrave;y 28/7/2021.</strong></span></p>','https://tuyensinh.hcmus.edu.vn/images/2021/05/04/phuongthuc1.png','','2022-05-22 08:36:57','2022-06-20 05:23:28','DH','','',0,'0000-00-00 00:00:00','0000-00-00 00:00:00','0000-00-00 00:00:00','0000-00-00 00:00:00'),('2','Ưu tiên xét tuyển thẳng và ưu tiên xét tuyển (ĐHQG-HCM)','<div id=\"sppb-addon-wrapper-1619402629785\" class=\"sppb-addon-wrapper\">\n<div id=\"sppb-addon-1619402629785\" class=\"clearfix \">\n<div class=\"sppb-addon sppb-addon-text-block  \">\n<div class=\"sppb-addon-content\">Phương thức 2:<br />Ưu ti&ecirc;n x&eacute;t tuyển theo quy định của ĐHQG-HCM từ&nbsp;<strong>10% - 15%</strong>&nbsp;chỉ ti&ecirc;u theo ng&agrave;nh/nh&oacute;m ng&agrave;nh</div>\n</div>\n</div>\n</div>\n<div id=\"sppb-addon-wrapper-1619939015832\" class=\"sppb-addon-wrapper\">\n<div id=\"sppb-addon-1619939015832\" class=\"clearfix \">\n<div class=\"sppb-addon sppb-addon-text-block  \">\n<div class=\"sppb-addon-content\">\n<h2><span style=\"color: #0010ff;\"><strong>Phương thức x&eacute;t tuyển 2 - Ưu ti&ecirc;n x&eacute;t tuyển thẳng v&agrave; ưu ti&ecirc;n x&eacute;t tuyển v&agrave;o đại học hệ ch&iacute;nh quy&nbsp;</strong><strong>năm 2021 theo quy định của Đại học Quốc Gia Th&agrave;nh phố Hồ Ch&iacute; Minh</strong></span></h2>\n<p>&nbsp;</p>\n<ul>\n<li><em>Căn cứ Đề &aacute;n tuyển sinh tr&igrave;nh độ đại học năm 2021 ng&agrave;y 31 th&aacute;ng 3 năm 2021 của Trường Đại học Khoa học Tự nhi&ecirc;n- ĐHQG-HCM;</em></li>\n<li><em>Căn cứ&nbsp;</em><em>c&ocirc;ng văn số 620/ĐHQG-ĐH ng&agrave;y 26 th&aacute;ng 4 năm 2021 về việc triển khai phương thức ưu ti&ecirc;n x&eacute;t tuyển thẳng th&iacute; sinh giỏi nhất trường THPT v&agrave; ưu ti&ecirc;n x&eacute;t tuyển học sinh giỏi của c&aacute;c trường THPT v&agrave;o&nbsp;</em><em>Đại học Quốc Gia Th&agrave;nh phố Hồ Ch&iacute; Minh (ĐHQG-HCM) năm 2021</em><em>;</em></li>\n</ul>\n<p><em>Hội đồng tuyển sinh Trường Đại học Khoa học Tự nhi&ecirc;n (ĐH KHTN) th&ocirc;ng b&aacute;o về việc ưu ti&ecirc;n x&eacute;t tuyển thẳng và ưu ti&ecirc;n x&eacute;t tuyển v&agrave;o đại học hệ ch&iacute;nh quy năm 2021 của Trường theo quy định của ĐHQG-HCM như sau:</em></p>\n<p>&nbsp;</p>\n</div>\n</div>\n</div>\n</div>\n<p><strong>I. ƯU TI&Ecirc;N X&Eacute;T TUYỂN THẲNG</strong></p>\n<p><strong>1. Đối tượng ưu ti&ecirc;n x&eacute;t tuyển thẳng</strong>: L&agrave; học sinh của c&aacute;c trường đ&agrave;o tạo chương tr&igrave;nh gi&aacute;o dục trung học phổ th&ocirc;ng ch&iacute;nh quy (trường Tiểu học-THCS-THPT, trường THCS-THPT, trường THPT, sau đ&acirc;y gọi chung l&agrave; trường THPT) c&oacute; điểm trung b&igrave;nh cộng học lực 3&nbsp;năm học lớp 10, 11 v&agrave; 12 thuộc nh&oacute;m 3 học sinh cao nhất Trường v&agrave; được Hiệu trưởng giới thiệu (hoặc Ph&oacute; Hi&ecirc;̣u trưởng được Hiệu trưởng ủy quyền giới thiệu), đồng thời phải thỏa c&aacute;c điều kiện sau:</p>\n<ul>\n<li>Tốt nghiệp THPT năm 2021.</li>\n<li>Đạt học&nbsp;lực giỏi v&agrave; hạnh kiểm tốt&nbsp;trong 3 năm học lớp 10, 11 v&agrave; 12.&nbsp;&nbsp;</li>\n<li>Chỉ &aacute;p dụng một lần vào năm học sinh tốt nghiệp THPT năm 2021.</li>\n</ul>\n<p><strong>2. Số lượng nguyện vọng đăng k&yacute; x&eacute;t tuyển</strong>:&nbsp;C&aacute;c th&iacute; sinh được đăng k&yacute; ưu ti&ecirc;n x&eacute;t tuyển thẳng&nbsp;tối đa 03 nguyện vọng&nbsp;v&agrave;o c&aacute;c nh&oacute;m ng&agrave;nh/ng&agrave;nh của trường ĐH KHTN (th&iacute; sinh chỉ được nộp tối đa 01 Trường hoặc 01 đơn vị l&agrave; th&agrave;nh vi&ecirc;n của ĐHQG-HCM).</p>\n<p><strong>3. Hồ sơ đăng k&yacute;&nbsp;</strong><strong>v&agrave; lệ ph&iacute;&nbsp;</strong><strong>x&eacute;t tuyển</strong><strong>:</strong></p>\n<ul>\n<li>Đơn đăng k&yacute; x&eacute;t tuyển c&oacute; x&aacute;c nhận giới thiệu của Hiệu trưởng trường THPT về việc đảm bảo c&aacute;c ti&ecirc;u ch&iacute; với nguy&ecirc;n tắc chỉ giới thiệu 01 học sinh thuộc nh&oacute;m 03 học sinh c&oacute; điểm trung b&igrave;nh cộng học lực 3&nbsp;năm học lớp 10, 11 v&agrave; 12 cao nhất trường THPT (<em>l&agrave;m theo</em>&nbsp;<em>mẫu tại&nbsp;<strong>Phụ lục 2.1</strong></em>).</li>\n<li>Bản sao học bạ THPT có c&ocirc;ng chứng (hoặc bản sao học bạ THPT có x&aacute;c nhận của trường THPT).</li>\n</ul>\n<p>Ngoài ra, n&ecirc;́u thí sinh đạt theo y&ecirc;u c&acirc;̀u của các ti&ecirc;u chí phụ nào thì phải n&ocirc;̣p các loại h&ocirc;̀ sơ tương ứng, bao g&ocirc;̀m:</p>\n<ul>\n<li>Bản sao c&oacute; c&ocirc;ng chứng giấy chứng nhận hoặc giấy khen đạt giải thưởng học sinh giỏi cấp Tỉnh/Th&agrave;nh phố (hoặc bản sao c&oacute; x&aacute;c nhận của trường THPT).</li>\n<li>Bản sao c&oacute; c&ocirc;ng chứng giấy chứng nhận, giấy khen, hoặc hồ sơ kh&aacute;c li&ecirc;n quan đến th&agrave;nh t&iacute;ch học tập, r&egrave;n luyện trong qu&aacute; tr&igrave;nh học THPT (hoặc bản sao c&oacute; x&aacute;c nhận của trường THPT).</li>\n<li>Bản sao c&oacute; c&ocirc;ng chứng c&aacute;c chứng chỉ ngoại ngữ quốc tế (kèm bản chính đ&ocirc;́i chi&ecirc;́u khi c&acirc;̀n).&nbsp;</li>\n</ul>\n<p>Lệ ph&iacute; x&eacute;t tuyển: 25.000đ/nguyện vọng.</p>\n<p><strong>4.&nbsp;</strong><strong>Ti&ecirc;u ch&iacute; x&eacute;t tuyển theo thứ tự ưu ti&ecirc;n như sau</strong><strong>:</strong></p>\n<ul>\n<li>Điểm xét tuy&ecirc;̉n là đi&ecirc;̉m trung b&igrave;nh cộng học lực 3&nbsp;năm học lớp 10, 11 v&agrave; 12 của các thí sinh. Trường hợp có nhi&ecirc;̀u thí sinh bằng đi&ecirc;̉m xét tuy&ecirc;̉n trong khi s&ocirc;́ lượng thí sinh vượt quá chỉ ti&ecirc;u, các ti&ecirc;u chí phụ sẽ được xem xét như sau:</li>\n<li>Đạt giải thưởng học sinh giỏi cấp Tỉnh/Th&agrave;nh phố giải Nhất, Nh&igrave;, Ba (chọn giải thưởng cao nhất đạt được ở THPT).</li>\n<li>C&oacute; c&aacute;c chứng chỉ ngoại ngữ quốc tế.</li>\n<li>C&oacute; giấy khen đạt th&agrave;nh t&iacute;ch học tập, r&egrave;n luyện trong qu&aacute; tr&igrave;nh học THPT</li>\n</ul>\n<p><strong>5. Ng&agrave;nh được ưu ti&ecirc;n x&eacute;t tuy&ecirc;̉n</strong><strong>&nbsp;thẳng</strong><strong>:</strong>&nbsp;Hội đồng tuyển sinh Trường quyết định ng&agrave;nh được ưu ti&ecirc;n x&eacute;t tuy&ecirc;̉n thẳng cho th&iacute; sinh căn cứ v&agrave;o nguyện vọng của th&iacute; sinh v&agrave; s&ocirc;́ lượng chỉ ti&ecirc;u x&eacute;t tuyển từng ng&agrave;nh.</p>\n<p><strong>6. Thời gian v&agrave; phương thức nộp hồ sơ</strong></p>\n<ul>\n<li>Thời gian nộp hồ sơ: th&iacute; sinh nộp hồ sơ ưu ti&ecirc;n xét tuy&ecirc;̉n thẳng từ ng&agrave;y&nbsp;<span style=\"color: #e03e2d;\"><strong>1</strong><strong>5</strong><strong>/</strong><strong>5</strong><strong>/20</strong><strong>21</strong>&nbsp;đến&nbsp;<strong>15/</strong><strong>6</strong><strong>/20</strong><strong>21</strong></span>.</li>\n<li>Th&iacute; sinh c&oacute; thể nộp hồ sơ theo hai phương thức như sau:</li>\n</ul>\n<p><strong><em><u>Nộp trực tiếp</u></em></strong>: th&iacute; sinh nộp hồ sơ v&agrave; lệ ph&iacute; trực tiếp tại Trường ĐH KHTN theo địa chỉ: số 227 Nguyễn Văn Cừ, P4, Q.5, TP.HCM &ndash; Ph&ograve;ng Đ&agrave;o tạo (trong giờ h&agrave;nh ch&iacute;nh, từ thứ 2 đến thứ 6, buổi s&aacute;ng từ 8giờ00 đến 11giờ00, buổi chiều từ 13giờ30 đến 16giờ30 )</p>\n<p><strong><em><u>Nộp</u></em></strong><strong><em><u>&nbsp;qua đường bưu điện&nbsp;<span style=\"color: #e03e2d;\">chuyển ph&aacute;t</span></u></em></strong><span style=\"color: #e03e2d;\"><strong>&nbsp;<em><u>nhanh</u></em></strong></span>:</p>\n<ul>\n<li><em>Hồ sơ</em>: th&iacute; sinh nộp hồ sơ qua đường bưu điện chuyển ph&aacute;t nhanh theo địa chỉ: Trường ĐH KHTN, Ph&ograve;ng Đ&agrave;o tạo, số 227 Nguyễn Văn Cừ, P4, Q.5, TP.HCM.</li>\n<li><em>Lệ ph&iacute;</em>: th&iacute; sinh nộp hồ sơ qua đường bưu điện sẽ nộp lệ ph&iacute; bằng c&aacute;ch chuyển khoản ng&acirc;n h&agrave;ng theo hướng dẫn như sau:</li>\n</ul>\n<p>- T&ecirc;n t&agrave;i khoản ng&acirc;n h&agrave;ng (viết đầy đủ): Trường Đại học Khoa học Tự nhi&ecirc;n.</p>\n<p>- Số t&agrave;i khoản:&nbsp;<strong>638 020 101 7313</strong>, ng&acirc;n h&agrave;ng Agribank, chi nh&aacute;nh B&igrave;nh Thạnh.</p>\n<p>- Nội dung chuyển tiền: th&iacute; sinh ghi đ&uacute;ng thứ tự như sau:&nbsp;<span style=\"color: #e03e2d;\"><strong>Số căn cước CD/Số Chứng minh ND - Họ v&agrave; t&ecirc;n - LPXT PT2</strong></span>&nbsp;(V&iacute; dụ:&nbsp;<span style=\"color: #0010ff;\"><strong>012345678999 - Nguyễn Văn A- LPXT PT2</strong></span>).</p>\n<p>&nbsp;</p>\n<p>&nbsp;</p>\n<p><strong>&nbsp;II.&nbsp;ƯU TI&Ecirc;N X&Eacute;T TUYỂN</strong></p>\n<p><strong>1. Đối tượng ưu ti&ecirc;n x&eacute;t tuyển (ƯTXT):&nbsp;</strong>th&iacute; sinh thuộc đối tượng l&agrave; học sinh của c&aacute;c trường THPT chuy&ecirc;n, năng khiếu c&aacute;c trường đại học, tỉnh th&agrave;nh tr&ecirc;n to&agrave;n quốc hoặc l&agrave; học sinh của c&aacute;c trường THPT theo ti&ecirc;u ch&iacute; được ĐHQG-HCM quy định năm 2021 (theo danh s&aacute;ch&nbsp;<strong><em>phụ lục</em></strong>&nbsp;<strong><em>2</em></strong>&nbsp;đ&iacute;nh k&egrave;m) đồng thời c&aacute;c đối tượng n&agrave;y phải thỏa cả 3 điều kiện tại c&aacute;c điểm a, b v&agrave; c như sau:</p>\n<p>a. Tốt nghiệp THPT năm 2021;</p>\n<p>b. Hạnh kiểm tốt trong 03 năm lớp 10, 11 v&agrave; 12;</p>\n<p>c. Đạt kết quả xếp loại học sinh giỏi 03 năm học lớp 10, 11 v&agrave; 12; nếu thí sinh đạt kết quả xếp loại học tập từ loại kh&aacute; trở l&ecirc;n trong 03 năm lớp 10, 11 v&agrave; 12 thì phải có th&ecirc;m 01 trong 03 đi&ecirc;̀u ki&ecirc;̣n như sau:</p>\n<ul>\n<li>L&agrave; th&agrave;nh vi&ecirc;n đội tuyển của Trường hoặc tỉnh th&agrave;nh được cử tham dự kỳ thi học sinh giỏi cấp quốc gia hay cuộc thi khoa học kỹ thuật cấp quốc gia (lưu &yacute; th&agrave;nh vi&ecirc;n của Trường tham gia cuộc thi học sinh giỏi hay cuộc thi khoa học kỹ thuật của tỉnh hay th&agrave;nh phố kh&ocirc;ng được t&iacute;nh);</li>\n<li>Đoạt huy chương V&agrave;ng, Bạc trong Kỳ thi Olympic 30/4;</li>\n<li>Đoạt giải V&ocirc; địch, nhất, nh&igrave;, ba, khuyến kh&iacute;ch kỳ thi ICPC Trung học Phổ th&ocirc;ng quốc gia chỉ khi đăng k&yacute; v&agrave;o c&aacute;c ng&agrave;nh/nh&oacute;m ng&agrave;nh sau: 7480101_TT - Khoa học m&aacute;y t&iacute;nh (CT Ti&ecirc;n tiến) ; 7480201_CLC - C&ocirc;ng nghệ th&ocirc;ng tin (CT Chất lượng cao); 7480201_NN - Nh&oacute;m ng&agrave;nh m&aacute;y t&iacute;nh v&agrave; C&ocirc;ng nghệ th&ocirc;ng tin; 7480201_VP - C&ocirc;ng nghệ th&ocirc;ng tin (CTLK Việt - Ph&aacute;p), 7460101_NN Nh&oacute;m ng&agrave;nh To&aacute;n học, To&aacute;n Ứng dụng, To&aacute;n tin; 7480109 Khoa học Dữ liệu</li>\n<li>Chỉ &aacute;p dụng một lần đ&uacute;ng năm học sinh tốt nghiệp THPT năm 2021.</li>\n</ul>\n<p><strong>2. Số lượng nguyện vọng đăng k&yacute;&nbsp;</strong><strong>Ư</strong><strong>TXT:</strong></p>\n<ul>\n<li>Th&iacute; sinh được đăng k&yacute; tối đa 03 nguyện vọng v&agrave;o c&aacute;c ng&agrave;nh/nh&oacute;m ng&agrave;nh của Trường ĐH KHTN (<em>xem Danh mục ng&agrave;nh đ&agrave;o tạo tại&nbsp;<strong><a href=\"https://tuyensinh.hcmus.edu.vn/attachments/article/69/Phu%20luc%202.3_NGANH%20DAO%20TAO.doc\" target=\"_blank\" rel=\"noopener noreferrer\">Phụ lục 2.3</a></strong></em>).</li>\n<li>Nếu th&iacute; sinh đăng k&yacute; hai hoặc ba nguyện vọng v&agrave;o c&aacute;c ng&agrave;nh/nh&oacute;m ng&agrave;nh của Trường ĐH KHTN th&igrave; c&aacute;c nguyện vọng được sắp xếp theo thứ tự ưu ti&ecirc;n từ cao xuống thấp (nguyện vọng 1 l&agrave; nguyện vọng cao nhất). Th&iacute; sinh chỉ tr&uacute;ng tuyển v&agrave;o 01 nguyện vọng ưu ti&ecirc;n cao nhất trong danh s&aacute;ch c&aacute;c nguyện vọng đ&atilde; đăng k&yacute;.</li>\n</ul>\n<p><strong>3. Phương thức đăng k&yacute; v&agrave; nộp hồ sơ&nbsp;</strong><strong>Ư</strong><strong>TXT:</strong></p>\n<ul>\n<li><strong>Bước 1</strong>: Truy cập trang th&ocirc;ng tin điện tử của ĐHQG-HCM theo địa chỉ&nbsp;<a href=\"https://tuyensinh.vnuhcm.edu.vn/\" target=\"_blank\" rel=\"noopener noreferrer\">https://tuyensinh.vnuhcm.edu.vn</a>&nbsp;để điền th&ocirc;ng tin đăng k&yacute; ƯTXT (<em>tham khảo mẫu tại&nbsp;</em><strong><em>Phụ</em></strong>&nbsp;<strong><em>lục 2.4</em></strong>).</li>\n<li><strong>Bước 2</strong>: Sau khi đăng k&yacute; th&agrave;nh c&ocirc;ng, th&iacute; sinh in phiếu đăng k&yacute; ƯTXT, d&aacute;n ảnh thẻ 4x6 mới nhất trong v&ograve;ng 6 th&aacute;ng, k&yacute; t&ecirc;n v&agrave; l&agrave;m thủ tục x&aacute;c nhận th&ocirc;ng tin của trường THPT (tham khảo mẫu tại&nbsp;<strong>phụ lục 2</strong>).</li>\n<li><strong>Bước 3</strong>: Nộp bộ hồ sơ đăng k&yacute; ƯTXT cho Trường ĐH KHTN theo quy định.</li>\n</ul>\n<p><strong>4. Hồ sơ đăng k&yacute; ƯTXT bao gồm:</strong></p>\n<ul>\n<li>Phiếu đăng k&yacute; ƯTXT được in từ hệ thống đăng k&yacute; ƯTXT v&agrave; ho&agrave;n th&agrave;nh tại bước 1 v&agrave; bước 2&nbsp;<strong>mục 3</strong>;</li>\n<li>Một b&agrave;i luận được viết tr&ecirc;n giấy A4, tr&igrave;nh b&agrave;y l&yacute; do muốn học tại trường, mối quan t&acirc;m đến ng&agrave;nh học, mục ti&ecirc;u học tập, nghề nghiệp, đ&oacute;ng g&oacute;p cho x&atilde; hội của bản th&acirc;n;</li>\n<li>Bản sao có c&ocirc;ng chứng học bạ 3 năm trung học phổ th&ocirc;ng(hoặc c&oacute; x&aacute;c nhận của trường THPT).</li>\n<li>Giấy chứng nhận của Hiệu trưởng học sinh l&agrave; th&agrave;nh vi&ecirc;n đội tuyển của trường hoặc tỉnh/th&agrave;nh tham dự kỳ thi học sinh giỏi Quốc gia (nếu c&oacute;);</li>\n<li>Bản sao c&oacute; c&ocirc;ng chứng c&aacute;c th&agrave;nh t&iacute;ch đạt được c&oacute; li&ecirc;n quan đến cộng điểm ưu ti&ecirc;n tại&nbsp;<strong>mục 5&nbsp;</strong>(nếu c&oacute;);</li>\n<li>Một phong b&igrave; đ&atilde; d&aacute;n tem, ghi r&otilde; địa chỉ li&ecirc;n lạc v&agrave; số điện thoại li&ecirc;n lạc của th&iacute; sinh; một ảnh ch&acirc;n dung cỡ 4x6 kiểu chứng minh nh&acirc;n d&acirc;n mới chụp trong v&ograve;ng 6 th&aacute;ng (c&oacute; ghi r&otilde; họ v&agrave; t&ecirc;n, ng&agrave;y th&aacute;ng năm sinh v&agrave;o mặt sau tấm ảnh).</li>\n<li>Lệ ph&iacute; x&eacute;t tuyển: 25.000đ/nguyện vọng.</li>\n<li>Số lượng bộ hồ sơ đăng k&yacute; ƯTXT tương ứng với số lượng Trường/đơn vị th&iacute; sinh đ&atilde; đăng k&yacute;.</li>\n</ul>\n<p><strong>5. Ti&ecirc;u ch&iacute; x&eacute;t tuyển theo thứ tự ưu ti&ecirc;n như sau:</strong></p>\n<ul>\n<li>Điểm x&eacute;t tuyển l&agrave; điểm trung b&igrave;nh 03 năm học THPT của c&aacute;c m&ocirc;n (sử dụng điểm tổng kết năm học của m&ocirc;n học năm lớp 10, lớp 11 v&agrave; lớp 12) tương ứng với tổ hợp 03 m&ocirc;n x&eacute;t tuyển của từng ng&agrave;nh (xem bảng tổ hợp m&ocirc;n x&eacute;t tuyển tương ứng với ng&agrave;nh/nh&oacute;m ng&agrave;nh tại&nbsp;<strong><em>phụ lục 2.3</em></strong>) do th&iacute; sinh đăng k&yacute; cộng với điểm ưu ti&ecirc;n x&eacute;t tuyển được quy định như sau:</li>\n<li>Th&iacute; sinh đoạt giải nh&acirc;́t, nhì, ba trong kỳ thi chọn học sinh giỏi quốc gia đối với c&aacute;c m&ocirc;n c&oacute; trong tổ hợp tuyển sinh của ng&agrave;nh đăng k&yacute; x&eacute;t tuyển (xem bảng tổ hợp m&ocirc;n x&eacute;t tuyển tương ứng với ng&agrave;nh/nh&oacute;m ng&agrave;nh tại mục 6) hoặc c&oacute; nội dung m&ocirc;n thi thuộc ng&agrave;nh/ ng&agrave;nh gần với ng&agrave;nh đăng k&yacute; x&eacute;t tuyển: được cộng&nbsp;<span style=\"color: #e03e2d;\"><strong>0.5</strong></span>&nbsp;điểm.</li>\n<li>Th&iacute; sinh đoạt giải nhất, nh&igrave;, ba trong cuộc thi khoa học kỹ thuật cấp quốc gia c&oacute; nội dung cuộc thi thuộc ng&agrave;nh/ng&agrave;nh gần với ng&agrave;nh đăng k&yacute; x&eacute;t tuyển: được cộng&nbsp;<span style=\"color: #e03e2d;\"><strong>0.5</strong></span>&nbsp;điểm.</li>\n<li>Th&iacute; sinh đoạt giải khuyến kh&iacute;ch trong kỳ thi chọn học sinh giỏi quốc gia đối với c&aacute;c m&ocirc;n c&oacute; trong tổ hợp tuyển sinh của ng&agrave;nh đăng k&yacute; x&eacute;t tuyển (xem bảng tổ hợp m&ocirc;n x&eacute;t tuyển tương ứng với ng&agrave;nh/nh&oacute;m ng&agrave;nh tại mục 6) hoặc c&oacute; nội dung m&ocirc;n thi thuộc ng&agrave;nh/ng&agrave;nh gần với ng&agrave;nh đăng k&yacute; x&eacute;t tuyển: được cộng&nbsp;<strong><span style=\"color: #e03e2d;\">0.4</span>&nbsp;</strong>điểm.</li>\n<li>Th&iacute; sinh đoạt giải tư trong cuộc thi khoa học, kỹ thuật cấp quốc gia c&oacute; nội dung cuộc thi thuộc ng&agrave;nh/ng&agrave;nh gần với ng&agrave;nh đăng k&yacute; x&eacute;t tuyển : được cộng<strong>&nbsp;<span style=\"color: #e03e2d;\">0.4</span>&nbsp;</strong>điểm.</li>\n<li>Th&iacute; sinh thi học sinh giỏi cấp tỉnh/th&agrave;nh phố trực thuộc trung ương đoạt giải nhất, nh&igrave; đối với c&aacute;c m&ocirc;n c&oacute; trong tổ hợp tuyển sinh của ng&agrave;nh đăng k&yacute; x&eacute;t tuyển (xem bảng tổ hợp m&ocirc;n x&eacute;t tuyển tương ứng với ng&agrave;nh/nh&oacute;m ng&agrave;nh tại mục 6) hoặc c&oacute; nội dung m&ocirc;n thi thuộc ng&agrave;nh/ng&agrave;nh gần với ng&agrave;nh đăng k&yacute; x&eacute;t tuyển: được cộng&nbsp;<strong><span style=\"color: #e03e2d;\">0.3</span>&nbsp;</strong>điểm.</li>\n<li>Th&iacute; sinh dự thi cuộc thi khoa học, kỹ thuật cấp tỉnh/th&agrave;nh phố trực thuộc trung ương đoạt giải nhất, nh&igrave; trong hệ thống tuyển chọn cuộc thi khoa học kỹ thuật quốc gia c&oacute; nội dung cuộc thi thuộc ng&agrave;nh/ng&agrave;nh gần với ng&agrave;nh đăng k&yacute; x&eacute;t tuyển: được cộng&nbsp;<strong><span style=\"color: #e03e2d;\">0.3</span>&nbsp;</strong>điểm.</li>\n<li>Th&iacute; sinh l&agrave; học sinh trường chuy&ecirc;n/năng khiếu trong ba năm lớp 10, 11, 12 thuộc c&aacute;c Trường chuy&ecirc;n/năng khiếu trong danh s&aacute;ch c&aacute;c Trường ƯTXT của ĐHQG: được cộng&nbsp;<strong><span style=\"color: #e03e2d;\">0.2</span>&nbsp;</strong>điểm.</li>\n<li><span style=\"color: #e03e2d;\"><em>Trường hợp th&iacute; sinh thỏa nhiều điều kiện ưu ti&ecirc;n, th&iacute; sinh chỉ được cộng một loại điểm ưu ti&ecirc;n cao nhất;</em></span></li>\n<li>Khi c&aacute;c th&iacute; sinh c&oacute; điểm bằng nhau trong khi s&ocirc;́ lượng thí sinh vượt chỉ ti&ecirc;u thì ti&ecirc;u chí phụ sẽ dựa tr&ecirc;n chất lượng của b&agrave;i luận của th&iacute; sinh.</li>\n</ul>\n<p><em>*&nbsp;</em><u>Lưu</u><u>&nbsp;&yacute;:</u><em>&nbsp;C&aacute;c th&iacute; sinh kh&ocirc;ng thuộc diện được cộng điểm ưu ti&ecirc;n như tr&ecirc;n sẽ được x&eacute;t tuyển dựa tr&ecirc;n điểm trung b&igrave;nh 03 năm học THPT của c&aacute;c m&ocirc;n (sử dụng điểm tổng kết năm học của m&ocirc;n học năm lớp 10, lớp 11 v&agrave; lớp 12) tương ứng với tổ hợp 03 m&ocirc;n x&eacute;t tuyển của từng ng&agrave;nh do th&iacute; sinh đăng k&yacute; c&oacute; trong Phụ lục 2.3 đ&iacute;nh k&egrave;m th&ocirc;ng b&aacute;o n&agrave;y.</em></p>\n<p><strong>6. Ng&agrave;nh được ưu ti&ecirc;n x&eacute;t tuy&ecirc;̉n:&nbsp;</strong>Hội đồng tuyển sinh Trường quyết định ng&agrave;nh được ưu ti&ecirc;n x&eacute;t tuy&ecirc;̉n cho th&iacute; sinh căn cứ v&agrave;o nguyện vọng của th&iacute; sinh v&agrave; điều kiện chỉ ti&ecirc;u x&eacute;t tuyển từng ng&agrave;nh.</p>\n<p><strong>7. Thời gian v&agrave; phương thức nộp hồ sơ</strong></p>\n<ul>\n<li>Thời gian nộp hồ sơ: th&iacute; sinh nộp hồ sơ ƯTXT từ ng&agrave;y&nbsp;<span style=\"color: #e03e2d;\"><strong>1</strong><strong>5</strong><strong>/</strong><strong>5</strong><strong>/20</strong><strong>21</strong>&nbsp;đến&nbsp;<strong>15/</strong><strong>6</strong><strong>/20</strong><strong>21</strong></span>.</li>\n<li>Th&iacute; sinh c&oacute; thể nộp hồ sơ theo hai phương thức như sau:</li>\n</ul>\n<p><strong><em><u>Nộp trực tiếp</u></em></strong>: th&iacute; sinh nộp hồ sơ v&agrave; lệ ph&iacute; trực tiếp tại Trường ĐH KHTN theo địa chỉ: số 227 Nguyễn Văn Cừ, P4, Q.5, TP.HCM &ndash; Ph&ograve;ng Đ&agrave;o tạo (trong giờ h&agrave;nh ch&iacute;nh, từ thứ 2 đến thứ 6, buổi s&aacute;ng từ 8giờ00 đến 11giờ00, buổi chiều từ 13giờ30 đến 16giờ30 )</p>\n<p><strong><em><u>Nộp</u></em></strong><strong><em><u>&nbsp;qua đường bưu điện chuyển ph&aacute;t</u></em></strong><strong>&nbsp;<em><u>nhanh</u></em></strong>:</p>\n<ul>\n<li>Hồ sơ: th&iacute; sinh nộp hồ sơ qua đường bưu điện chuyển ph&aacute;t nhanh theo địa chỉ: Trường ĐH KHTN, Ph&ograve;ng Đ&agrave;o tạo, số 227 Nguyễn Văn Cừ, P4, Q.5, TP.HCM.</li>\n<li>Lệ ph&iacute;: th&iacute; sinh nộp hồ sơ qua đường bưu điện sẽ nộp lệ ph&iacute; bằng c&aacute;ch chuyển khoản ng&acirc;n h&agrave;ng theo hướng dẫn như sau:</li>\n</ul>\n<p>- T&ecirc;n t&agrave;i khoản ng&acirc;n h&agrave;ng (viết đầy đủ): Trường Đại học Khoa học Tự nhi&ecirc;n.</p>\n<p>- Số t&agrave;i khoản:&nbsp;<span style=\"color: #0010ff;\"><strong>638 020 101 7313</strong></span>, ng&acirc;n h&agrave;ng Agribank, chi nh&aacute;nh B&igrave;nh Thạnh.</p>\n<p>- Nội dung chuyển tiền: th&iacute; sinh ghi đ&uacute;ng thứ tự như sau:<strong>&nbsp;<span style=\"color: #e03e2d;\">Số căn cước CD/Số Chứng minh ND - Họ v&agrave; t&ecirc;n - LPXT PT2</span></strong>&nbsp;(V&iacute; dụ:&nbsp;<span style=\"color: #0010ff;\"><strong>012345678999 - Nguyễn Văn A- LPXT PT2</strong></span>).</p>\n<p><strong>III. C&Ocirc;NG B&Ocirc;́ DANH SÁCH TRÚNG TUY&Ecirc;̉N, XÁC NH&Acirc;̣N NH&Acirc;̣P HỌC VÀ NH&Acirc;̣P HỌC</strong></p>\n<p><strong>1. C&ocirc;ng bố danh s&aacute;ch tr&uacute;ng tuyển:&nbsp;</strong>chậm nhất l&agrave; ng&agrave;y<strong>&nbsp;28/7/2021&nbsp;</strong>Trường sẽ c&ocirc;ng bố danh s&aacute;ch th&iacute; sinh được ưu ti&ecirc;n x&eacute;t tuyển thẳng và ƯTXT tr&ecirc;n website của trường theo địa chỉ&nbsp;<a href=\"https://www.hcmus.edu.vn/\" target=\"_blank\" rel=\"noopener noreferrer\">https://www.hcmus.edu.vn</a>&nbsp;v&agrave; gửi về Bộ Gi&aacute;o dục v&agrave; Đ&agrave;o tạo.</p>\n<p><strong>2. Thời gian x&aacute;c nhận nhập học v&agrave; l&agrave;m thủ tục nhập học:&nbsp;</strong>Th&iacute; sinh tr&uacute;ng tuyển sẽ l&agrave;m thủ tục x&aacute;c nhận nhập học v&agrave; nhập học từ ng&agrave;y&nbsp;<strong>08/8/2021 -&nbsp;</strong>CN đến ng&agrave;y&nbsp;<strong>10/8/2021</strong>&nbsp;&ndash; thứ 3 (buổi s&aacute;ng: 8giờ &ndash; 11giờ, buổi chiều: 13giờ30 &ndash; 16giờ).</p>\n<p><strong>3. X&aacute;c nhận nhập học v&agrave; l&agrave;m thủ tục nhập học:&nbsp;</strong>Trường sẽ th&ocirc;ng b&aacute;o chi tiết nội dung y&ecirc;u cầu của c&aacute;c thủ tục nhập học tr&ecirc;n tại website của trường theo địa chỉ&nbsp;&nbsp;<u><a href=\"http://www.hcmus.edu.vn/\">www.hcmus.edu.vn</a></u>&nbsp;trước 17giờ00 ng&agrave;y&nbsp;<strong>28/7/2021 ./.</strong></p>\n<p>)</p>','https://tuyensinh.hcmus.edu.vn/images/2021/05/04/phuongthuc2.png','','2022-05-22 08:36:58','2022-06-20 05:23:28','DH','','',0,'0000-00-00 00:00:00','0000-00-00 00:00:00','0000-00-00 00:00:00','0000-00-00 00:00:00'),('2A','Ưu tiên xét tuyển thẳng (ĐHQG-HCM)','<p>description</p>','https://tuyensinh.hcmus.edu.vn/images/2021/05/04/phuongthuc1.png','2','2022-05-22 08:36:58','2022-08-01 09:20:28','DH','','',0,'0000-00-00 00:00:00','0000-00-00 00:00:00','0000-00-00 00:00:00','0000-00-00 00:00:00'),('3','Xét tuyển dựa trên kết quả kỳ thi tốt nghiệp THPT','<p>Phương thức 3:<br /><br />X&eacute;t tuyển dựa tr&ecirc;n kết quả kỳ thi tốt nghiệp THPT năm 2021 từ <strong>15% - 55%</strong>&nbsp;chỉ ti&ecirc;u theo ng&agrave;nh/nh&oacute;m ng&agrave;nh</p>\n<p>&nbsp;</p>','https://tuyensinh.hcmus.edu.vn/images/2021/04/28/diemchuantnthpt2021.jpg','','2022-05-22 08:29:15','2022-06-20 05:23:28','DH','','',0,'0000-00-00 00:00:00','0000-00-00 00:00:00','0000-00-00 00:00:00','0000-00-00 00:00:00'),('4','Xét tuyển dựa trên kết quả kỳ thi đánh giá năng lực','<div id=\"sppb-addon-wrapper-1619402629786\" class=\"sppb-addon-wrapper\">\n<div id=\"sppb-addon-1619402629786\" class=\"clearfix \">\n<div class=\"sppb-addon sppb-addon-text-block  \">\n<div class=\"sppb-addon-content\">Phương thức 4:<br />X&eacute;t tuyển dựa tr&ecirc;n kết quả kỳ thi đ&aacute;nh gi&aacute; năng lực do ĐHQG-HCM tổ chức từ&nbsp;<strong>30%- 60%</strong>&nbsp;chỉ ti&ecirc;u theo ng&agrave;nh/nh&oacute;m ng&agrave;nh</div>\n</div>\n</div>\n</div>\n<div id=\"sppb-addon-wrapper-1619938931834\" class=\"sppb-addon-wrapper\">\n<div id=\"sppb-addon-1619938931834\" class=\"clearfix \">\n<div class=\"sppb-addon sppb-addon-text-block  \">\n<div class=\"sppb-addon-content\">\n<h2><span style=\"color: #0010ff;\"><strong>Về việc x&eacute;t tuyển đại học ch&iacute;nh quy dựa tr&ecirc;n kết quả kỳ thi đ&aacute;nh gi&aacute; năng lực do ĐHQG-HCM tổ chức năm 2021<br />- Phương thức x&eacute;t tuyển 4</strong></span></h2>\n<p>&nbsp;</p>\n<p>&nbsp;</p>\n<ul>\n<li><em>Căn cứ&nbsp;</em><em>c&ocirc;ng văn số 1444/BGDĐT-GDĐH ng&agrave;y 14 th&aacute;ng 4 năm 2021 về việc&nbsp;</em><em>Hướng dẫn c&ocirc;ng t&aacute;c&nbsp;tuyển sinh tr&igrave;nh độ đại học; tuyển sinh tr&igrave;nh độ cao đẳng ng&agrave;nh Gi&aacute;o dục Mầm non</em><em>;</em></li>\n<li><em>Căn cứ Đề &aacute;n tuyển sinh tr&igrave;nh độ đại học năm 2021 ng&agrave;y 31 th&aacute;ng 3 năm 2021 của Trường Đại học Khoa học Tự nhi&ecirc;n - ĐHQG-HCM,</em></li>\n<li><em>Hội đồng tuyển sinh Trường Đại học Khoa học Tự nhi&ecirc;n (ĐH KHTN) th&ocirc;ng b&aacute;o về việc x</em><em>&eacute;t tuyển&nbsp;</em><em>đại học ch&iacute;nh quy&nbsp;</em><em>dựa tr&ecirc;n kết quả kỳ</em><em>&nbsp;thi đ&aacute;nh gi&aacute;</em><em>&nbsp;năng lực</em><em>&nbsp;do</em><em>&nbsp;ĐHQG-HCM</em><em>&nbsp;tổ chức năm 2021 như sau:</em></li>\n</ul>\n<p><strong>1. Đối tượng được tham gia x&eacute;t tuyển:</strong></p>\n<ul>\n<li>Đ&atilde; tốt nghiệp THPT (theo h&igrave;nh thức gi&aacute;o dục ch&iacute;nh quy hoặc gi&aacute;o dục thường xuy&ecirc;n) hoặc đ&atilde; tốt nghiệp trung cấp, sau đ&acirc;y gọi chung l&agrave; tốt nghiệp trung học; Người tốt nghiệp trung cấp nhưng chưa c&oacute; bằng tốt nghiệp THPT phải học v&agrave; được c&ocirc;ng nhận ho&agrave;n th&agrave;nh c&aacute;c m&ocirc;n văn h&oacute;a trong chương tr&igrave;nh gi&aacute;o dục THPT theo quy định của Bộ GD&amp;ĐT.</li>\n<li>C&oacute; tham dự kỳ thi đ&aacute;nh gi&aacute; năng lực do ĐHQG-HCM tổ chức năm 2021.</li>\n</ul>\n<p><strong>2. Số lượng nguyện vọng đăng k&yacute;:</strong></p>\n<ul>\n<li>Th&iacute; sinh được đăng k&yacute; tối đa 03 nguyện vọng v&agrave;o c&aacute;c ng&agrave;nh/nh&oacute;m ng&agrave;nh của Trường ĐH KHTN.</li>\n<li>Nếu th&iacute; sinh đăng k&yacute; hai hoặc ba nguyện vọng v&agrave;o c&aacute;c ng&agrave;nh/nh&oacute;m ng&agrave;nh của Trường ĐH KHTN th&igrave; c&aacute;c nguyện vọng được sắp xếp theo thứ tự ưu ti&ecirc;n từ cao xuống thấp (nguyện vọng 1 l&agrave; nguyện vọng cao nhất). Th&iacute; sinh chỉ tr&uacute;ng tuyển v&agrave;o 01 nguyện vọng ưu ti&ecirc;n cao nhất trong danh s&aacute;ch c&aacute;c nguyện vọng đ&atilde; đăng k&yacute;.</li>\n</ul>\n<p><strong>3. Chỉ ti&ecirc;u:&nbsp;</strong>chỉ ti&ecirc;u phương thức đ&aacute;nh gi&aacute; năng lực của ng&agrave;nh/nh&oacute;m ng&agrave;nh theo bảng sau đ&acirc;y</p>\n<p><strong>Bảng số 1</strong></p>\n<table border=\"1\" width=\"90%\" cellspacing=\"2\" cellpadding=\"2\">\n<thead>\n<tr>\n<td width=\"45\">\n<p><span style=\"color: #0010ff;\"><strong>STT</strong></span></p>\n</td>\n<td width=\"124\">\n<p><span style=\"color: #0010ff;\"><strong>M&atilde; ng&agrave;nh/<br />nh&oacute;m ng&agrave;nh_<br />chương tr&igrave;nh<br />tuyển sinh</strong></span></p>\n</td>\n<td width=\"276\">\n<p><span style=\"color: #0010ff;\"><strong>T&ecirc;n ng&agrave;nh/<br />nh&oacute;m ng&agrave;nh-<br />chương tr&igrave;nh đ&agrave;o tạo</strong></span></p>\n</td>\n<td width=\"131\">\n<p><span style=\"color: #0010ff;\"><strong>Tổng chỉ ti&ecirc;u của tất cả c&aacute;c phương thức x&eacute;t tuyển</strong></span></p>\n</td>\n<td width=\"76\">\n<p><span style=\"color: #0010ff;\"><strong>Tỉ lệ % phương thức ĐGNL</strong></span></p>\n</td>\n</tr>\n</thead>\n<tbody>\n<tr>\n<td width=\"45\">\n<p>1</p>\n</td>\n<td width=\"124\">\n<p>7420101</p>\n</td>\n<td width=\"276\">\n<p>Sinh học</p>\n</td>\n<td width=\"131\">\n<p>220</p>\n</td>\n<td width=\"76\">\n<p><span style=\"color: #e03e2d;\"><strong>40%</strong></span></p>\n</td>\n</tr>\n<tr>\n<td width=\"45\">\n<p>2</p>\n</td>\n<td width=\"124\">\n<p>7420101_CLC</p>\n</td>\n<td width=\"276\">\n<p>Sinh học (Chương tr&igrave;nh Chất lượng cao)</p>\n</td>\n<td width=\"131\">\n<p>40</p>\n</td>\n<td width=\"76\">\n<p><span style=\"color: #e03e2d;\"><strong>40%</strong></span></p>\n</td>\n</tr>\n<tr>\n<td width=\"45\">\n<p>3</p>\n</td>\n<td width=\"124\">\n<p>7420201</p>\n</td>\n<td width=\"276\">\n<p>C&ocirc;ng nghệ Sinh học</p>\n</td>\n<td width=\"131\">\n<p>200</p>\n</td>\n<td width=\"76\">\n<p><span style=\"color: #e03e2d;\"><strong>40%</strong></span></p>\n</td>\n</tr>\n<tr>\n<td width=\"45\">\n<p>4</p>\n</td>\n<td width=\"124\">\n<p>7420201_CLC</p>\n</td>\n<td width=\"276\">\n<p>C&ocirc;ng nghệ Sinh học (Chương tr&igrave;nh Chất lượng cao)</p>\n</td>\n<td width=\"131\">\n<p>120</p>\n</td>\n<td width=\"76\">\n<p><span style=\"color: #e03e2d;\"><strong>60%</strong></span></p>\n</td>\n</tr>\n<tr>\n<td width=\"45\">\n<p>5</p>\n</td>\n<td width=\"124\">\n<p>7440102</p>\n</td>\n<td width=\"276\">\n<p>Vật l&yacute; học</p>\n</td>\n<td width=\"131\">\n<p>200</p>\n</td>\n<td width=\"76\">\n<p><span style=\"color: #e03e2d;\"><strong>40%</strong></span></p>\n</td>\n</tr>\n<tr>\n<td width=\"45\">\n<p>6</p>\n</td>\n<td width=\"124\">\n<p>7440112</p>\n</td>\n<td width=\"276\">\n<p>Ho&aacute; học</p>\n</td>\n<td width=\"131\">\n<p>220</p>\n</td>\n<td width=\"76\">\n<p><span style=\"color: #e03e2d;\"><strong>60%</strong></span></p>\n</td>\n</tr>\n<tr>\n<td width=\"45\">\n<p>7</p>\n</td>\n<td width=\"124\">\n<p>7440112_CLC</p>\n</td>\n<td width=\"276\">\n<p>H&oacute;a học (Chương tr&igrave;nh Chất lượng cao)</p>\n</td>\n<td width=\"131\">\n<p>80</p>\n</td>\n<td width=\"76\">\n<p><span style=\"color: #e03e2d;\"><strong>60%</strong></span></p>\n</td>\n</tr>\n<tr>\n<td width=\"45\">\n<p>8</p>\n</td>\n<td width=\"124\">\n<p>7440112_VP</p>\n</td>\n<td width=\"276\">\n<p>Ho&aacute; học (Chương tr&igrave;nh li&ecirc;n kết Việt &ndash; Ph&aacute;p)</p>\n</td>\n<td width=\"131\">\n<p>40</p>\n</td>\n<td width=\"76\">\n<p><span style=\"color: #e03e2d;\"><strong>40%</strong></span></p>\n</td>\n</tr>\n<tr>\n<td width=\"45\">\n<p>9</p>\n</td>\n<td width=\"124\">\n<p>7440122</p>\n</td>\n<td width=\"276\">\n<p>Khoa học Vật liệu</p>\n</td>\n<td width=\"131\">\n<p>150</p>\n</td>\n<td width=\"76\">\n<p><span style=\"color: #e03e2d;\"><strong>40%</strong></span></p>\n</td>\n</tr>\n<tr>\n<td width=\"45\">\n<p>10</p>\n</td>\n<td width=\"124\">\n<p>7440201</p>\n</td>\n<td width=\"276\">\n<p>Địa chất học</p>\n</td>\n<td width=\"131\">\n<p>100</p>\n</td>\n<td width=\"76\">\n<p><span style=\"color: #e03e2d;\"><strong>30%</strong></span></p>\n</td>\n</tr>\n<tr>\n<td width=\"45\">\n<p>11</p>\n</td>\n<td width=\"124\">\n<p>7440228</p>\n</td>\n<td width=\"276\">\n<p>Hải dương học</p>\n</td>\n<td width=\"131\">\n<p>50</p>\n</td>\n<td width=\"76\">\n<p><span style=\"color: #e03e2d;\"><strong>30%</strong></span></p>\n</td>\n</tr>\n<tr>\n<td width=\"45\">\n<p>12</p>\n</td>\n<td width=\"124\">\n<p>7440301</p>\n</td>\n<td width=\"276\">\n<p>Khoa học M&ocirc;i trường</p>\n</td>\n<td width=\"131\">\n<p>140</p>\n</td>\n<td width=\"76\">\n<p><span style=\"color: #e03e2d;\"><strong>40%</strong></span></p>\n</td>\n</tr>\n<tr>\n<td width=\"45\">\n<p>13</p>\n</td>\n<td width=\"124\">\n<p>7440301_CLC</p>\n</td>\n<td width=\"276\">\n<p>Khoa học M&ocirc;i trường (Chương tr&igrave;nh Chất lượng cao)</p>\n</td>\n<td width=\"131\">\n<p>40</p>\n</td>\n<td width=\"76\">\n<p><span style=\"color: #e03e2d;\"><strong>40%</strong></span></p>\n</td>\n</tr>\n<tr>\n<td width=\"45\">\n<p>14</p>\n</td>\n<td width=\"124\">\n<p>7460101_NN</p>\n</td>\n<td width=\"276\">\n<p>Nh&oacute;m ng&agrave;nh To&aacute;n học, To&aacute;n ứng dụng, To&aacute;n Tin</p>\n</td>\n<td width=\"131\">\n<p>210</p>\n</td>\n<td width=\"76\">\n<p><span style=\"color: #e03e2d;\"><strong>40%</strong></span></p>\n</td>\n</tr>\n<tr>\n<td width=\"45\">\n<p>15</p>\n</td>\n<td width=\"124\">\n<p>7480101_TT</p>\n</td>\n<td width=\"276\">\n<p>Khoa học m&aacute;y t&iacute;nh (Chương tr&igrave;nh Ti&ecirc;n tiến)</p>\n</td>\n<td width=\"131\">\n<p>80</p>\n</td>\n<td width=\"76\">\n<p><span style=\"color: #e03e2d;\"><strong>60%</strong></span></p>\n</td>\n</tr>\n<tr>\n<td width=\"45\">\n<p>16</p>\n</td>\n<td width=\"124\">\n<p>7480109</p>\n</td>\n<td width=\"276\">\n<p>Khoa học dữ liệu</p>\n</td>\n<td width=\"131\">\n<p>90</p>\n</td>\n<td width=\"76\">\n<p><span style=\"color: #e03e2d;\"><strong>40%</strong></span></p>\n</td>\n</tr>\n<tr>\n<td width=\"45\">\n<p>17</p>\n</td>\n<td width=\"124\">\n<p>7480201_CLC</p>\n</td>\n<td width=\"276\">\n<p>C&ocirc;ng nghệ th&ocirc;ng tin (Chương tr&igrave;nh Chất lượng cao)</p>\n</td>\n<td width=\"131\">\n<p>420</p>\n</td>\n<td width=\"76\">\n<p><span style=\"color: #e03e2d;\"><strong>40%</strong></span></p>\n</td>\n</tr>\n<tr>\n<td width=\"45\">\n<p>18</p>\n</td>\n<td width=\"124\">\n<p>7480201_NN</p>\n</td>\n<td width=\"276\">\n<p>Nh&oacute;m ng&agrave;nh m&aacute;y t&iacute;nh v&agrave; C&ocirc;ng nghệ th&ocirc;ng tin</p>\n</td>\n<td width=\"131\">\n<p>420</p>\n</td>\n<td width=\"76\">\n<p><span style=\"color: #e03e2d;\"><strong>40%</strong></span></p>\n</td>\n</tr>\n<tr>\n<td width=\"45\">\n<p>19</p>\n</td>\n<td width=\"124\">\n<p>7480201_VP</p>\n</td>\n<td width=\"276\">\n<p>C&ocirc;ng nghệ th&ocirc;ng tin (Chương tr&igrave;nh li&ecirc;n kết Việt - Ph&aacute;p)</p>\n</td>\n<td width=\"131\">\n<p>40</p>\n</td>\n<td width=\"76\">\n<p><span style=\"color: #e03e2d;\"><strong>40%</strong></span></p>\n</td>\n</tr>\n<tr>\n<td width=\"45\">\n<p>20</p>\n</td>\n<td width=\"124\">\n<p>7510401_CLC</p>\n</td>\n<td width=\"276\">\n<p>C&ocirc;ng nghệ kỹ thuật Ho&aacute; học (Chương tr&igrave;nh Chất lượng cao)</p>\n</td>\n<td width=\"131\">\n<p>120</p>\n</td>\n<td width=\"76\">\n<p><span style=\"color: #e03e2d;\"><strong>60%</strong></span></p>\n</td>\n</tr>\n<tr>\n<td width=\"45\">\n<p>21</p>\n</td>\n<td width=\"124\">\n<p>7510402</p>\n</td>\n<td width=\"276\">\n<p>C&ocirc;ng nghệ Vật liệu</p>\n</td>\n<td width=\"131\">\n<p>50</p>\n</td>\n<td width=\"76\">\n<p><span style=\"color: #e03e2d;\"><strong>40%</strong></span></p>\n</td>\n</tr>\n<tr>\n<td width=\"45\">\n<p>22</p>\n</td>\n<td width=\"124\">\n<p>7510406</p>\n</td>\n<td width=\"276\">\n<p>C&ocirc;ng nghệ Kỹ thuật M&ocirc;i trường</p>\n</td>\n<td width=\"131\">\n<p>120</p>\n</td>\n<td width=\"76\">\n<p><span style=\"color: #e03e2d;\"><strong>40%</strong></span></p>\n</td>\n</tr>\n<tr>\n<td width=\"45\">\n<p>23</p>\n</td>\n<td width=\"124\">\n<p>7520207</p>\n</td>\n<td width=\"276\">\n<p>Kỹ thuật điện tử - viễn th&ocirc;ng</p>\n</td>\n<td width=\"131\">\n<p>160</p>\n</td>\n<td width=\"76\">\n<p><span style=\"color: #e03e2d;\"><strong>40%</strong></span></p>\n</td>\n</tr>\n<tr>\n<td width=\"45\">\n<p>24</p>\n</td>\n<td width=\"124\">\n<p>7520207_CLC</p>\n</td>\n<td width=\"276\">\n<p>Kỹ thuật điện tử - viễn th&ocirc;ng (Chương tr&igrave;nh Chất lượng cao)</p>\n</td>\n<td width=\"131\">\n<p>80</p>\n</td>\n<td width=\"76\">\n<p><span style=\"color: #e03e2d;\"><strong>40%</strong></span></p>\n</td>\n</tr>\n<tr>\n<td width=\"45\">\n<p>25</p>\n</td>\n<td width=\"124\">\n<p>7520402</p>\n</td>\n<td width=\"276\">\n<p>Kỹ thuật hạt nh&acirc;n</p>\n</td>\n<td width=\"131\">\n<p>50</p>\n</td>\n<td width=\"76\">\n<p><span style=\"color: #e03e2d;\"><strong>40%</strong></span></p>\n</td>\n</tr>\n<tr>\n<td width=\"45\">\n<p>26</p>\n</td>\n<td width=\"124\">\n<p>7520403</p>\n</td>\n<td width=\"276\">\n<p>Vật l&yacute; y khoa</p>\n</td>\n<td width=\"131\">\n<p>40</p>\n</td>\n<td width=\"76\">\n<p><span style=\"color: #e03e2d;\"><strong>40%</strong></span></p>\n</td>\n</tr>\n<tr>\n<td width=\"45\">\n<p>27</p>\n</td>\n<td width=\"124\">\n<p>7520501</p>\n</td>\n<td width=\"276\">\n<p>Kỹ thuật địa chất</p>\n</td>\n<td width=\"131\">\n<p>50</p>\n</td>\n<td width=\"76\">\n<p><span style=\"color: #e03e2d;\"><strong>30%</strong></span></p>\n</td>\n</tr>\n</tbody>\n</table>\n<p><strong>&nbsp;</strong></p>\n<p><strong>4. C&aacute;ch thức đăng k&yacute;</strong><strong>&nbsp;x&eacute;t tuyển</strong><strong>:&nbsp;</strong>th&iacute; sinh truy cập trang th&ocirc;ng tin điện tử của ĐHQG-HCM theo địa chỉ:&nbsp;<a href=\"https://tuyensinh.vnuhcm.edu.vn/\" target=\"_blank\" rel=\"noopener noreferrer\">thinangluc.vnuhcm.edu.vn</a>&nbsp;để xem hướng dẫn c&aacute;ch thức đăng k&yacute; x&eacute;t tuyển v&agrave; thực hiện thủ tục đăng k&yacute; x&eacute;t tuyển theo phương thức n&agrave;y.</p>\n<p><strong>5. Lệ ph&iacute; đăng k&yacute; x&eacute;t tuyển:&nbsp;<span style=\"color: #0010ff;\">25.000đ/nguyện vọng</span></strong><span style=\"color: #0010ff;\">.</span></p>\n<p><strong>6. Thời gian đăng k&yacute; x&eacute;t tuyển:&nbsp;</strong>th&iacute; sinh đăng k&yacute; x&eacute;t tuyển từ ng&agrave;y&nbsp;<span style=\"color: #e03e2d;\"><strong>04/5/2021 đến 15/6/2021</strong></span></p>\n<p><strong>7. Điểm x&eacute;t tuyển</strong><strong>:&nbsp;</strong>l&agrave; tổng điểm của b&agrave;i thi đ&aacute;nh gi&aacute; năng lực cộng với điểm ưu ti&ecirc;n đối tượng v&agrave; khu vực theo quy định của ĐHQG-HCM. Hội đồng tuyển sinh sẽ quyết định điểm chuẩn tr&uacute;ng tuyển căn cứ theo hai ti&ecirc;u ch&iacute; sau:</p>\n<ul>\n<li><strong>Điểm chuẩn phải&nbsp;</strong>đảm bảo chất lượng đầu v&agrave;o đối với từng ng&agrave;nh/nh&oacute;m ng&agrave;nh (dựa v&agrave;o kết quả thực tế của kỳ thi).</li>\n<li>Chỉ ti&ecirc;u của ng&agrave;nh/nh&oacute;m ng&agrave;nh theo&nbsp;<strong>bảng số 1</strong>&nbsp;như tr&ecirc;n.</li>\n</ul>\n<p><strong>8. C&ocirc;ng bố danh s&aacute;ch tr&uacute;ng tuyển</strong>: trước&nbsp;<span style=\"color: #e03e2d;\">17giờ00 ng&agrave;y&nbsp;<strong>28</strong><strong>/</strong><strong>7</strong><strong>/20</strong><strong>21</strong></span>, Trường sẽ c&ocirc;ng bố danh s&aacute;ch th&iacute; sinh tr&uacute;ng tuyển tr&ecirc;n website của trường theo địa chỉ&nbsp;<a href=\"https://tuyensinh.hcmus.edu.vn/\" target=\"_blank\" rel=\"noopener noreferrer\">tuyensinh.hcmus.edu.vn</a><strong>.</strong></p>\n<p><strong>9. Thời gian x&aacute;c nhận nhập học v&agrave; l&agrave;m thủ tục nhập học:&nbsp;</strong>Th&iacute; sinh tr&uacute;ng tuyển sẽ l&agrave;m thủ tục x&aacute;c nhận nhập học v&agrave; nhập học từ ng&agrave;y&nbsp;<strong>08/8/2021 -&nbsp;</strong>CN đến ng&agrave;y&nbsp;<strong>10/8/2021</strong>&nbsp;&ndash; thứ 3 (buổi s&aacute;ng: 8giờ &ndash; 11giờ, buổi chiều: 13giờ30 &ndash; 16giờ).</p>\n<p><strong>10. X&aacute;c nhận nhập học v&agrave; l&agrave;m thủ tục nhập học:</strong>&nbsp;Trường sẽ th&ocirc;ng b&aacute;o chi tiết nội dung y&ecirc;u cầu của c&aacute;c thủ tục nhập học tr&ecirc;n tại website của trường theo địa chỉ&nbsp;<u><a href=\"https://tuyensinh.hcmus.edu.vn/\" target=\"_blank\" rel=\"noopener noreferrer\">hcmus.edu.vn</a></u>&nbsp;trước<strong>&nbsp;17giờ00 ng&agrave;y 28/7/2021.</strong></p>\n</div>\n</div>\n</div>\n</div>\n<div id=\"sppb-addon-wrapper-1619574523155\" class=\"sppb-addon-wrapper\">\n<div id=\"sppb-addon-1619574523155\" class=\"clearfix \">\n<div class=\"sppb-addon sppb-addon-single-image sppb-text-center \">\n<div class=\"sppb-addon-content\">\n<div class=\"sppb-addon-single-image-container\"><img class=\"sppb-img-responsive\" title=\"\" src=\"https://tuyensinh.hcmus.edu.vn/images/2021/04/28/chitieu_diemchuan.jpg\" alt=\"Image\" /></div>\n</div>\n</div>\n</div>\n</div>\n<p>&nbsp;</p>','https://tuyensinh.hcmus.edu.vn/images/2021/05/04/phuongthuc4dgnl.png','','2022-05-22 08:29:15','2022-06-20 05:23:28','DH','','',0,'0000-00-00 00:00:00','0000-00-00 00:00:00','0000-00-00 00:00:00','0000-00-00 00:00:00'),('5','Xét tuyển dựa trên kết quả các kỳ thi quốc tế','<div id=\"sppb-addon-wrapper-1619402629786\" class=\"sppb-addon-wrapper\">\n<div id=\"sppb-addon-1619402629786\" class=\"clearfix \">\n<div class=\"sppb-addon sppb-addon-text-block  \">\n<div class=\"sppb-addon-content\">Phương thức 5:<br />X&eacute;t tuyển dựa tr&ecirc;n kết quả c&aacute;c kỳ thi quốc tế theo quy định của ĐHQG-HCM tối đa <strong>2% </strong>tổng&nbsp;chỉ ti&ecirc;u theo ng&agrave;nh/nh&oacute;m ng&agrave;nh</div>\n</div>\n</div>\n</div>\n<div id=\"sppb-addon-wrapper-1619938931834\" class=\"sppb-addon-wrapper\">\n<div id=\"sppb-addon-1619938931834\" class=\"clearfix \">\n<div class=\"sppb-addon sppb-addon-text-block  \">\n<div class=\"sppb-addon-content\">\n<h2><span style=\"color: #0010ff;\"><strong>Phương thức x&eacute;t tuyển 5 - X</strong></span><span style=\"color: #0010ff;\"><strong>&eacute;t tuyển dựa tr&ecirc;n kết quả c&aacute;c kỳ thi quốc tế theo quy định của ĐHQG-HCM năm 2021</strong></span></h2>\n<p>&nbsp;</p>\n</div>\n</div>\n</div>\n</div>\n<ul>\n<li><em>Căn cứ Đề &aacute;n tuyển sinh tr&igrave;nh độ đại học năm 2021 ng&agrave;y 31 th&aacute;ng 3 năm 2021 của Trường Đại học Khoa học Tự nhi&ecirc;n- ĐHQG-HCM;</em></li>\n<li><em>Căn cứ Đề &aacute;n tuyển sinh tr&igrave;nh độ đại học năm 2021 ng&agrave;y 26 th&aacute;ng 4 năm 2021 của Đại học Quốc Gia Th&agrave;nh phố Hồ Ch&iacute; Minh,</em></li>\n</ul>\n<p><em>Hội đồng tuyển sinh Trường Đại học Khoa học Tự nhi&ecirc;n (ĐH KHTN) th&ocirc;ng b&aacute;o về việc x&eacute;t tuyển v&agrave;o đại học hệ ch&iacute;nh quy năm 2021 của Trường bằng phương thức dựa tr&ecirc;n kết quả c&aacute;c kỳ thi quốc tế theo quy định của ĐHQG-HCM như sau:</em></p>\n<p><strong>1. Đối tượng x&eacute;t tuyển:</strong></p>\n<p>Th&iacute; sinh phải thỏa đồng thời tất cả c&aacute;c điều kiện chung v&agrave; điều kiện ri&ecirc;ng theo đối tượng như sau:</p>\n<p><strong><em>a. Điều kiện chung:</em></strong></p>\n<ul>\n<li>Đ&atilde; tốt nghiệp THPT theo chương tr&igrave;nh của nước ngo&agrave;i.</li>\n<li>C&oacute; đủ sức khỏe để học tập theo quy định hiện h&agrave;nh.</li>\n<li>Hạnh kiểm kh&aacute; trong 03 năm cuối cấp THPT.</li>\n</ul>\n<p><strong><em>b. Điều kiện ri&ecirc;ng đối với th&iacute; sinh l&agrave;&nbsp;</em></strong><strong><em>người Việt Nam học Trường nước ngo&agrave;i tại Việt Nam:</em></strong></p>\n<ul>\n<li>Chương tr&igrave;nh THPT th&iacute; sinh theo học v&agrave; được cấp bằng THPT phải được c&ocirc;ng nhận tại nước sở tại.</li>\n<li>C&oacute; chứng chỉ IELTS từ 5.5 trở l&ecirc;n hay TOEFL iBT từ 50 trở l&ecirc;n.</li>\n<li>Th&iacute; sinh tốt nghiệp tại Việt Nam th&igrave; chương tr&igrave;nh c&oacute; yếu tố nước ngo&agrave;i phải được Sở Gi&aacute;o dục Đ&agrave;o tạo của Tỉnh/Th&agrave;nh phố c&ocirc;ng nhận.</li>\n</ul>\n<p><strong>c. Điều kiện ri&ecirc;ng đối với th&iacute; sinh l&agrave;</strong><strong>&nbsp;người nước ngo&agrave;i học THPT tại nước ngo&agrave;i hoặc tại Việt Nam:</strong></p>\n<ul>\n<li>Nếu đăng k&yacute; học chương tr&igrave;nh giảng dạy bằng tiếng Việt: th&iacute; sinh phải c&oacute; năng lực tiếng Việt tương đương bậc 4/6 theo quy định khung năng lực tiếng Việt d&ugrave;ng cho người nước ngo&agrave;i của Bộ GD&amp;ĐT.</li>\n<li>Nếu đăng k&yacute; học chương tr&igrave;nh giảng dạy bằng tiếng Anh: th&iacute; sinh phải c&oacute; chứng chỉ tiếng Anh IELTS từ 5.5 trở l&ecirc;n; hoặc TOEFL iBT từ 50 trở l&ecirc;n; hoặc c&oacute; quốc tịch l&agrave; nước sử dụng tiếng Anh l&agrave; ng&ocirc;n ngữ ch&iacute;nh.</li>\n</ul>\n<p><strong>2. Chỉ ti&ecirc;u tuyển sinh:&nbsp;</strong>Tổng chỉ ti&ecirc;u x&eacute;t tuyển phương thức n&agrave;y tối đa l&agrave; 2% tr&ecirc;n tổng chỉ ti&ecirc;u năm 2021<strong>.</strong></p>\n<p><strong>3. Số lượng nguyện vọng đăng k&yacute;&nbsp;</strong><strong>x&eacute;t tuyển</strong></p>\n<ul>\n<li>Th&iacute; sinh được đăng k&yacute; tối đa 03 nguyện vọng v&agrave;o c&aacute;c ng&agrave;nh/nh&oacute;m ng&agrave;nh của Trường ĐH KHTN như sau:</li>\n</ul>\n<table border=\"1\" width=\"90%\" cellspacing=\"2\" cellpadding=\"2\">\n<thead>\n<tr>\n<td width=\"94\">\n<p><span style=\"color: #0010ff;\"><strong>STT</strong></span></p>\n</td>\n<td width=\"123\">\n<p><span style=\"color: #0010ff;\"><strong>M&atilde; ng&agrave;nh</strong></span></p>\n</td>\n<td width=\"293\">\n<p><span style=\"color: #0010ff;\"><strong>Ng&agrave;nh học</strong></span></p>\n</td>\n<td width=\"151\">\n<p><span style=\"color: #0010ff;\"><strong>Tổng chỉ ti&ecirc;u của tất cả c&aacute;c phương thức x&eacute;t tuyển</strong></span></p>\n</td>\n</tr>\n</thead>\n<tbody>\n<tr>\n<td width=\"94\">\n<p>1</p>\n</td>\n<td width=\"123\">\n<p>7420101</p>\n</td>\n<td width=\"293\">\n<p>Sinh học</p>\n</td>\n<td width=\"151\">\n<p><span style=\"color: #e03e2d;\"><strong>220</strong></span></p>\n</td>\n</tr>\n<tr>\n<td width=\"94\">\n<p>2</p>\n</td>\n<td width=\"123\">\n<p>7420101_CLC</p>\n</td>\n<td width=\"293\">\n<p>Sinh học (Chương tr&igrave;nh Chất lượng cao)</p>\n</td>\n<td width=\"151\">\n<p><span style=\"color: #e03e2d;\"><strong>40</strong></span></p>\n</td>\n</tr>\n<tr>\n<td width=\"94\">\n<p>3</p>\n</td>\n<td width=\"123\">\n<p>7420201</p>\n</td>\n<td width=\"293\">\n<p>C&ocirc;ng nghệ Sinh học</p>\n</td>\n<td width=\"151\">\n<p><span style=\"color: #e03e2d;\"><strong>200</strong></span></p>\n</td>\n</tr>\n<tr>\n<td width=\"94\">\n<p>4</p>\n</td>\n<td width=\"123\">\n<p>7420201_CLC</p>\n</td>\n<td width=\"293\">\n<p>C&ocirc;ng nghệ Sinh học (Chương tr&igrave;nh Chất lượng cao)</p>\n</td>\n<td width=\"151\">\n<p><span style=\"color: #e03e2d;\"><strong>120</strong></span></p>\n</td>\n</tr>\n<tr>\n<td width=\"94\">\n<p>5</p>\n</td>\n<td width=\"123\">\n<p>7440102</p>\n</td>\n<td width=\"293\">\n<p>Vật l&yacute; học</p>\n</td>\n<td width=\"151\">\n<p><span style=\"color: #e03e2d;\"><strong>200</strong></span></p>\n</td>\n</tr>\n<tr>\n<td width=\"94\">\n<p>6</p>\n</td>\n<td width=\"123\">\n<p>7440112</p>\n</td>\n<td width=\"293\">\n<p>Ho&aacute; học</p>\n</td>\n<td width=\"151\">\n<p><span style=\"color: #e03e2d;\"><strong>220</strong></span></p>\n</td>\n</tr>\n<tr>\n<td width=\"94\">\n<p>7</p>\n</td>\n<td width=\"123\">\n<p>7440112_CLC</p>\n</td>\n<td width=\"293\">\n<p>H&oacute;a học (Chương tr&igrave;nh Chất lượng cao)</p>\n</td>\n<td width=\"151\">\n<p><span style=\"color: #e03e2d;\"><strong>80</strong></span></p>\n</td>\n</tr>\n<tr>\n<td width=\"94\">\n<p>8</p>\n</td>\n<td width=\"123\">\n<p>7440112_VP</p>\n</td>\n<td width=\"293\">\n<p>Ho&aacute; học (Chương tr&igrave;nh li&ecirc;n kết Việt &ndash; Ph&aacute;p)</p>\n</td>\n<td width=\"151\">\n<p><span style=\"color: #e03e2d;\"><strong>40</strong></span></p>\n</td>\n</tr>\n<tr>\n<td width=\"94\">\n<p>9</p>\n</td>\n<td width=\"123\">\n<p>7440122</p>\n</td>\n<td width=\"293\">\n<p>Khoa học Vật liệu</p>\n</td>\n<td width=\"151\">\n<p><span style=\"color: #e03e2d;\"><strong>150</strong></span></p>\n</td>\n</tr>\n<tr>\n<td width=\"94\">\n<p>10</p>\n</td>\n<td width=\"123\">\n<p>7440201</p>\n</td>\n<td width=\"293\">\n<p>Địa chất học</p>\n</td>\n<td width=\"151\">\n<p><span style=\"color: #e03e2d;\"><strong>100</strong></span></p>\n</td>\n</tr>\n<tr>\n<td width=\"94\">\n<p>11</p>\n</td>\n<td width=\"123\">\n<p>7440228</p>\n</td>\n<td width=\"293\">\n<p>Hải dương học</p>\n</td>\n<td width=\"151\">\n<p><span style=\"color: #e03e2d;\"><strong>50</strong></span></p>\n</td>\n</tr>\n<tr>\n<td width=\"94\">\n<p>12</p>\n</td>\n<td width=\"123\">\n<p>7440301</p>\n</td>\n<td width=\"293\">\n<p>Khoa học M&ocirc;i trường</p>\n</td>\n<td width=\"151\">\n<p><span style=\"color: #e03e2d;\"><strong>140</strong></span></p>\n</td>\n</tr>\n<tr>\n<td width=\"94\">\n<p>13</p>\n</td>\n<td width=\"123\">\n<p>7440301_CLC</p>\n</td>\n<td width=\"293\">\n<p>Khoa học M&ocirc;i trường (Chương tr&igrave;nh Chất lượng cao)</p>\n</td>\n<td width=\"151\">\n<p><span style=\"color: #e03e2d;\"><strong>40</strong></span></p>\n</td>\n</tr>\n<tr>\n<td width=\"94\">\n<p>14</p>\n</td>\n<td width=\"123\">\n<p>7460101_NN</p>\n</td>\n<td width=\"293\">\n<p>Nh&oacute;m ng&agrave;nh To&aacute;n học, To&aacute;n Ứng dụng, To&aacute;n tin</p>\n</td>\n<td width=\"151\">\n<p><span style=\"color: #e03e2d;\"><strong>210</strong></span></p>\n</td>\n</tr>\n<tr>\n<td width=\"94\">\n<p>15</p>\n</td>\n<td width=\"123\">\n<p>7480101_TT</p>\n</td>\n<td width=\"293\">\n<p>Khoa học m&aacute;y t&iacute;nh (Chương tr&igrave;nh Ti&ecirc;n tiến)</p>\n</td>\n<td width=\"151\">\n<p><span style=\"color: #e03e2d;\"><strong>80</strong></span></p>\n</td>\n</tr>\n<tr>\n<td width=\"94\">\n<p>16</p>\n</td>\n<td width=\"123\">\n<p>7480109</p>\n</td>\n<td width=\"293\">\n<p>Khoa học dữ liệu</p>\n</td>\n<td width=\"151\">\n<p><span style=\"color: #e03e2d;\"><strong>90</strong></span></p>\n</td>\n</tr>\n<tr>\n<td width=\"94\">\n<p>17</p>\n</td>\n<td width=\"123\">\n<p>7480201_CLC</p>\n</td>\n<td width=\"293\">\n<p>C&ocirc;ng nghệ th&ocirc;ng tin (Chương tr&igrave;nh Chất lượng cao)</p>\n</td>\n<td width=\"151\">\n<p><span style=\"color: #e03e2d;\"><strong>420</strong></span></p>\n</td>\n</tr>\n<tr>\n<td width=\"94\">\n<p>18</p>\n</td>\n<td width=\"123\">\n<p>7480201_NN</p>\n</td>\n<td width=\"293\">\n<p>Nh&oacute;m ng&agrave;nh m&aacute;y t&iacute;nh v&agrave; C&ocirc;ng nghệ th&ocirc;ng tin</p>\n</td>\n<td width=\"151\">\n<p><span style=\"color: #e03e2d;\"><strong>420</strong></span></p>\n</td>\n</tr>\n<tr>\n<td width=\"94\">\n<p>19</p>\n</td>\n<td width=\"123\">\n<p>7480201_VP</p>\n</td>\n<td width=\"293\">\n<p>C&ocirc;ng nghệ th&ocirc;ng tin (Chương tr&igrave;nh li&ecirc;n kết Việt - Ph&aacute;p)</p>\n</td>\n<td width=\"151\">\n<p><span style=\"color: #e03e2d;\"><strong>40</strong></span></p>\n</td>\n</tr>\n<tr>\n<td width=\"94\">\n<p>20</p>\n</td>\n<td width=\"123\">\n<p>7510401_CLC</p>\n</td>\n<td width=\"293\">\n<p>C&ocirc;ng nghệ kỹ thuật Ho&aacute; học (Chương tr&igrave;nh Chất lượng cao)</p>\n</td>\n<td width=\"151\">\n<p><span style=\"color: #e03e2d;\"><strong>120</strong></span></p>\n</td>\n</tr>\n<tr>\n<td width=\"94\">\n<p>21</p>\n</td>\n<td width=\"123\">\n<p>7510402</p>\n</td>\n<td width=\"293\">\n<p>C&ocirc;ng nghệ Vật liệu</p>\n</td>\n<td width=\"151\">\n<p><span style=\"color: #e03e2d;\"><strong>50</strong></span></p>\n</td>\n</tr>\n<tr>\n<td width=\"94\">\n<p>22</p>\n</td>\n<td width=\"123\">\n<p>7510406</p>\n</td>\n<td width=\"293\">\n<p>C&ocirc;ng nghệ Kỹ thuật M&ocirc;i trường</p>\n</td>\n<td width=\"151\">\n<p><span style=\"color: #e03e2d;\"><strong>120</strong></span></p>\n</td>\n</tr>\n<tr>\n<td width=\"94\">\n<p>23</p>\n</td>\n<td width=\"123\">\n<p>7520207</p>\n</td>\n<td width=\"293\">\n<p>Kỹ thuật điện tử - viễn th&ocirc;ng</p>\n</td>\n<td width=\"151\">\n<p><span style=\"color: #e03e2d;\"><strong>160</strong></span></p>\n</td>\n</tr>\n<tr>\n<td width=\"94\">\n<p>24</p>\n</td>\n<td width=\"123\">\n<p>7520207_CLC</p>\n</td>\n<td width=\"293\">\n<p>Kỹ thuật điện tử - viễn th&ocirc;ng (Chương tr&igrave;nh Chất lượng cao)</p>\n</td>\n<td width=\"151\">\n<p><span style=\"color: #e03e2d;\"><strong>80</strong></span></p>\n</td>\n</tr>\n<tr>\n<td width=\"94\">\n<p>25</p>\n</td>\n<td width=\"123\">\n<p>7520402</p>\n</td>\n<td width=\"293\">\n<p>Kỹ thuật hạt nh&acirc;n</p>\n</td>\n<td width=\"151\">\n<p><span style=\"color: #e03e2d;\"><strong>50</strong></span></p>\n</td>\n</tr>\n<tr>\n<td width=\"94\">\n<p>26</p>\n</td>\n<td width=\"123\">\n<p>7520403</p>\n</td>\n<td width=\"293\">\n<p>Vật l&yacute; y khoa</p>\n</td>\n<td width=\"151\">\n<p><span style=\"color: #e03e2d;\"><strong>40</strong></span></p>\n</td>\n</tr>\n<tr>\n<td width=\"94\">\n<p>27</p>\n</td>\n<td width=\"123\">\n<p>7520501</p>\n</td>\n<td width=\"293\">\n<p>Kỹ thuật địa chất</p>\n</td>\n<td width=\"151\">\n<p><span style=\"color: #e03e2d;\"><strong>50</strong></span></p>\n</td>\n</tr>\n<tr>\n<td width=\"94\">\n<p>&nbsp;</p>\n</td>\n<td colspan=\"2\" width=\"416\">\n<p>Tổng chỉ ti&ecirc;u</p>\n</td>\n<td width=\"151\">\n<p><span style=\"color: #e03e2d;\"><strong>3.530</strong></span></p>\n</td>\n</tr>\n<tr>\n<td width=\"94\">\n<p>&nbsp;</p>\n</td>\n<td colspan=\"2\" width=\"416\">\n<p><strong>Chỉ ti&ecirc;u PT5 (2%)</strong></p>\n</td>\n<td width=\"151\">\n<p><span style=\"color: #0010ff;\"><strong>70 th&iacute; sinh</strong></span></p>\n</td>\n</tr>\n</tbody>\n</table>\n<p>&nbsp;</p>\n<ul>\n<li>Nếu th&iacute; sinh đăng k&yacute; hai hoặc ba nguyện vọng v&agrave;o c&aacute;c ng&agrave;nh/nh&oacute;m ng&agrave;nh của Trường ĐH KHTN th&igrave; c&aacute;c nguyện vọng được sắp xếp theo thứ tự ưu ti&ecirc;n từ cao xuống thấp (<span style=\"color: #e03e2d;\">nguyện vọng 1 l&agrave; nguyện vọng cao nhất</span>). Th&iacute; sinh chỉ tr&uacute;ng tuyển v&agrave;o 01 nguyện vọng ưu ti&ecirc;n cao nhất trong danh s&aacute;ch c&aacute;c nguyện vọng đ&atilde; đăng k&yacute;.</li>\n</ul>\n<p><strong>4. Hồ sơ đăng k&yacute; x&eacute;t tuyển gồm:</strong></p>\n<ul>\n<li>Phiếu đăng k&yacute; x&eacute;t tuyển (th&iacute; sinh&nbsp;tham khảo&nbsp;theo mẫu tại&nbsp;<a href=\"https://tuyensinh.hcmus.edu.vn/attachments/article/71/Phu%20luc%205.1.%20Phieu%20DK%20xet%20tuyen%20PT5_2021.pdf\" target=\"_blank\" rel=\"noopener noreferrer\">Phụ lục 5.1</a>&nbsp;<span style=\"color: #e03e2d;\"><strong><em>sẽ c&oacute; th&ocirc;ng b&aacute;o cụ thể&nbsp; về c&aacute;c thực hiện&nbsp;Phiếu đăng k&yacute; x&eacute;t tuyển</em></strong></span>)</li>\n<li>Bản sao c&oacute; c&ocirc;ng chứng học bạ THPT<em>;</em></li>\n<li>Bản sao c&oacute; c&ocirc;ng chứng chứng chỉ ngoại ngữ&nbsp;<em>;</em></li>\n<li>Lệ ph&iacute; x&eacute;t tuyển: 25000 đồng/1 nguyện vọng.</li>\n</ul>\n<p><strong>5. Ti&ecirc;u ch&iacute; x&eacute;t tuyển</strong></p>\n<ul>\n<li>X&eacute;t tuyển dựa tr&ecirc;n kết quả học tập trung b&igrave;nh GPA của 03 năm học cuối cấp (lớp 10, lớp 11, lớp 12 đối với hệ 12 năm học THPT hay lớp 11, lớp 12, lớp 13 đối với hệ 13 năm học THPT)</li>\n<li>Điểm thi TOEFL hoặc điểm thi IELTS (<em>x&eacute;t theo bảng quy đổi tương đương đ&iacute;nh k&egrave;m&nbsp;<a href=\"https://tuyensinh.hcmus.edu.vn/attachments/article/71/Phu%20luc%205.2.%20Bang%20quy%20doi.pdf\" target=\"_blank\" rel=\"noopener noreferrer\">Phụ lục 5.2</a></em>)</li>\n</ul>\n<p><strong>6. Ng&agrave;nh được x&eacute;t tuy&ecirc;̉n:&nbsp;</strong>Hội đồng tuyển sinh Trường quyết định ng&agrave;nh tr&uacute;ng tuy&ecirc;̉n cho th&iacute; sinh căn cứ v&agrave;o nguyện vọng của th&iacute; sinh v&agrave; điều kiện chỉ ti&ecirc;u x&eacute;t tuyển từng ng&agrave;nh.</p>\n<p><strong>7. Thời gian nộp hồ sơ :&nbsp;</strong>th&iacute; sinh nộp hồ sơ từ ng&agrave;y&nbsp;<strong>16/6/2021</strong>&nbsp;đến ng&agrave;y<strong>&nbsp;30/6/2021</strong>.</p>\n<p><strong>8. Phương thức nộp hồ sơ:</strong></p>\n<ul>\n<li><strong><em><u>Nộp trực tiếp</u></em>:</strong>&nbsp;th&iacute; sinh nộp hồ sơ v&agrave; lệ ph&iacute; trực tiếp tại Trường ĐH KHTN theo địa chỉ: số 227 Nguyễn Văn Cừ, P4, Q.5, TP.HCM &ndash; Ph&ograve;ng Đ&agrave;o tạo (nộp trong giờ h&agrave;nh ch&iacute;nh, từ thứ 2 đến thứ 6, buổi s&aacute;ng từ 8giờ00 đến 11giờ00, buổi chiều từ 13giờ30 đến 16giờ30).</li>\n<li><strong><em><u>Nộp qua đường bưu điện chuyển ph&aacute;t</u></em>&nbsp;<em><u>nhanh</u></em></strong>:\n<ul>\n<li>Hồ sơ: th&iacute; sinh nộp hồ sơ qua đường bưu điện chuyển ph&aacute;t nhanh theo địa chỉ: Trường ĐH KHTN, Ph&ograve;ng Đ&agrave;o tạo, số 227 Nguyễn Văn Cừ, P4, Q.5, TP.HCM. Trường hợp th&iacute; sinh nộp qua đường bưu điện Trường sẽ hậu kiểm lại hồ sơ khi th&iacute; sinh l&agrave;m thủ tục nhập học.</li>\n<li>Lệ ph&iacute;: th&iacute; sinh nộp hồ sơ qua đường bưu điện sẽ nộp lệ ph&iacute; bằng c&aacute;ch chuyển khoản ng&acirc;n h&agrave;ng theo hướng dẫn như sau:\n<ul>\n<li>T&ecirc;n t&agrave;i khoản ng&acirc;n h&agrave;ng (viết đầy đủ): Trường Đại học Khoa học Tự nhi&ecirc;n.</li>\n<li>Số t&agrave;i khoản: 638 020 101 7313, ng&acirc;n h&agrave;ng Agribank, chi nh&aacute;nh B&igrave;nh Thạnh.</li>\n<li>Nội dung chuyển tiền: th&iacute; sinh ghi đ&uacute;ng thứ tự như sau: Số căn cước CD/Số Chứng minh ND - Họ v&agrave; t&ecirc;n - LPXT PT5 (V&iacute; dụ: 012345678999 - Nguyễn Văn A- LPXT PT5).</li>\n</ul>\n</li>\n</ul>\n</li>\n</ul>\n<p><strong>9. C&ocirc;ng bố danh s&aacute;ch tr&uacute;ng tuyển:&nbsp;</strong>chậm nhất l&agrave; ng&agrave;y<strong>&nbsp;28/7/2021&nbsp;</strong>Trường sẽ c&ocirc;ng bố danh s&aacute;ch th&iacute; sinh được tr&uacute;ng tuyển tr&ecirc;n website của trường theo địa chỉ&nbsp;<u>hcmus.edu.vn</u>&nbsp;v&agrave; gửi về Bộ GD&amp;ĐT, ĐHQG-HCM.</p>\n<p><strong>10. Thời gian x&aacute;c nhận nhập học v&agrave; l&agrave;m thủ tục nhập học:&nbsp;</strong>Th&iacute; sinh tr&uacute;ng tuyển sẽ l&agrave;m thủ tục x&aacute;c nhận nhập học v&agrave; nhập học từ ng&agrave;y&nbsp;<strong>08/8/2021 -&nbsp;</strong>CN đến ng&agrave;y&nbsp;<strong>10/8/2021</strong>&nbsp;&ndash; thứ 3 (buổi s&aacute;ng: 8giờ &ndash; 11giờ, buổi chiều: 13giờ30 &ndash; 16giờ).</p>\n<p><strong>11. X&aacute;c nhận nhập học v&agrave; l&agrave;m thủ tục nhập học:</strong>&nbsp;Trường sẽ th&ocirc;ng b&aacute;o chi tiết nội dung y&ecirc;u cầu của c&aacute;c thủ tục nhập học tr&ecirc;n tại website của trường theo địa chỉ&nbsp;<u><a href=\"https://www.hcmus.edu.vn/\" target=\"_blank\" rel=\"noopener noreferrer\">www.hcmus.edu.vn</a></u>&nbsp;trước&nbsp;<strong>17giờ</strong>&nbsp;ng&agrave;y&nbsp;<strong>28/7/2021</strong>.</p>','https://tuyensinh.hcmus.edu.vn/images/2021/05/04/phuongthuc5.png','','2022-05-22 08:29:14','2022-06-20 05:23:28','DH','','',0,'0000-00-00 00:00:00','0000-00-00 00:00:00','0000-00-00 00:00:00','0000-00-00 00:00:00'),('5.','Xét tuyển dựa trên kết quả các kỳ thi quốc tế','','','5','2022-05-22 08:29:14','2022-06-20 05:23:28','DH','','',0,'0000-00-00 00:00:00','0000-00-00 00:00:00','0000-00-00 00:00:00','0000-00-00 00:00:00'),('6','Xét tuyển dựa trên kết quả các chứng chỉ ngoại ngữ quốc tế kết hợp với kết quả học tập THPT','<div id=\"sppb-addon-wrapper-1619402629786\" class=\"sppb-addon-wrapper\">\n<div id=\"sppb-addon-1619402629786\" class=\"clearfix \">\n<div class=\"sppb-addon sppb-addon-text-block  \">\n<div class=\"sppb-addon-content\">Phương thức 6:<br />X&eacute;t tuyển dựa tr&ecirc;n kết quả c&aacute;c chứng chỉ ngoại ngữ quốc tế kết hợp với kết quả học tập THPT từ <strong>5% - 10 % </strong>tổng chỉ ti&ecirc;u</div>\n</div>\n</div>\n</div>\n<div id=\"sppb-addon-wrapper-1619938931834\" class=\"sppb-addon-wrapper\">\n<div id=\"sppb-addon-1619938931834\" class=\"clearfix \">\n<div class=\"sppb-addon sppb-addon-text-block  \">\n<div class=\"sppb-addon-content\">\n<h2><span style=\"color: #0010ff;\"><strong>Phương thức x&eacute;t tuyển 6 - X</strong></span><span style=\"color: #0010ff;\"><strong>&eacute;t tuyển v&agrave;o c&aacute;c chương tr&igrave;nh ti&ecirc;n tiến, chất lượng cao v&agrave; li&ecirc;n kết Việt - Ph&aacute;p bằng phương thức dựa tr&ecirc;n kết quả c&aacute;c chứng chỉ ngoại ngữ quốc tế với kết quả học tập TPHT năm 2021</strong></span></h2>\n</div>\n</div>\n</div>\n</div>\n<ul>\n<li><em>Căn cứ Đề &aacute;n tuyển sinh tr&igrave;nh độ đại học năm 2021 ng&agrave;y 31 th&aacute;ng 3 năm 2021 của Trường Đại học Khoa học Tự nhi&ecirc;n- ĐHQG-HCM;</em></li>\n<li><em>Căn cứ Đề &aacute;n tuyển sinh tr&igrave;nh độ đại học năm 2021 ng&agrave;y 26 th&aacute;ng 4 năm 2021 của Đại học Quốc Gia Th&agrave;nh phố Hồ Ch&iacute; Minh,</em></li>\n<li><em>Hội đồng tuyển sinh Trường Đại học Khoa học Tự nhi&ecirc;n (ĐH KHTN) th&ocirc;ng b&aacute;o về việc x&eacute;t tuyển v&agrave;o đại học hệ ch&iacute;nh quy năm 2021 thuộc c&aacute;c chương tr&igrave;nh Ti&ecirc;n tiến, Chất lượng cao v&agrave; Li&ecirc;n kết Việt &ndash; Ph&aacute;p của Trường bằng phương thức dựa tr&ecirc;n kết quả c&aacute;c chứng chỉ ngoại ngữ quốc tế kết hợp với kết quả học tập THPT như sau:</em></li>\n</ul>\n<p><strong>1. Đối tượng x&eacute;t tuyển:</strong></p>\n<p>Th&iacute; sinh phải thỏa đồng thời tất cả c&aacute;c điều kiện chung v&agrave; điều kiện ri&ecirc;ng theo đối tượng như sau:</p>\n<p><strong><em>a. Điều kiện chung:</em></strong></p>\n<ul>\n<li>Th&iacute; sinh l&agrave; người Việt Nam đ&atilde; học v&agrave; tốt nghiệp THPT theo chương tr&igrave;nh 12 năm của Bộ Gi&aacute;o dục v&agrave; đ&agrave;o tạo.</li>\n<li>C&oacute; đủ sức khỏe để học tập theo quy định hiện h&agrave;nh.</li>\n<li>Hạnh kiểm từ kh&aacute; trở l&ecirc;n trong 03 năm lớp 10, 11 v&agrave; 12.</li>\n</ul>\n<p><strong><em>b. Điều kiện ri&ecirc;ng đối với chương tr&igrave;nh Ti&ecirc;n tiến v&agrave; Chất lượng cao</em></strong></p>\n<ul>\n<li>Đạt kết quả xếp loại học sinh giỏi cả 03 năm học lớp 10, 11 v&agrave; 12.</li>\n<li>C&oacute; chứng chỉ IELTS từ 6.0 trở l&ecirc;n hoặc TOEFL iBT từ 65 trở l&ecirc;n.</li>\n</ul>\n<p><strong><em>c. Điều kiện ri&ecirc;ng đối với chương tr&igrave;nh li&ecirc;n kết Việt &ndash; Ph&aacute;p</em></strong></p>\n<ul>\n<li>Đạt kết quả xếp loại học sinh kh&aacute; cả 03 năm học lớp 10, 11 v&agrave; 12.</li>\n<li>C&oacute; chứng chỉ tiếng Ph&aacute;p DELF mức B2 hoặc TCF B2.</li>\n</ul>\n<p><strong>2. Chỉ ti&ecirc;u tuyển sinh:&nbsp;</strong>Tổng chỉ ti&ecirc;u x&eacute;t tuyển phương thức n&agrave;y từ 5% đến 10% tr&ecirc;n tổng chỉ ti&ecirc;u năm 2021.</p>\n<p><strong>3. Số lượng nguyện vọng đăng k&yacute;&nbsp;</strong><strong>x&eacute;t tuyển</strong></p>\n<ul>\n<li>Th&iacute; sinh được đăng k&yacute; tối đa 03 nguyện vọng v&agrave;o c&aacute;c ng&agrave;nh/nh&oacute;m ng&agrave;nh của Trường ĐH KHTN như sau:</li>\n</ul>\n<table border=\"1\" width=\"90%\" cellspacing=\"2\" cellpadding=\"2\">\n<tbody>\n<tr>\n<td width=\"62\">\n<p><span style=\"color: #0010ff;\"><strong>STT</strong></span></p>\n</td>\n<td width=\"117\">\n<p><span style=\"color: #0010ff;\"><strong>M&atilde; ng&agrave;nh</strong></span></p>\n</td>\n<td width=\"340\">\n<p><span style=\"color: #0010ff;\"><strong>Ng&agrave;nh học</strong></span></p>\n</td>\n<td width=\"151\">\n<p><span style=\"color: #0010ff;\"><strong>Tổng chỉ ti&ecirc;u của tất cả c&aacute;c phương thức x&eacute;t tuyển</strong></span></p>\n</td>\n</tr>\n<tr>\n<td width=\"62\">\n<p>1</p>\n</td>\n<td width=\"117\">\n<p>7420101_CLC</p>\n</td>\n<td width=\"340\">\n<p>Sinh học (Chương tr&igrave;nh Chất lượng cao)</p>\n</td>\n<td width=\"151\">\n<p><span style=\"color: #e03e2d;\">40</span></p>\n</td>\n</tr>\n<tr>\n<td width=\"62\">\n<p>2</p>\n</td>\n<td width=\"117\">\n<p>7420201_CLC</p>\n</td>\n<td width=\"340\">\n<p>C&ocirc;ng nghệ Sinh học (Chương tr&igrave;nh Chất lượng cao)</p>\n</td>\n<td width=\"151\">\n<p><span style=\"color: #e03e2d;\">120</span></p>\n</td>\n</tr>\n<tr>\n<td width=\"62\">\n<p>3</p>\n</td>\n<td width=\"117\">\n<p>7440112_CLC</p>\n</td>\n<td width=\"340\">\n<p>H&oacute;a học (Chương tr&igrave;nh Chất lượng cao)</p>\n</td>\n<td width=\"151\">\n<p><span style=\"color: #e03e2d;\">80</span></p>\n</td>\n</tr>\n<tr>\n<td width=\"62\">\n<p>4</p>\n</td>\n<td width=\"117\">\n<p>7440112_VP</p>\n</td>\n<td width=\"340\">\n<p>Ho&aacute; học (Chương tr&igrave;nh li&ecirc;n kết Việt &ndash; Ph&aacute;p)</p>\n</td>\n<td width=\"151\">\n<p><span style=\"color: #e03e2d;\">40</span></p>\n</td>\n</tr>\n<tr>\n<td width=\"62\">\n<p>5</p>\n</td>\n<td width=\"117\">\n<p>7440301_CLC</p>\n</td>\n<td width=\"340\">\n<p>Khoa học M&ocirc;i trường (Chương tr&igrave;nh Chất lượng cao)</p>\n</td>\n<td width=\"151\">\n<p><span style=\"color: #e03e2d;\">40</span></p>\n</td>\n</tr>\n<tr>\n<td width=\"62\">\n<p>6</p>\n</td>\n<td width=\"117\">\n<p>7480101_TT</p>\n</td>\n<td width=\"340\">\n<p>Khoa học m&aacute;y t&iacute;nh (Chương tr&igrave;nh Ti&ecirc;n tiến)</p>\n</td>\n<td width=\"151\">\n<p><span style=\"color: #e03e2d;\">80</span></p>\n</td>\n</tr>\n<tr>\n<td width=\"62\">\n<p>7</p>\n</td>\n<td width=\"117\">\n<p>7480201_CLC</p>\n</td>\n<td width=\"340\">\n<p>C&ocirc;ng nghệ th&ocirc;ng tin (Chương tr&igrave;nh Chất lượng cao)</p>\n</td>\n<td width=\"151\">\n<p><span style=\"color: #e03e2d;\">420</span></p>\n</td>\n</tr>\n<tr>\n<td width=\"62\">\n<p>8</p>\n</td>\n<td width=\"117\">\n<p>7480201_VP</p>\n</td>\n<td width=\"340\">\n<p>C&ocirc;ng nghệ th&ocirc;ng tin (Chương tr&igrave;nh li&ecirc;n kết Việt - Ph&aacute;p)</p>\n</td>\n<td width=\"151\">\n<p><span style=\"color: #e03e2d;\">40</span></p>\n</td>\n</tr>\n<tr>\n<td width=\"62\">\n<p>9</p>\n</td>\n<td width=\"117\">\n<p>7510401_CLC</p>\n</td>\n<td width=\"340\">\n<p>C&ocirc;ng nghệ kỹ thuật Ho&aacute; học (Chương tr&igrave;nh Chất lượng cao)</p>\n</td>\n<td width=\"151\">\n<p><span style=\"color: #e03e2d;\">120</span></p>\n</td>\n</tr>\n<tr>\n<td width=\"62\">\n<p>10</p>\n</td>\n<td width=\"117\">\n<p>7520207_CLC</p>\n</td>\n<td width=\"340\">\n<p>Kỹ thuật điện tử - viễn th&ocirc;ng (Chương tr&igrave;nh Chất lượng cao)</p>\n</td>\n<td width=\"151\">\n<p><span style=\"color: #e03e2d;\">80</span></p>\n</td>\n</tr>\n<tr>\n<td width=\"62\">\n<p>&nbsp;</p>\n</td>\n<td colspan=\"2\" width=\"458\">\n<p>Tổng chỉ ti&ecirc;u của c&aacute;c chương tr&igrave;nh TT, CLC, VP</p>\n</td>\n<td width=\"151\">\n<p><span style=\"color: #e03e2d;\">1.060</span></p>\n</td>\n</tr>\n<tr>\n<td width=\"62\">\n<p>&nbsp;</p>\n</td>\n<td colspan=\"2\" width=\"458\">\n<p><strong>Chỉ ti&ecirc;u PT6 (5%-10%)</strong></p>\n</td>\n<td width=\"151\">\n<p><span style=\"color: #0010ff;\"><strong>tối đa 106 th&iacute; sinh</strong></span></p>\n</td>\n</tr>\n</tbody>\n</table>\n<p>&nbsp;</p>\n<ul>\n<li>Nếu th&iacute; sinh đăng k&yacute; hai hoặc ba nguyện vọng v&agrave;o c&aacute;c ng&agrave;nh/nh&oacute;m ng&agrave;nh của Trường ĐH KHTN th&igrave; c&aacute;c nguyện vọng được sắp xếp theo thứ tự ưu ti&ecirc;n từ cao xuống thấp (nguyện vọng 1 l&agrave; nguyện vọng cao nhất). Th&iacute; sinh chỉ tr&uacute;ng tuyển v&agrave;o 01 nguyện vọng ưu ti&ecirc;n cao nhất trong danh s&aacute;ch c&aacute;c nguyện vọng đ&atilde; đăng k&yacute;.</li>\n</ul>\n<p><strong>4. Hồ sơ đăng k&yacute; x&eacute;t tuyển gồm:</strong></p>\n<ul>\n<li>Phiếu đăng k&yacute; x&eacute;t tuyển (th&iacute; sinh&nbsp;tham khảo&nbsp;theo mẫu tại&nbsp;<a href=\"https://tuyensinh.hcmus.edu.vn/attachments/article/72/Phu%20luc%206.1.%20Phieu%20DK%20xet%20tuyen.PT6_2021.pdf\" target=\"_blank\" rel=\"noopener noreferrer\">Phụ lục 6.1</a><strong><em>&nbsp;,&nbsp;<span style=\"color: #e03e2d;\">sẽ c&oacute; th&ocirc;ng b&aacute;o cụ thể&nbsp; về c&aacute;c thực hiện&nbsp;Phiếu đăng k&yacute; x&eacute;t tuyển</span></em></strong>);</li>\n<li>Bản sao c&oacute; c&ocirc;ng chứng học bạ THPT<em>;</em></li>\n<li>Bản sao c&oacute; c&ocirc;ng chứng chứng chỉ ngoại ngữ<em>;</em></li>\n<li>Lệ ph&iacute; x&eacute;t tuyển: 25.000 đồng/1 nguyện vọng.</li>\n</ul>\n<p><strong>5. Ti&ecirc;u ch&iacute; x&eacute;t tuyển</strong></p>\n<ul>\n<li>X&eacute;t tuyển dựa v&agrave;o điểm thi TOEFL iBT hoặc điểm thi IELTS đối với chương tr&igrave;nh Ti&ecirc;n tiến v&agrave; Chất lượng cao (<em>x&eacute;t theo bảng quy đổi tương đương đ&iacute;nh k&egrave;m&nbsp;</em>tại&nbsp;<a title=\"Phụ lục 6.2\" href=\"https://tuyensinh.hcmus.edu.vn/attachments/article/72/Phu%20luc%206.2.%20Bang%20quy%20doi.pdf\" target=\"_blank\" rel=\"noopener noreferrer\"><strong><em>Phụ lục 6.</em></strong><strong><em>2</em></strong>)</a>.</li>\n<li>X&eacute;t tuyển dựa v&agrave;o điểm thi chứng chỉ tiếng Ph&aacute;p DELF hoặc TCF đối với chương tr&igrave;nh Việt &ndash; Ph&aacute;p.</li>\n<li>Kết hợp x&eacute;t điểm trung b&igrave;nh cộng 03 năm học lớp 10, 11 v&agrave; 12.</li>\n</ul>\n<p><strong>6. Ng&agrave;nh được x&eacute;t tuy&ecirc;̉n</strong>: Hội đồng tuyển sinh Trường quyết định ng&agrave;nh tr&uacute;ng tuy&ecirc;̉n cho th&iacute; sinh căn cứ v&agrave;o nguyện vọng của th&iacute; sinh v&agrave; điều kiện chỉ ti&ecirc;u x&eacute;t tuyển từng ng&agrave;nh.</p>\n<p><strong>7. Thời gian nộp hồ sơ :&nbsp;</strong>th&iacute; sinh nộp hồ sơ từ ng&agrave;y&nbsp;<strong>16/6/2021</strong>&nbsp;đến ng&agrave;y<strong>&nbsp;30/6/2021</strong>.</p>\n<p><strong>8. Phương thức nộp hồ sơ:</strong></p>\n<ul>\n<li><strong><em><u>Nộp trực tiếp</u></em></strong>: th&iacute; sinh nộp hồ sơ v&agrave; lệ ph&iacute; trực tiếp tại Trường ĐH KHTN theo địa chỉ: số 227 Nguyễn Văn Cừ, P4, Q.5, TP.HCM &ndash; Ph&ograve;ng Đ&agrave;o tạo (nộp trong giờ h&agrave;nh ch&iacute;nh, từ thứ 2 đến thứ 6, buổi s&aacute;ng từ 8giờ00 đến 11giờ00, buổi chiều từ 13giờ30 đến 16giờ30).</li>\n<li><strong><em><u>Nộp qua đường bưu điện chuyển ph&aacute;t</u></em>&nbsp;<em><u>nhanh</u></em></strong>:\n<ul>\n<li>Hồ sơ: th&iacute; sinh nộp hồ sơ qua đường bưu điện chuyển ph&aacute;t nhanh theo địa chỉ: Trường ĐH KHTN, Ph&ograve;ng Đ&agrave;o tạo, số 227 Nguyễn Văn Cừ, P4, Q.5, TP.HCM. Trường hợp th&iacute; sinh nộp qua đường bưu điện Trường sẽ hậu kiểm lại hồ sơ khi th&iacute; sinh l&agrave;m thủ tục nhập học.</li>\n<li>Lệ ph&iacute;: th&iacute; sinh nộp hồ sơ qua đường bưu điện sẽ nộp lệ ph&iacute; bằng c&aacute;ch chuyển khoản ng&acirc;n h&agrave;ng theo hướng dẫn như sau:\n<ul>\n<li>T&ecirc;n t&agrave;i khoản ng&acirc;n h&agrave;ng (viết đầy đủ): Trường Đại học Khoa học Tự nhi&ecirc;n.</li>\n<li>Số t&agrave;i khoản:&nbsp;<strong>638 020 101 7313</strong>, ng&acirc;n h&agrave;ng Agribank, chi nh&aacute;nh B&igrave;nh Thạnh.</li>\n<li>Nội dung chuyển tiền: th&iacute; sinh ghi đ&uacute;ng thứ tự như sau:&nbsp;<span style=\"color: #0010ff;\"><strong>Số căn cước CD/Số Chứng minh ND - Họ v&agrave; t&ecirc;n - LPXT PT6 (V&iacute; dụ: 012345678999 - Nguyễn Văn A- LPXT PT6)</strong></span>.</li>\n</ul>\n</li>\n</ul>\n</li>\n</ul>\n<p><strong>9. C&ocirc;ng bố danh s&aacute;ch tr&uacute;ng tuyển:&nbsp;</strong>chậm nhất l&agrave; ng&agrave;y&nbsp;<strong>28/7/2021</strong>&nbsp;Trường sẽ c&ocirc;ng bố danh s&aacute;ch th&iacute; sinh được tr&uacute;ng tuyển tr&ecirc;n website của trường theo địa chỉ&nbsp;<u>hcmus.edu.vn</u>&nbsp;v&agrave; gửi về Bộ GD&amp;ĐT, ĐHQG-HCM.</p>\n<p><strong>10. Thời gian x&aacute;c nhận nhập học v&agrave; l&agrave;m thủ tục nhập học:&nbsp;</strong>Th&iacute; sinh tr&uacute;ng tuyển sẽ l&agrave;m thủ tục x&aacute;c nhận nhập học v&agrave; nhập học từ ng&agrave;y&nbsp;<strong>08/8/2021 -&nbsp;</strong>CN đến ng&agrave;y&nbsp;<strong>10/8/2021</strong>&nbsp;&ndash; thứ 3 (buổi s&aacute;ng: 8giờ &ndash; 11giờ, buổi chiều: 13giờ30 &ndash; 16giờ).</p>\n<p><strong>11. X&aacute;c nhận nhập học v&agrave; l&agrave;m thủ tục nhập học:</strong>&nbsp;Trường sẽ th&ocirc;ng b&aacute;o chi tiết nội dung y&ecirc;u cầu của c&aacute;c thủ tục nhập học tr&ecirc;n tại website của trường theo địa chỉ&nbsp;<u><a href=\"https://www.hcmus.edu.vn/\" target=\"_blank\" rel=\"noopener noreferrer\">www.hcmus.edu.vn</a></u>&nbsp;trước&nbsp;<strong>17giờ</strong>&nbsp;ng&agrave;y&nbsp;<strong>28/7/2021.</strong></p>','https://tuyensinh.hcmus.edu.vn/images/2021/05/04/phuongthuc6.png','','2022-05-22 08:29:13','2022-06-20 05:23:28','DH','','',0,'0000-00-00 00:00:00','0000-00-00 00:00:00','0000-00-00 00:00:00','0000-00-00 00:00:00'),('6.','Xét tuyển dựa trên kết quả các chứng chỉ ngoại ngữ quốc tế kết hợp với kết quả học tập THPT','','','6','2022-05-22 08:29:12','2022-06-20 05:23:28','DH','','',0,'0000-00-00 00:00:00','0000-00-00 00:00:00','0000-00-00 00:00:00','0000-00-00 00:00:00'),('DT','Dự tuyển','','','DT','2022-05-22 08:29:12','2022-06-20 05:23:28','TX','','',0,'0000-00-00 00:00:00','0000-00-00 00:00:00','0000-00-00 00:00:00','0000-00-00 00:00:00'),('XT','Xét tuyển cao học','','','XT','2022-05-22 08:29:13','2022-06-20 05:23:28','SDH','','',0,'0000-00-00 00:00:00','0000-00-00 00:00:00','0000-00-00 00:00:00','0000-00-00 00:00:00');
/*!40000 ALTER TABLE `method` ENABLE KEYS */;
UNLOCK TABLES;

--
-- Table structure for table `method_major_major`
--

DROP TABLE IF EXISTS `method_major_major`;
/*!40101 SET @saved_cs_client     = @@character_set_client */;
/*!50503 SET character_set_client = utf8mb4 */;
CREATE TABLE `method_major_major` (
  `methodMethodId` char(5) CHARACTER SET utf8mb4 COLLATE utf8mb4_unicode_ci NOT NULL,
  `majorMajorId` char(20) CHARACTER SET utf8mb4 COLLATE utf8mb4_unicode_ci NOT NULL,
  PRIMARY KEY (`methodMethodId`,`majorMajorId`),
  KEY `IDX_b39639ff068d89464a2b9210e3` (`methodMethodId`),
  KEY `IDX_29abfd2ba2a2476def90bd2689` (`majorMajorId`),
  CONSTRAINT `FK_29abfd2ba2a2476def90bd26898` FOREIGN KEY (`majorMajorId`) REFERENCES `major` (`majorId`) ON DELETE CASCADE ON UPDATE CASCADE,
  CONSTRAINT `FK_b39639ff068d89464a2b9210e3d` FOREIGN KEY (`methodMethodId`) REFERENCES `method` (`methodId`) ON DELETE CASCADE ON UPDATE CASCADE
) ENGINE=InnoDB DEFAULT CHARSET=utf8mb4 COLLATE=utf8mb4_unicode_ci;
/*!40101 SET character_set_client = @saved_cs_client */;

--
-- Dumping data for table `method_major_major`
--

LOCK TABLES `method_major_major` WRITE;
/*!40000 ALTER TABLE `method_major_major` DISABLE KEYS */;
INSERT INTO `method_major_major` VALUES ('1','7420101'),('1','7420101_CLC'),('1','7420201'),('1','7420201_CLC'),('1','7440102'),('1','7440112'),('1','7440112_CLC'),('1','7440112_VP'),('1','7440122'),('1','7440201'),('1','7440228'),('1','7440301'),('1','7440301_CLC'),('1','7460101_NN'),('1','7480101_TT'),('1','7480201_CLC'),('1','7480201_NN'),('1','7480201_VP'),('1','7510401_CLC'),('1','7510402'),('1','7510406'),('1','7520207'),('1','7520207_CLC'),('1','7520402'),('1','7520403'),('1','7520501'),('2','7420101'),('2','7420101_CLC'),('2','7420201'),('2','7420201_CLC'),('2','7440102'),('2','7440112'),('2','7440112_CLC'),('2','7440112_VP'),('2','7440122'),('2','7440201'),('2','7440228'),('2','7440301'),('2','7440301_CLC'),('2','7460101_NN'),('2','7480101_TT'),('2','7480201_CLC'),('2','7480201_NN'),('2','7480201_VP'),('2','7510401_CLC'),('2','7510402'),('2','7510406'),('2','7520207'),('2','7520207_CLC'),('2','7520402'),('2','7520403'),('2','7520501'),('2A','7420101'),('2A','7420101_CLC'),('2A','7420201'),('2A','7420201_CLC'),('2A','7440102'),('2A','7440112'),('2A','7440112_CLC'),('2A','7440112_VP'),('2A','7440122'),('2A','7440201'),('2A','7440228'),('2A','7440301'),('2A','7440301_CLC'),('2A','7460101_NN'),('2A','7480101_TT'),('2A','7480201_CLC'),('2A','7480201_NN'),('2A','7480201_VP'),('2A','7510401_CLC'),('2A','7510402'),('2A','7510406'),('2A','7520207'),('2A','7520207_CLC'),('2A','7520402'),('2A','7520403'),('2A','7520501'),('3','7420101'),('3','7420101_CLC'),('3','7420201'),('3','7420201_CLC'),('3','7440102'),('3','7440112'),('3','7440112_CLC'),('3','7440112_VP'),('3','7440122'),('3','7440201'),('3','7440228'),('3','7440301'),('3','7440301_CLC'),('3','7460101_NN'),('3','7480101_TT'),('3','7480201_CLC'),('3','7480201_NN'),('3','7480201_VP'),('3','7510401_CLC'),('3','7510402'),('3','7510406'),('3','7520207'),('3','7520207_CLC'),('3','7520402'),('3','7520403'),('3','7520501'),('4','7420101'),('4','7420101_CLC'),('4','7420201'),('4','7420201_CLC'),('4','7440102'),('4','7440112'),('4','7440112_CLC'),('4','7440112_VP'),('4','7440122'),('4','7440201'),('4','7440228'),('4','7440301'),('4','7440301_CLC'),('4','7460101_NN'),('4','7480101_TT'),('4','7480201_CLC'),('4','7480201_NN'),('4','7480201_VP'),('4','7510401_CLC'),('4','7510402'),('4','7510406'),('4','7520207'),('4','7520207_CLC'),('4','7520402'),('4','7520403'),('4','7520501'),('5','7420101'),('5','7420101_CLC'),('5','7420201'),('5','7420201_CLC'),('5','7440102'),('5','7440112'),('5','7440112_CLC'),('5','7440112_VP'),('5','7440122'),('5','7440201'),('5','7440228'),('5','7440301'),('5','7440301_CLC'),('5','7460101_NN'),('5','7480101_TT'),('5','7480201_CLC'),('5','7480201_NN'),('5','7480201_VP'),('5','7510401_CLC'),('5','7510402'),('5','7510406'),('5','7520207'),('5','7520207_CLC'),('5','7520402'),('5','7520403'),('5','7520501'),('5.','7420101'),('5.','7420101_CLC'),('5.','7420201'),('5.','7420201_CLC'),('5.','7440102'),('5.','7440112'),('5.','7440112_CLC'),('5.','7440112_VP'),('5.','7440122'),('5.','7440201'),('5.','7440228'),('5.','7440301'),('5.','7440301_CLC'),('5.','7460101_NN'),('5.','7480101_TT'),('5.','7480201_CLC'),('5.','7480201_NN'),('5.','7480201_VP'),('5.','7510401_CLC'),('5.','7510402'),('5.','7510406'),('5.','7520207'),('5.','7520207_CLC'),('5.','7520402'),('5.','7520403'),('5.','7520501'),('6','7420101_CLC'),('6','7420201_CLC'),('6','7440112_CLC'),('6','7440112_VP'),('6','7440301_CLC'),('6','7480101_TT'),('6','7480201_CLC'),('6','7480201_VP'),('6','7510401_CLC'),('6','7520207_CLC'),('6.','7420101_CLC'),('6.','7420201_CLC'),('6.','7440112_CLC'),('6.','7440112_VP'),('6.','7440301_CLC'),('6.','7480101_TT'),('6.','7480201_CLC'),('6.','7480201_VP'),('6.','7510401_CLC'),('6.','7520207_CLC');
/*!40000 ALTER TABLE `method_major_major` ENABLE KEYS */;
UNLOCK TABLES;

--
-- Table structure for table `news`
--

DROP TABLE IF EXISTS `news`;
/*!40101 SET @saved_cs_client     = @@character_set_client */;
/*!50503 SET character_set_client = utf8mb4 */;
CREATE TABLE `news` (
  `newsId` int unsigned NOT NULL AUTO_INCREMENT,
  `newsTitle` varchar(255) CHARACTER SET utf8mb4 COLLATE utf8mb4_unicode_ci NOT NULL,
  `newsContent` text CHARACTER SET utf8mb4 COLLATE utf8mb4_unicode_ci NOT NULL,
  `newsDateCreate` timestamp NOT NULL,
  `newsCreator` char(36) CHARACTER SET utf8mb4 COLLATE utf8mb4_unicode_ci NOT NULL,
  `newsSlug` varchar(255) CHARACTER SET utf8mb4 COLLATE utf8mb4_unicode_ci NOT NULL,
  `newsState` char(10) CHARACTER SET utf8mb4 COLLATE utf8mb4_unicode_ci NOT NULL,
  `newsTypeOfTrainingID` char(4) CHARACTER SET utf8mb4 COLLATE utf8mb4_unicode_ci NOT NULL,
  `newsTypeOfProgram` char(15) CHARACTER SET utf8mb4 COLLATE utf8mb4_unicode_ci NOT NULL,
  `newsImage` text CHARACTER SET utf8mb4 COLLATE utf8mb4_unicode_ci NOT NULL,
  PRIMARY KEY (`newsId`),
  KEY `FK_News_TypeOfTraining` (`newsTypeOfTrainingID`),
  KEY `FK_News_User` (`newsCreator`),
  KEY `FK_News_TypeProgram` (`newsTypeOfProgram`),
  CONSTRAINT `FK_News_TypeOfTraining` FOREIGN KEY (`newsTypeOfTrainingID`) REFERENCES `typeoftraining` (`typeOfTrainingId`),
  CONSTRAINT `FK_News_TypeProgram` FOREIGN KEY (`newsTypeOfProgram`) REFERENCES `typeprogram` (`typeProgramId`),
  CONSTRAINT `FK_News_User` FOREIGN KEY (`newsCreator`) REFERENCES `user` (`userId`)
) ENGINE=InnoDB AUTO_INCREMENT=166 DEFAULT CHARSET=utf8mb4 COLLATE=utf8mb4_unicode_ci;
/*!40101 SET character_set_client = @saved_cs_client */;

--
-- Dumping data for table `news`
--

LOCK TABLES `news` WRITE;
/*!40000 ALTER TABLE `news` DISABLE KEYS */;
INSERT INTO `news` VALUES (1,' THÔNG BÁO về việc nộp hồ sơ xác nhận nhập học và nhập học đối với thí sinh trúng tuyển đại học hệ chính quy năm 2021 nhưng chưa nhận được Giấy chứng nhận kết quả thi TN THPT năm 2021','<h2><strong>TH&Ocirc;NG B&Aacute;O</strong></h2>\n<p><strong>(Về việc nộp hồ sơ x&aacute;c nhận nhập học v&agrave; nhập học</strong></p>\n<p><strong>đối với th&iacute; sinh tr&uacute;ng tuyển đại học hệ ch&iacute;nh quy năm 2021</strong></p>\n<p><strong>nhưng chưa nhận được Giấy chứng nhận kết quả thi TN THPT năm 2021)</strong></p>\n<p><strong>&nbsp;</strong></p>\n<p>Theo th&ocirc;ng b&aacute;o số 20/TB-HĐTS ĐHCQ ng&agrave;y 18/8/2021 của Chủ tịch Hội đồng tuyển sinh Trường Đại học Khoa học Tự nhi&ecirc;n, ĐHQG-HCM (ĐH KHTN) đ&atilde; cho th&iacute; sinh tr&uacute;ng tuyển đại học hệ ch&iacute;nh quy năm 2021 gia hạn nộp hồ sơ x&aacute;c nhận nhập học đối với th&iacute; sinh hiện đang sinh sống tại c&aacute;c địa phương đang thực hiện gi&atilde;n c&aacute;ch x&atilde; hội theo Chỉ thị 16 hoặc đang thực hiện c&aacute;ch ly do dịch bệnh Covid-19,</p>\n<p><em>Hiện nay, nh&agrave; trường c&oacute; nhận th&ocirc;ng tin từ một số th&iacute; sinh đ&atilde; tr&uacute;ng tuyển đại học v&agrave; c&oacute; nguyện vọng nhập học tại Trường nhưng cho đến hiện nay th&iacute; sinh vẫn chưa&nbsp;<strong>l&agrave;m thủ tục XNNH trực tuyến cho Trường do chưa</strong>&nbsp;nhận được&nbsp;<strong>bản giấy/file ảnh</strong>&nbsp;Giấy chứng nhận kết quả thi TN THPT năm 2021 với nhiều l&yacute; do như: Trường THPT đ&atilde; gửi cho th&iacute; sinh qua đường Bưu điện nhưng c&aacute;c em vẫn chưa nhận, c&aacute;c em đang thực hiện c&aacute;ch ly điều trị do bị nhiễm Covid-19 v&agrave; c&aacute;c nguy&ecirc;n nh&acirc;n kh&aacute;c.</em></p>\n<p>Để nắm r&otilde; t&igrave;nh h&igrave;nh kh&oacute; khăn của c&aacute;c th&iacute; sinh như tr&ecirc;n đối với từng trường hợp cụ thể, nếu đến ng&agrave;y&nbsp;<strong>28/8/2021</strong>&nbsp;c&aacute;c th&iacute; sinh vẫn chưa nhận được Giấy chứng nhận kết quả thi TN THPT năm 2021 (GCN KQT) th&igrave; đề nghị c&aacute;c em thực hiện theo hướng dẫn sau đ&acirc;y của nh&agrave; trường:&nbsp;</p>\n<p>Từ ng&agrave;y&nbsp;<strong>29/</strong><strong>0</strong><strong>8/2021&nbsp;</strong>đến ng&agrave;y<strong>&nbsp;31/8/2021,&nbsp;</strong>th&iacute; sinh thực hiện nộp đơn cam kết chưa nhận được GCN KQT theo c&aacute;c bước sau đ&acirc;y: &nbsp;</p>\n<ul>\n<li><strong>Bước 1:</strong>&nbsp;Th&iacute; sinh điền th&ocirc;ng tin theo mẫu đơn cam kết (<strong><em>mẫu đơn 3</em></strong>) của Trường&nbsp;<a href=\"https://tuyensinh.hcmus.edu.vn/attachments/article/89/M3.%20MAU%20DON%20CAM%20KET.doc\" target=\"_blank\" rel=\"noopener noreferrer\">tại đ&acirc;y</a></li>\n<li><strong>Bước&nbsp;</strong><strong>2</strong><strong>:</strong>&nbsp;Th&iacute; sinh sử dụng email sinh vi&ecirc;n để truy cập v&agrave;o link đăng k&yacute; để thực hiện nộp đơn xin gia hạn<strong>:&nbsp;<a href=\"https://forms.office.com/r/AJMJa4HpUQ\">https://forms.office.com/r/AJMJa4HpUQ</a></strong>.</li>\n<li><strong>Bước&nbsp;</strong><strong>3</strong><strong>:</strong>&nbsp;Thực hiện điền th&ocirc;ng tin v&agrave; upload file chứa h&igrave;nh ảnh của đơn cam kết v&agrave;o link tra cứu như tr&ecirc;n (th&iacute; sinh c&oacute; thể chụp m&agrave;n h&igrave;nh chứa đơn cam kết hoặc c&oacute; thể viết tay theo mẫu v&agrave; chụp h&igrave;nh đơn cam kết đ&atilde; viết để l&agrave;m file ảnh).</li>\n<li><strong>Bước&nbsp;</strong><strong>4</strong><strong>:</strong>&nbsp;Sau khi ho&agrave;n th&agrave;nh, th&iacute; sinh sẽ nhận được email x&aacute;c nhận đ&atilde; nộp đơn cam kết th&agrave;nh c&ocirc;ng trong v&ograve;ng 24 giờ. Nếu th&iacute; sinh kh&ocirc;ng nhận được email sau 24 giờ, th&iacute; sinh c&oacute; thể li&ecirc;n hệ bằng c&aacute;ch gửi email cho Trường theo địa chỉ:&nbsp;<strong><em><span id=\"cloakde76b9b582fc83cdf0afbddd7a7fc8a4\"><a href=\"mailto:pdttuyensinh@hcmus.edu.vn\">pdttuyensinh@hcmus.edu.vn</a></span></em></strong>.</li>\n</ul>\n<p>Sau khi tập hợp danh s&aacute;ch c&aacute;c th&iacute; sinh như tr&ecirc;n, Trường sẽ xin &yacute; kiến v&agrave; th&ocirc;ng b&aacute;o trực tiếp đến th&iacute; sinh kết quả xử l&yacute; c&aacute;c trường hợp n&agrave;y, dự kiến chậm nhất l&agrave; ng&agrave;y&nbsp;<strong>07/9/2021&nbsp;</strong>Trường sẽ th&ocirc;ng b&aacute;o trực tiếp đến th&iacute; sinh bằng c&aacute;ch gửi email cho th&iacute; sinh .</p>\n<p>&nbsp;</p>\n<p><strong><u>Lưu &yacute;:</u></strong><em>&nbsp;Th&ocirc;ng b&aacute;o n&agrave;y kh&ocirc;ng d&agrave;nh cho th&iacute; sinh x&eacute;t tuyển theo phương thức 3 - dựa tr&ecirc;n kết quả kỳ thi tốt nghiệp Trung học phổ th&ocirc;ng năm 2021 v&agrave; phương thức 7 &ndash; dựa tr&ecirc;n kết quả 3 3 năm THPT đối với th&iacute; sinh thuộc diện đặc c&aacute;ch tốt nghiệp THPT năm 2021 ./.</em></p>\n<div class=\"attachmentsContainer\">\n<div id=\"attachmentsList_com_content_article_89\" class=\"attachmentsList\">\n<table><caption>Attachments:</caption>\n<tbody>\n<tr class=\"odd\">\n<td class=\"at_filename\"><a class=\"at_icon\" title=\"Download this file (M3. MAU DON CAM KET.doc)\" href=\"https://tuyensinh.hcmus.edu.vn/attachments/article/89/M3.%20MAU%20DON%20CAM%20KET.doc\"><img src=\"https://tuyensinh.hcmus.edu.vn/media/com_attachments/images/file_icons/word.gif\" alt=\"Download this file (M3. MAU DON CAM KET.doc)\" /></a><a class=\"at_url\" title=\"Download this file (M3. MAU DON CAM KET.doc)\" href=\"https://tuyensinh.hcmus.edu.vn/attachments/article/89/M3.%20MAU%20DON%20CAM%20KET.doc\">M3. MAU DON CAM KET.doc</a></td>\n<td class=\"at_description\">[&nbsp;]</td>\n<td class=\"at_file_size\">34 kB</td>\n</tr>\n</tbody>\n</table>\n</div>\n</div>\n<div class=\"attachmentsContainer\">&nbsp;</div>','2022-06-13 23:16:58','1','1-thong-bao-ve-viec-nop-ho-so-xac-nhan-nhap-hoc-va-nhap-hoc-doi-voi-thi-sinh-trung-tuyen-dai-hoc-he-chinh-quy-nam-2021-nhung-chua-nhan-duoc-giay-chung-nhan-ket-qua-thi-tn-thpt-nam-2021','publish','DH','',''),(2,' Thông báo điểm chuẩn trúng tuyển đại học hệ chính quy năm 2021 dựa trên kết quả kỳ thi tốt nghiệp THPT năm 2021 - Xét tuyển đợt 1','<p><em><strong>Hội đồng tuyển sinh Trường Đại học Khoa học Tự nhi&ecirc;n th&ocirc;ng b&aacute;o kết quả tr&uacute;ng tuyển đại học hệ ch&iacute;nh quy năm 2021 dựa tr&ecirc;n kết quả kỳ thi tốt nghiệp THPT năm 2021&nbsp; &ndash; Phương thức x&eacute;t tuyển 3 như sau:</strong></em></p>\n<p>&nbsp;</p>\n<p><strong>1. Kết quả tr&uacute;ng tuyển</strong>:&nbsp;<strong>9</strong><strong>giờ00</strong>, ng&agrave;y&nbsp;<strong>16/9/2021</strong>&nbsp;th&iacute; sinh tra cứu danh s&aacute;ch tr&uacute;ng tuyển tại địa chỉ trang web:&nbsp;<a href=\"https://tsdh.hcmus.edu.vn/\">https://tsdh.hcmus.edu.vn</a>.</p>\n<p><strong>2. Thời gian l&agrave;m thủ tục x</strong><strong>&aacute;c nhận nhập học</strong><strong>&nbsp;v&agrave; nhập học</strong>:</p>\n<p>- Từ ng&agrave;y&nbsp;<strong>18/9/2021</strong>&nbsp;đến ng&agrave;y&nbsp;<strong>26/9/2021:&nbsp;</strong>th&iacute; sinh l&agrave;m thủ tục x&aacute;c nhận nhập học v&agrave; nhập học.</p>\n<p>- Th&iacute; sinh xem th&ocirc;ng b&aacute;o chi tiết về c&aacute;c thủ tục tr&ecirc;n tại địa chỉ trang web:&nbsp;<a href=\"https://tuyensinh.hcmus.edu.vn/\">https://tuyensinh.hcmus.edu.vn</a>.</p>\n<p>&nbsp;</p>\n<p><strong><em><u>Lưu &yacute;:</u></em></strong>&nbsp;Th&iacute; sinh c&oacute; thể gửi thắc mắc về địa chỉ email&nbsp;<span id=\"cloak931740aee26a5188b61aff281d0bf73c\"><a href=\"mailto:pdttuyensinh@hcmus.edu.vn\">pdttuyensinh@hcmus.edu.vn</a></span>, hoặc gọi số điện thoại: 0971522917 để được giải đ&aacute;p./.</p>\n<p>&nbsp;</p>\n<hr />\n<p><strong>QUYẾT ĐỊNH</strong></p>\n<p><strong>Điểm chuẩn tr&uacute;ng tuyển đại học hệ ch&iacute;nh quy năm 2021</strong></p>\n<p><strong>dựa tr&ecirc;n&nbsp;</strong><strong>kết quả kỳ thi tốt nghiệp THPT năm 2021 -&nbsp;</strong><strong>X&eacute;t tuyển đợt 1</strong></p>\n<p>&nbsp;</p>\n<p>&nbsp;</p>\n<p><strong>CHỦ TỊCH HỘI ĐỒNG TUYỂN SINH TRƯỜNG ĐH KHOA HỌC TỰ NHI&Ecirc;N</strong></p>\n<p>&nbsp;</p>\n<p><em>Căn cứ Quyết định số 867/QĐ-ĐHQG ng&agrave;y 17 th&aacute;ng 8 năm 2016 về việc Ban h&agrave;nh Quy chế tổ chức v&agrave; hoạt động của trường đại học th&agrave;nh vi&ecirc;n v&agrave; khoa trực thuộc Đại học Quốc gia th&agrave;nh phố Hồ Ch&iacute; Minh;</em></p>\n<p><em>Căn cứ Th&ocirc;ng tư số 09/2020/TT-BGDĐT ng&agrave;y 07 th&aacute;ng 5 năm 2020 của Bộ trưởng Bộ Gi&aacute;o dục v&agrave; Đ&agrave;o tạo về việc ban h&agrave;nh Quy chế Tuyển sinh tr&igrave;nh độ đại học;&nbsp;</em><em>tuyển sinh tr&igrave;nh độ cao đẳng nh&oacute;m ng&agrave;nh Gi&aacute;o dục Mầm non</em><em>;</em></p>\n<p><em>Căn cứ Th&ocirc;ng tư số 16/2021/TT-BGDĐT ng&agrave;y 01 th&aacute;ng 6 năm 2021 của Bộ trưởng Bộ Gi&aacute;o dục v&agrave; Đ&agrave;o tạo về việc&nbsp;</em><em>Sửa đổi, bổ sung một số điều của Quy chế tuyển sinh tr&igrave;nh độ đại học; tuyển sinh tr&igrave;nh độ cao đẳng ng&agrave;nh Gi&aacute;o dục Mầm non ban h&agrave;nh k&egrave;m Th&ocirc;ng tư số 09/2020/TT-BGDĐT ng&agrave;y 7 th&aacute;ng 5 năm 2020 của Bộ trưởng Bộ Gi&aacute;o dục v&agrave; Đ&agrave;o tạo;</em></p>\n<p><em>Căn cứ Quyết định số 573/QĐ-KHTN ng&agrave;y 09 th&aacute;ng 4 năm 2021 của Hiệu trưởng Trường Đại học Khoa học Tự nhi&ecirc;n-ĐHQG-HCM &nbsp;về việc th&agrave;nh lập Hội đồng tuyển sinh đại học hệ ch&iacute;nh quy năm 2021;</em></p>\n<p><em>Căn cứ Đề &aacute;n tuyển sinh tr&igrave;nh độ đại học năm 2021 ng&agrave;y 31 th&aacute;ng 3 năm 2021 của Trường Đại học Khoa học Tự nhi&ecirc;n- ĐHQG-HCM;</em></p>\n<p><em>Căn cứ Th&ocirc;ng b&aacute;o số 21/TB-HĐTS ĐHCQ ng&agrave;y 23 th&aacute;ng 8 năm 2021 của Chủ tịch Hội đồng tuyển sinh Trường ĐH KHTN về việc x&eacute;t tuyển đại học hệ ch&iacute;nh quy năm 2021&nbsp;</em><em>dựa tr&ecirc;n kết quả kỳ thi tốt nghiệp THPT năm 2021</em><em>&nbsp;&ndash; X&eacute;t tuyển đợt 1;</em></p>\n<p><em>Căn cứ dữ liệu đăng k&yacute; x&eacute;t tuyển đại học hệ ch&iacute;nh quy năm 2021 v&agrave;o Trường ĐH KHTN &ndash; X&eacute;t tuyển đợt 1;</em></p>\n<p><em>Căn cứ Bi&ecirc;n bản họp ng&agrave;y 15 th&aacute;ng 9 năm 2021 của Hội đồng tuyển sinh đại học hệ ch&iacute;nh quy năm 2021 của Trường ĐH KHTN về việc x&aacute;c định điểm chuẩn tr&uacute;ng tuyển đại học hệ ch&iacute;nh quy năm 2021 dựa tr&ecirc;n</em><em>&nbsp;kết quả kỳ thi tốt nghiệp THPT năm 2021&nbsp;</em><em>&ndash; X&eacute;t tuyển đợt 1;</em></p>\n<p><em>X&eacute;t đề nghị của Ủy vi&ecirc;n thường trực Hội đồng tuyển sinh,</em></p>\n<p><strong>QUYẾT ĐỊNH:</strong></p>\n<p><strong>Điều 1.</strong>&nbsp;C&ocirc;ng bố điểm chuẩn tr&uacute;ng tuyển đại học hệ ch&iacute;nh quy năm 2021 dựa tr&ecirc;n kết quả kỳ thi tốt nghiệp THPT năm 2021 - x&eacute;t tuyển đợt 1 theo ng&agrave;nh đ&agrave;o tạo v&agrave; chương tr&igrave;nh đ&agrave;o tạo (đ&iacute;nh k&egrave;m bảng điểm chuẩn tr&uacute;ng tuyển đại học hệ ch&iacute;nh quy năm 2021).</p>\n<p><strong>Điều 2.</strong>&nbsp;Ban Thư k&yacute; Hội đồng tuyển sinh c&oacute; tr&aacute;ch nhiệm c&ocirc;ng bố danh s&aacute;ch th&iacute; sinh tr&uacute;ng tuyển v&agrave; gửi giấy b&aacute;o nhập học đến th&iacute; sinh theo quy định.</p>\n<p><strong>Điều 3.&nbsp;</strong>Quyết định n&agrave;y c&oacute; hiệu lực kể từ ng&agrave;y k&yacute;./.</p>\n<p>&nbsp;</p>\n<p><img src=\"https://tuyensinh.hcmus.edu.vn/images/2021/09/15/8280fdf6a615504b0904.jpg\" alt=\"\" /></p>\n<div class=\"attachmentsContainer\">\n<div id=\"attachmentsList_com_content_article_90\" class=\"attachmentsList\">\n<table><caption>Attachments:</caption>\n<tbody>\n<tr class=\"odd\">\n<td class=\"at_filename\"><a class=\"at_icon\" title=\"Download this file (DIEM CHUAN TRUNG TUYEN DH D1_2021.Kem QD.pdf)\" href=\"https://tuyensinh.hcmus.edu.vn/attachments/article/90/DIEM%20CHUAN%20TRUNG%20TUYEN%20DH%20D1_2021.Kem%20QD.pdf\"><img src=\"https://tuyensinh.hcmus.edu.vn/media/com_attachments/images/file_icons/pdf.gif\" alt=\"Download this file (DIEM CHUAN TRUNG TUYEN DH D1_2021.Kem QD.pdf)\" /></a><a class=\"at_url\" title=\"Download this file (DIEM CHUAN TRUNG TUYEN DH D1_2021.Kem QD.pdf)\" href=\"https://tuyensinh.hcmus.edu.vn/attachments/article/90/DIEM%20CHUAN%20TRUNG%20TUYEN%20DH%20D1_2021.Kem%20QD.pdf\">DIEM CHUAN TRUNG TUYEN DH D1_2021.Kem QD.pdf</a></td>\n<td class=\"at_description\">[&nbsp;]</td>\n<td class=\"at_file_size\">379 kB</td>\n</tr>\n<tr class=\"even\">\n<td class=\"at_filename\"><a class=\"at_icon\" title=\"Download this file (Quyết định điểm chuẩn THPT-2021.pdf)\" href=\"https://tuyensinh.hcmus.edu.vn/attachments/article/90/Quy%E1%BA%BFt%20%C4%91%E1%BB%8Bnh%20%C4%91i%E1%BB%83m%20chu%E1%BA%A9n%20THPT-2021.pdf\"><img src=\"https://tuyensinh.hcmus.edu.vn/media/com_attachments/images/file_icons/pdf.gif\" alt=\"Download this file (Quyết định điểm chuẩn THPT-2021.pdf)\" /></a><a class=\"at_url\" title=\"Download this file (Quyết định điểm chuẩn THPT-2021.pdf)\" href=\"https://tuyensinh.hcmus.edu.vn/attachments/article/90/Quy%E1%BA%BFt%20%C4%91%E1%BB%8Bnh%20%C4%91i%E1%BB%83m%20chu%E1%BA%A9n%20THPT-2021.pdf\">Quyết định điểm chuẩn THPT-2021.pdf</a></td>\n<td class=\"at_description\">[&nbsp;]</td>\n<td class=\"at_file_size\">601 kB</td>\n</tr>\n</tbody>\n</table>\n</div>\n</div>','2022-06-13 23:17:10','1','2-thong-bao-diem-chuan-trung-tuyen-dai-hoc-he-chinh-quy-nam-2021-dua-tren-ket-qua-ky-thi-tot-nghiep-thpt-nam-2021-xet-tuyen-dot-1','hidden','DH','',''),(3,' THÔNG BÁO Quy trình thực hiện thủ tục nộp hồ sơ xác nhận nhập học và nhập học đối với thí sinh trúng tuyển vào đại học chính quy năm 2021 dựa trên kết quả kỳ thi tốt nghiệp THPT năm 2021 ','<section id=\"section-id-1521443296880\" class=\"sppb-section\">\n<div class=\"sppb-row-container\">\n<div class=\"sppb-row\">\n<div id=\"column-wrap-id-1521443296879\" class=\"sppb-col-md-12\">\n<div id=\"column-id-1521443296879\" class=\"sppb-column\">\n<div class=\"sppb-column-addons\">\n<div id=\"sppb-addon-wrapper-1600921583296\" class=\"sppb-addon-wrapper\">\n<div id=\"sppb-addon-1600921583296\" class=\"clearfix \">\n<div class=\"sppb-addon sppb-addon-tab \">\n<div class=\"sppb-addon-content sppb-tab sppb-custom-tab sppb-tab-nav-left\">\n<div class=\"sppb-tab-content sppb-tab-custom-content\">\n<div id=\"sppb-tab1-1\" class=\"sppb-tab-pane sppb-fade active in\" role=\"tabpanel\" aria-labelledby=\"sppb-content1-1\">\n<div id=\"sppb-addon-wrapper-1522121821333\" class=\"sppb-addon-wrapper\">\n<div id=\"sppb-addon-1522121821333\" class=\"clearfix \">\n<div class=\"sppb-addon sppb-addon-text-block 0  \">\n<div class=\"sppb-addon-content\">\n<h2><strong>TH&Ocirc;NG B&Aacute;O</strong></h2>\n<p><strong>Quy tr&igrave;nh thực hiện thủ tục nộp hồ sơ x&aacute;c nhận nhập học v&agrave; nhập học</strong></p>\n<p><strong>đối với th&iacute; sinh tr&uacute;ng tuyển v&agrave;o đại học ch&iacute;nh quy năm 2021</strong></p>\n<p><strong>dựa tr&ecirc;n&nbsp;</strong><strong>kết quả kỳ thi tốt nghiệp THPT năm 2021&nbsp;</strong><strong>&nbsp;</strong></p>\n<p><strong>&nbsp;</strong></p>\n<p>Để đảm bảo ph&ograve;ng, chống dịch x&acirc;m nhập, l&acirc;y lan trong m&ocirc;i trường học đường v&agrave; đảm bảo sức khỏe cho th&iacute; sinh, c&aacute;n bộ - vi&ecirc;n chức, người lao động v&agrave; cộng đồng, Hội đồng tuyển sinh Trường Đại học Khoa học Tự nhi&ecirc;n, ĐHQG-HCM th&ocirc;ng b&aacute;o đến th&iacute; sinh tr&uacute;ng tuyển v&agrave;o đại học ch&iacute;nh quy năm 2021 theo phương thức dựa tr&ecirc;n kết quả kỳ thi tốt nghiệp THPT năm 2021 (<strong>p</strong><strong>hương thức x&eacute;t tuyển 3</strong>) về quy tr&igrave;nh thực hiện thủ tục nộp hồ sơ x&aacute;c nhận nhập học v&agrave; nhập học như sau:</p>\n<p>1. Th&iacute; sinh phải&nbsp;<strong>thực hiện đủ 02 thủ tục (A) v&agrave; (B)</strong>&nbsp;để được c&ocirc;ng nhận l&agrave; sinh vi&ecirc;n ch&iacute;nh thức của Trường:</p>\n<p><strong>A. Thủ tục x&aacute;c nhận nhập học:</strong></p>\n<ul>\n<li>Từ&nbsp;<strong>9giờ00</strong>&nbsp;ng&agrave;y&nbsp;<strong>18/9/2021</strong>&nbsp;đến hết ng&agrave;y&nbsp;<strong>26/9/2021</strong>&nbsp;th&iacute; sinh l&agrave;m thủ tục x&aacute;c nhận nhập học phải thực hiện đủ 02 quy tr&igrave;nh như sau:&nbsp;<strong>Nộp hồ sơ trực tuyến</strong>&nbsp;v&agrave;&nbsp;<strong>Nộp hồ sơ qua&nbsp;</strong><strong>B</strong><strong>ưu điện</strong>. C&aacute;c loại hồ sơ v&agrave; quy tr&igrave;nh thực hiện thủ tục x&aacute;c nhận nhập học được quy định chi tiết tại&nbsp;<strong><em>Phụ lục&nbsp;</em></strong><strong><em>Quy tr&igrave;nh thực hiện thủ tục nộp hồ sơ x&aacute;c nhận nhập học đối với th&iacute; sinh tr&uacute;ng tuyển v&agrave;o đại học ch&iacute;nh quy năm 2021</em>&nbsp;</strong><strong>(</strong>đ&iacute;nh k&egrave;m th&ocirc;ng b&aacute;o).</li>\n<li>Th&iacute; sinh phải ho&agrave;n tất trước&nbsp;<strong>thủ tục x&aacute;c nhận nhập học</strong><strong>&nbsp;trực tuyến</strong>&nbsp;rồi mới tiến h&agrave;nh&nbsp;<strong>thủ tục nhập học</strong><strong>.</strong></li>\n</ul>\n<p><strong>B. Thủ tục nhập học</strong>&nbsp;<strong>được thực hiện theo đủ 02 quy tr&igrave;nh</strong><strong>&nbsp;như sau</strong>:</p>\n<ul>\n<li><strong>Nộp hồ sơ trực tuyến</strong><strong>:&nbsp;</strong>bắt buộc h&igrave;nh thức n&agrave;y phải thực hiện trong khoảng thời gian từ ng&agrave;y&nbsp;<strong>18/9/2021</strong>&nbsp;đến hết ng&agrave;y&nbsp;<strong>26/9/2021.</strong></li>\n<li><strong>Nộp hồ sơ trực tiếp</strong>&nbsp;khi sinh vi&ecirc;n đến trường học tập ch&iacute;nh thức (h&igrave;nh thức n&agrave;y sẽ được th&ocirc;ng b&aacute;o v&agrave;o thời điểm sau khi kết th&uacute;c c&aacute;c biện ph&aacute;p gi&atilde;n c&aacute;ch x&atilde; hội).</li>\n<li>Từ ng&agrave;y&nbsp;<strong>17/9/2021</strong>, th&iacute; sinh xem th&ocirc;ng b&aacute;o về quy tr&igrave;nh thực hiện&nbsp;<strong>t</strong><strong>hủ tục nhập học</strong>, c&aacute;c loại hồ sơ được quy định chi tiết tại website:&nbsp;<a href=\"https://www.hcmus.edu.vn/thongtinnhaphoc2021\">https://www.hcmus.edu.vn/thongtinnhaphoc2021</a>.</li>\n</ul>\n<p>2. Sau ng&agrave;y&nbsp;<strong>26/9/2021</strong>, th&iacute; sinh&nbsp;<strong>kh&ocirc;ng thực hiện</strong>&nbsp;thủ tục x&aacute;c nhận nhập học xem như từ chối việc nhập học theo phương thức n&agrave;y.</p>\n<p>3. Sau ng&agrave;y&nbsp;<strong>26/9/2021,&nbsp;</strong>th&iacute; sinh&nbsp;<strong>kh&ocirc;ng nhập học theo Quy tr&igrave;nh nộp hồ sơ trực tuyến</strong>&nbsp;<strong>đối với thủ tục nhập học</strong>&nbsp;th&igrave; coi như bỏ học. Trường hợp nộp trễ hơn thời gian n&agrave;y (nhưng kh&ocirc;ng qu&aacute; 15 ng&agrave;y), nếu th&iacute; sinh c&oacute; l&yacute; do ch&iacute;nh đ&aacute;ng như ốm đau, tai nạn, c&oacute; giấy x&aacute;c nhận của bệnh viện quận, huyện trở l&ecirc;n hoặc do thi&ecirc;n tai c&oacute; x&aacute;c nhận của UBND quận, huyện trở l&ecirc;n th&igrave; Trường sẽ xem x&eacute;t quyết định cho nộp bổ sung. Sau đ&oacute;, th&iacute; sinh phải c&oacute; nghĩa vụ thực hiện Quy tr&igrave;nh&nbsp;<strong>nộp hồ sơ trực tiếp</strong>&nbsp;với thủ tục n&agrave;y khi c&oacute; th&ocirc;ng b&aacute;o, nếu kh&ocirc;ng thực hiện đầy đủ thủ tục nhập học theo y&ecirc;u cầu, Trường sẽ x&oacute;a t&ecirc;n trong danh s&aacute;ch tr&uacute;ng tuyển theo quy định.</p>\n<p>4. Tất cả th&iacute; sinh chịu tr&aacute;ch nhiệm về t&iacute;nh ch&iacute;nh x&aacute;c v&agrave; hợp lệ của c&aacute;c loại văn bản v&agrave; th&ocirc;ng tin cung cấp cho Trường. Trường sẽ kh&ocirc;ng c&ocirc;ng nhận kết quả tr&uacute;ng tuyển của th&iacute; sinh khi ph&aacute;t hiện c&aacute;c h&agrave;nh vi giả mạo giấy tờ trong qu&aacute; tr&igrave;nh kiểm tra hồ sơ.</p>\n<p>5. Th&iacute; sinh phải ho&agrave;n tất c&aacute;c nghĩa vụ đ&oacute;ng học ph&iacute; v&agrave; c&aacute;c khoản tạm thu trong thời gian nhập học.</p>\n<p>6. Th&iacute; sinh thường xuy&ecirc;n theo d&otilde;i trang th&ocirc;ng tin của Trường tại địa chỉ&nbsp;<strong><a href=\"https://tuyensinh.hcmus.edu.vn/\" target=\"_blank\" rel=\"noopener noreferrer\">https://tuyensinh.hcmus.edu.vn</a></strong><strong>&nbsp;v&agrave;&nbsp;</strong><a href=\"https://www.hcmus.edu.vn/\" target=\"_blank\" rel=\"noopener noreferrer\">https://www.hcmus.edu.vn</a>&nbsp;để cập nhật những th&ocirc;ng tin mới nhất d&agrave;nh cho t&acirc;n sinh vi&ecirc;n. Căn cứ v&agrave;o t&igrave;nh h&igrave;nh dịch bệnh v&agrave; thực hiện gi&atilde;n c&aacute;ch x&atilde; hội, Trường sẽ xem x&eacute;t c&oacute; những c&aacute;ch thức hỗ trợ cho th&iacute; sinh tốt nhất theo quy định.</p>\n<p>7. Mọi thắc mắc về thủ tục&nbsp;<strong>x&aacute;c nhận nhập học</strong>, th&iacute; sinh gửi th&ocirc;ng tin về tại địa chỉ email:&nbsp;<strong><span id=\"cloak065b148e2ca856b5261d9dd44e1b3a35\"><a href=\"mailto:pdttuyensinh@hcmus.edu.vn\">pdttuyensinh@hcmus.edu.vn</a></span></strong>, số điện thoại:&nbsp;<strong>0971522917;</strong>&nbsp;mọi thắc mắc đối với thủ tục&nbsp;<strong>nhập học</strong>&nbsp;li&ecirc;n hệ số điện thoại:&nbsp;<strong>0931401235</strong>&nbsp;hay<strong>&nbsp;0344493708</strong>./.</p>\n<p>&nbsp;</p>\n<p>&nbsp;</p>\n<p>&nbsp;</p>\n<p><strong>PHỤ LỤC</strong></p>\n<p><strong>QUY TR&Igrave;NH THỰC HIỆN THỦ TỤC NỘP HỒ SƠ X&Aacute;C NHẬN NHẬP HỌC&nbsp;</strong><strong>ĐỐI VỚI TH&Iacute; SINH TR&Uacute;NG TUYỂN V&Agrave;O ĐẠI HỌC CH&Iacute;NH QUY NĂM 2021</strong></p>\n<p><strong>(Phương thức x&eacute;t tuyển 3 )</strong></p>\n<p><em>(Đ&iacute;nh k&egrave;m th&ocirc;ng b&aacute;o số:</em>&nbsp;<em>25</em><em>/TB-HĐTS ĐHCQ ng&agrave;y&nbsp;</em><em>17</em><em>/</em><em>9</em><em>/2021 c</em><em>ủa Hội đồng tuyển sinh đại học hệ ch&iacute;nh quy năm 2021)</em></p>\n<p><em>&nbsp;</em></p>\n<p><strong>Th&iacute;</strong>&nbsp;sinh tr&uacute;ng tuyển v&agrave;o đại học ch&iacute;nh quy năm 2021 theo phương thức dựa tr&ecirc;n kết quả kỳ thi tốt nghiệp THPT năm 2021 (phương thức x&eacute;t tuyển 3) khi x&aacute;c nhận nhập học tại Trường bắt buộc phải thực hiện đầy đủ Quy tr&igrave;nh Nộp hồ sơ trực tuyến v&agrave; Nộp hồ sơ qua Bưu điện theo quy định sau đ&acirc;y:</p>\n<p><strong>A. QUY TR&Igrave;NH NỘP HỒ SƠ TRỰC TUYẾN</strong></p>\n<p><strong>1. Thời gian nộp:&nbsp;</strong>từ&nbsp;<strong>9giờ00</strong>&nbsp;ng&agrave;y&nbsp;<strong>18/9/2021</strong>&nbsp;đến hết ng&agrave;y&nbsp;<strong>26/9/</strong><strong>2021</strong>.</p>\n<p><strong>2. C&aacute;c loại hồ sơ x&aacute;c nhận nhập học&nbsp;</strong><strong>(HS XNNH)</strong><strong>&nbsp;d&ugrave;ng để nộp trực tuyến</strong></p>\n<p><strong>Hồ sơ d&ugrave;ng để nộp theo h&igrave;nh thức trực tuyến l&agrave; 01</strong>&nbsp;file chứa h&igrave;nh ảnh của c&aacute;c loại hồ sơ:&nbsp; m&ocirc;̃i loại h&ocirc;̀ sơ gồm t&acirc;́t cả file ảnh này được ghép thành 01 file được đặt t&ecirc;n l&agrave; &ldquo;Mã_sinh_vi&ecirc;n.pdf&rdquo; có nhi&ecirc;̀u trang, m&ocirc;̃i trang là 1 ảnh, thứ tự các ảnh tương ứng với thứ tự h&ocirc;̀ sơ y&ecirc;u c&acirc;̀u dưới đ&acirc;y, lưu ý &ldquo;Mã_sinh_vi&ecirc;n&rdquo; xem tr&ecirc;n phi&ecirc;́u xác nh&acirc;̣n nh&acirc;̣p học của thí sinh. C&aacute;c loại hồ sơ th&iacute; sinh cần nộp theo từng phương thức tr&uacute;ng tuyển như sau:</p>\n<p>&nbsp;<strong>D</strong><strong>iện</strong>&nbsp;<strong>tr&uacute;ng tuyển theo</strong><strong>&nbsp;p</strong><strong>hương thức x&eacute;t tuyển&nbsp;</strong><strong>3</strong></p>\n<p><em>H</em><em>ồ sơ gồm</em><em>:</em></p>\n<p>- File ảnh&nbsp;<strong>Phiếu x&aacute;c nhận nhập học năm 2021.</strong></p>\n<p>- File ảnh Bản ch&iacute;nh Giấy chứng nhận kết quả thi THPT năm 2021.</p>\n<p><strong>3. Quy tr&igrave;nh nộp HS XNNH trực tuyến (online)</strong></p>\n<p>Th&iacute; sinh nộp HS XNNH thực hiện c&aacute;c bước như sau:</p>\n<p>-&nbsp;<strong>Bước 1:</strong>&nbsp;Từ&nbsp;<strong>9</strong><strong>giờ00 ng&agrave;y 18/9/2021</strong>, th&iacute; sinh bắt đầu v&agrave;o trang tra cứu theo địa&nbsp; chỉ&nbsp;<strong><a href=\"https://tsdh.hcmus.edu.vn/ketqua\">https://tsdh.hcmus.edu.vn/ketqua</a>&nbsp;</strong>để in &ldquo;<strong>Phiếu x&aacute;c nhận nhập học năm 2021&rdquo;.&nbsp;</strong>Trường hợp th&iacute; sinh kh&ocirc;ng in được th&igrave; c&oacute; thể chụp ảnh m&agrave;n h&igrave;nh&nbsp;<strong>Phiếu XNNH m&agrave; th&iacute; sinh đ&atilde; chọn phương thức tr&uacute;ng tuyển.</strong></p>\n<p>-&nbsp;<strong>Bước 2:</strong>&nbsp;Tr&ecirc;n mỗi&nbsp;<strong>Phiếu XNNH&nbsp;</strong><strong>c&oacute; m&atilde;&nbsp;</strong>QR_Code&nbsp;d&agrave;nh ri&ecirc;ng cho từng th&iacute; sinh. Th&iacute; sinh d&ugrave;ng camera tr&ecirc;n điện thoại qu&eacute;t m&atilde; QR để v&agrave;o link nộp hồ sơ.</p>\n<p>-&nbsp;<strong>Bước 3:&nbsp;</strong>Nộp HS XNNH: th&iacute; sinh tạo 01 file upload (Word/PDF) theo hướng dẫn tr&ecirc;n&nbsp;<strong>Phiếu XNNH</strong>. Th&iacute; sinh chỉ nhập c&aacute;c field:&nbsp;<strong>Email, Số điện thoại v&agrave; upload file hồ sơ</strong>&nbsp;(<em>kh&ocirc;ng được sửa th&ocirc;ng tin Trường đ&atilde; nhập sẵn)</em><strong>.&nbsp;</strong>Th&iacute; sinh sẽ nhận được một email x&aacute;c nhận sau khi đ&atilde; nộp hồ sơ online.&nbsp;<strong>Trường sẽ cập nhật danh s&aacute;ch th&iacute; sinh đ&atilde; XNNH trực tuyến th&agrave;nh c&ocirc;ng l&ecirc;n Cổng th&ocirc;ng tin tuyển sinh của Bộ GD&amp;ĐT</strong>.</p>\n<p><strong>-</strong>&nbsp;<strong>Bước 4:</strong>&nbsp;Để theo d&otilde;i tr&igrave;nh trạng x&aacute;c nhận nhập th&iacute; sinh tra cứu tại địa chỉ&nbsp;<strong><a href=\"https://tsdh.hcmus.edu.vn/ketqua\">https://tsdh.hcmus.edu.vn/ketqua</a>&nbsp;(</strong>trong v&ograve;ng 24 giờ kể từ l&uacute;c nộp hồ sơ online th&agrave;nh c&ocirc;ng).</p>\n<p><strong>-</strong><strong>&nbsp;&nbsp;</strong><strong>Bước&nbsp;</strong><strong>5:&nbsp;</strong>Tiếp tục l&agrave;m&nbsp;<strong>thủ tục nhập học</strong>&nbsp;theo quy tr&igrave;nh nộp&nbsp;<strong>hồ sơ nhập học</strong>&nbsp;trực tuyến.</p>\n<p>&nbsp;</p>\n<p><strong>B. NỘP HỒ SƠ QUA BƯU ĐIỆN</strong></p>\n<p>Sau khi th&iacute; sinh thực hiện xong Quy tr&igrave;nh nộp hồ sơ XNNH trực tuyến, th&iacute; sinh sẽ nộp hồ sơ XNNH ch&iacute;nh thức qua Bưu điện chuyển ph&aacute;t nhanh theo quy định như sau:</p>\n<p><strong>1. Thời gian nộp:&nbsp;</strong>từ ng&agrave;y&nbsp;<strong>18/9/2021</strong>&nbsp;đến ng&agrave;y&nbsp;<strong>26/9/2021</strong>.</p>\n<p><strong>2. C&aacute;c loại hồ sơ nộp ch&iacute;nh thức qua đường Bưu điện</strong></p>\n<p><strong>D</strong><strong>iện</strong><strong>&nbsp;tr&uacute;ng tuyển theo</strong><strong>&nbsp;p</strong><strong>hương thức x&eacute;t tuyển&nbsp;</strong><strong>3</strong></p>\n<p><em>H</em><em>ồ sơ gồm</em><em>:</em></p>\n<p>- Phiếu x&aacute;c nhận nhập học năm 2021.</p>\n<p>- Bản ch&iacute;nh Giấy chứng nhận kết quả thi THPT năm 2021.</p>\n<p><strong>3. Địa chỉ nộp HS XNNH qua Bưu điện</strong><strong>:&nbsp;</strong>Ph&ograve;ng Đ&agrave;o tạo, Trường Đại học Khoa học Tự nhi&ecirc;n, số 227 Nguyễn Văn Cừ, P4, Q.5, TP.HCM.</p>\n<p><strong>4. Theo d&otilde;i t&igrave;nh trạng nộp HS XNNH qua Bưu điện.</strong></p>\n<p>- Để đảm bảo quyền lợi tr&uacute;ng tuyển, th&iacute; sinh cần phải giữ bi&ecirc;n nhận gửi hồ sơ qua Bưu điện, phải theo d&otilde;i hồ sơ gửi qua Bưu điện của m&igrave;nh đ&atilde; đến Trường Đại học Khoa học Tự nhi&ecirc;n hay chưa bằng c&aacute;ch theo d&otilde;i t&igrave;nh trạng hồ sơ của Bưu điện.</p>\n<p>- Th&iacute; sinh cần cung cấp ch&iacute;nh x&aacute;c số điện thoại để Bưu điện hoặc Trường li&ecirc;n hệ hỗ trợ cho th&iacute; sinh trong trường hợp cần thiết. Trong t&igrave;nh h&igrave;nh dịch bệnh Covid-19 diễn biến phức tạp, dự kiến từ ng&agrave;y&nbsp;<strong>05/10/2021&nbsp;</strong>đến ng&agrave;y&nbsp;<strong>10/10/2021</strong>&nbsp;Trường sẽ th&ocirc;ng b&aacute;o danh s&aacute;ch th&iacute; sinh đ&atilde; ho&agrave;n tất XNNH qua Bưu điện.&nbsp;</p>\n<p><strong>5. Đối với th&iacute; sinh&nbsp;</strong><strong>đ&atilde;&nbsp;</strong><strong>nộp hồ sơ&nbsp;</strong><strong>x&aacute;c nhận nhập học trực tuyến th&agrave;nh c&ocirc;ng</strong><strong>&nbsp;nhưng chưa thể nộp hồ sơ&nbsp;</strong><strong>ch&iacute;nh thức qua Bưu điện</strong>&nbsp;<strong>do&nbsp;</strong><strong>th&iacute; sinh&nbsp;</strong><strong>hiện đang sinh sống&nbsp;</strong><strong>tại</strong><strong>&nbsp;c&aacute;c địa phương đang thực hiện gi&atilde;n c&aacute;ch x&atilde; hội theo Chỉ thị 16 hoặc đang thực hiện c&aacute;ch ly do dịch bệnh Covid-19</strong></p>\n<p>Th&iacute; sinh thuộc diện tại mục 5 phụ lục n&agrave;y phải l&agrave;m đơn xin gian hạn nộp hồ sơ XNNH qua Bưu điện để Trường nắm th&ocirc;ng tin, quy tr&igrave;nh nộp đơn gia hạn như sau: &nbsp;</p>\n<p>a. Sau khi th&iacute; sinh nộp hồ sơ XNNH trực tuyến th&agrave;nh c&ocirc;ng, từ ng&agrave;y&nbsp;<strong>23/</strong><strong>0</strong><strong>9</strong><strong>/2021&nbsp;</strong>đến ng&agrave;y<strong>&nbsp;26/9/2021,&nbsp;</strong>th&iacute; sinh thực hiện nộp đơn xin gia hạn theo hướng dẫn sau đ&acirc;y: &nbsp;</p>\n<ul>\n<li><strong>Bước 1:</strong>&nbsp;Th&iacute; sinh điền th&ocirc;ng tin theo mẫu đơn xin gia hạn (<a href=\"https://tuyensinh.hcmus.edu.vn/attachments/article/91/M1.%20MAU%20DON%20XIN%20GIA%20HAN%20NOP%20QUA%20BUU%20DIEN.doc\" target=\"_blank\" rel=\"noopener noreferrer\">mẫu đơn 1 đ&iacute;nh k&egrave;m</a>)<strong>.</strong></li>\n<li><strong>Bước&nbsp;</strong><strong>2</strong><strong>:</strong>&nbsp;Th&iacute; sinh sử dụng email sinh vi&ecirc;n để truy cập v&agrave;o link đăng k&yacute; để thực hiện nộp đơn xin gia hạn:&nbsp;<a class=\"text-is-link\" target=\"_blank\" rel=\"noopener noreferrer\">https://forms.office.com/r/zcUcP6yBuX&nbsp;</a></li>\n<li><strong>Bước&nbsp;</strong><strong>3</strong><strong>:</strong>&nbsp;Thực hiện điền th&ocirc;ng tin v&agrave; upload file chứa h&igrave;nh ảnh của đơn xin gia hạn đ&atilde; điền th&ocirc;ng tin tại Bước 1.</li>\n<li><strong>Bước&nbsp;</strong><strong>4</strong><strong>:</strong>&nbsp;Để theo d&otilde;i tr&igrave;nh trạng x&aacute;c nhận đơn, th&iacute; sinh tra cứu tại địa chỉ&nbsp;<a href=\"https://datastudio.google.com/s/q56i2OSG3S8\">https://datastudio.google.com/s/q56i2OSG3S8</a>&nbsp;<strong>(</strong>trong v&ograve;ng 48 giờ).</li>\n</ul>\n<p>b. Th&iacute; sinh được Trường xem x&eacute;t cho gia hạn nộp đơn x&aacute;c nhận nhập học qua Bưu điện bắt buộc phải thực hiện c&aacute;c cam kết như sau:</p>\n<ul>\n<li>Phải nhanh ch&oacute;ng nộp ngay hồ sơ x&aacute;c nhận nhập học ch&iacute;nh thức qua đường Bưu điện theo quy định của Trường chậm nhất l&agrave; trong v&ograve;ng 02 ng&agrave;y sau ng&agrave;y th&ocirc;ng b&aacute;o địa phương nơi th&iacute; sinh thường tr&uacute; hết gi&atilde;n c&aacute;ch hoặc th&iacute; sinh kết th&uacute;c thực hiện c&aacute;ch ly.</li>\n<li>Sau khi nộp đơn xin gia hạn, kh&ocirc;ng tham gia x&eacute;t tuyển ở c&aacute;c cơ sở đ&agrave;o tạo kh&aacute;c.</li>\n<li>Kh&ocirc;ng thực hiện việc XNNH bằng bản ch&iacute;nh giấy chứng nhận kết quả thi THPT ở đơn vị tuyển sinh kh&aacute;c trong bất cứ trường hợp n&agrave;o.</li>\n<li>Kh&ocirc;ng khiếu nại việc đ&atilde; được Trường cập nhật l&ecirc;n Cổng th&ocirc;ng tin tuyển sinh của Bộ GD&amp;ĐT danh s&aacute;ch th&iacute; sinh đ&atilde; x&aacute;c nhận nhập học.</li>\n<li>L&agrave;m thủ tục nhập học theo&nbsp;<strong>quy tr&igrave;nh nộp hồ sơ nhập học trực tuyến</strong>&nbsp;trong thời gian quy định.</li>\n</ul>\n<p>Mọi thắc mắc về thủ tục x&aacute;c nhận nhập học, th&iacute; sinh gửi th&ocirc;ng tin về tại địa chỉ email:&nbsp;<span id=\"cloakbc16d0ffcedc1314efdc72ebe499b9e2\"><a href=\"mailto:pdttuyensinh@hcmus.edu.vn\">pdttuyensinh@hcmus.edu.vn</a></span>&nbsp;hoặc số điện thoại: 0971522917.</p>\n<p><strong><em>&nbsp;&nbsp;&nbsp;&nbsp;&nbsp; &nbsp;&nbsp;&nbsp;&nbsp;&nbsp;&nbsp;&nbsp;&nbsp;&nbsp;&nbsp;&nbsp;&nbsp;&nbsp;&nbsp;&nbsp;&nbsp;&nbsp; &nbsp;&nbsp;&nbsp;&nbsp;&nbsp;</em></strong><strong>&nbsp;&nbsp;&nbsp;&nbsp;&nbsp;&nbsp;&nbsp;</strong></p>\n<p><strong>&nbsp;</strong></p>\n<div class=\"attachmentsContainer\">\n<div id=\"attachmentsList_com_content_article_91\" class=\"attachmentsList\">\n<table><caption>Attachments:</caption>\n<tbody>\n<tr class=\"odd\">\n<td class=\"at_filename\"><a class=\"at_icon\" title=\"Download this file (M1. MAU DON XIN GIA HAN NOP QUA BUU DIEN.doc)\" href=\"https://tuyensinh.hcmus.edu.vn/attachments/article/91/M1.%20MAU%20DON%20XIN%20GIA%20HAN%20NOP%20QUA%20BUU%20DIEN.doc\"><img src=\"https://tuyensinh.hcmus.edu.vn/media/com_attachments/images/file_icons/word.gif\" alt=\"Download this file (M1. MAU DON XIN GIA HAN NOP QUA BUU DIEN.doc)\" /></a><a class=\"at_url\" title=\"Download this file (M1. MAU DON XIN GIA HAN NOP QUA BUU DIEN.doc)\" href=\"https://tuyensinh.hcmus.edu.vn/attachments/article/91/M1.%20MAU%20DON%20XIN%20GIA%20HAN%20NOP%20QUA%20BUU%20DIEN.doc\">M1. MAU DON XIN GIA HAN NOP QUA BUU DIEN.doc</a></td>\n<td class=\"at_description\">[&nbsp;]</td>\n<td class=\"at_file_size\">38 kB</td>\n</tr>\n</tbody>\n</table>\n</div>\n</div>\n</div>\n</div>\n</div>\n</div>\n</div>\n</div>\n</div>\n</div>\n</div>\n</div>\n</div>\n</div>\n</div>\n</div>\n</div>\n</section>\n<section id=\"section-id-1600921583289\" class=\"sppb-section\">\n<div class=\"sppb-row-container\">\n<div class=\"sppb-row\">\n<div id=\"column-wrap-id-1600921583290\" class=\"sppb-col-md-12\">\n<div id=\"column-id-1600921583290\" class=\"sppb-column\"></div>\n</div>\n</div>\n</div>\n</section>','2022-06-08 22:22:17','1','3-thong-bao-quy-trinh-thuc-hien-thu-tuc-nop-ho-so-xac-nhan-nhap-hoc-va-nhap-hoc-doi-voi-thi-sinh-trung-tuyen-vao-dai-hoc-chinh-quy-nam-2021-dua-tren-ket-qua-ky-thi-tot-nghiep-thpt-nam-2021','publish','DH','',''),(4,' Kết quả trúng tuyển vào đại học hệ chính quy năm 2021 dành cho thí sinh thuộc diện đặc cách tốt nghiệp THPT năm 2021 Phương thức xét tuyển','<section id=\"section-id-1521443296880\" class=\"sppb-section\">\n<div class=\"sppb-row-container\">\n<div class=\"sppb-row\">\n<div id=\"column-wrap-id-1521443296879\" class=\"sppb-col-md-12\">\n<div id=\"column-id-1521443296879\" class=\"sppb-column\">\n<div class=\"sppb-column-addons\">\n<div id=\"sppb-addon-wrapper-1600921583296\" class=\"sppb-addon-wrapper\">\n<div id=\"sppb-addon-1600921583296\" class=\"clearfix \">\n<div class=\"sppb-addon sppb-addon-tab \">\n<div class=\"sppb-addon-content sppb-tab sppb-custom-tab sppb-tab-nav-left\">\n<div class=\"sppb-tab-content sppb-tab-custom-content\">\n<div id=\"sppb-tab1-1\" class=\"sppb-tab-pane sppb-fade active in\" role=\"tabpanel\" aria-labelledby=\"sppb-content1-1\">\n<div id=\"sppb-addon-wrapper-1522121821333\" class=\"sppb-addon-wrapper\">\n<div id=\"sppb-addon-1522121821333\" class=\"clearfix \">\n<div class=\"sppb-addon sppb-addon-text-block 0  \">\n<div class=\"sppb-addon-content\">\n<h2><strong>TH&Ocirc;NG B&Aacute;O</strong></h2>\n<p><strong>Kết quả tr&uacute;ng tuyển v&agrave;o đại học hệ ch&iacute;nh quy năm 2021&nbsp;</strong><strong>d&agrave;nh cho th&iacute; sinh thuộc diện đặc c&aacute;ch tốt nghiệp THPT năm 2021</strong></p>\n<p><strong>Phương thức x&eacute;t tuyển 7</strong></p>\n<p><strong>&nbsp;</strong></p>\n<p><em>Căn cứ&nbsp;</em><em>c&ocirc;ng văn số</em><em>&nbsp;3190</em><em>/BGDĐT-GDĐH ng&agrave;y</em><em>&nbsp;30</em><em>&nbsp;th&aacute;ng 7 năm 2021 của Bộ Gi&aacute;o dục v&agrave; Đ&agrave;o tạo về c&ocirc;ng t&aacute;c tuyển sinh năm 2021 trong t&igrave;nh h&igrave;nh dịch COVID-19;</em></p>\n<p><em>Căn cứ Đề &aacute;n tuyển sinh tr&igrave;nh độ đại học năm 2021 ng&agrave;y 26 th&aacute;ng 4 năm 2021 của Đại học Quốc Gia Th&agrave;nh phố Hồ Ch&iacute; Minh;</em></p>\n<p><em>Căn cứ th&ocirc;ng b&aacute;o số&nbsp;</em><em>18</em><em>/TB-HĐTS ĐHCQ ng&agrave;y&nbsp;</em><em>&nbsp;12</em><em>&nbsp;th&aacute;ng 8 năm 2021 của Chủ tịch Hội đồng tuyển sinh Trường Đại học Khoa học Tự nhi&ecirc;n&nbsp;</em><em>v</em><em>ề việc x&eacute;t tuyển v&agrave;o đại học hệ ch&iacute;nh quy năm 2021&nbsp;</em><em>d&agrave;nh cho th&iacute; sinh thuộc diện đặc c&aacute;ch tốt nghiệp THPT năm 2021 -&nbsp;</em><em>Phương thức x&eacute;t tuyển 7;</em></p>\n<p>Hội đồng tuyển sinh Trường Đại học Khoa học Tự nhi&ecirc;n, ĐHQG-HCM th&ocirc;ng b&aacute;o kết quả tr&uacute;ng tuyển v&agrave;o đại học hệ ch&iacute;nh quy năm 2021 d&agrave;nh cho th&iacute; sinh thuộc diện đặc c&aacute;ch tốt nghiệp THPT năm 2021 - Phương thức x&eacute;t tuyển 7 như sau:</p>\n<ol>\n<li><strong>Kết quả tr&uacute;ng tuyển:&nbsp;15</strong><strong>giờ 00, ng&agrave;y 15/9/2021:&nbsp;</strong>th&iacute; sinh tra cứu kết quả tr&uacute;ng tuyển v&agrave;o bậc đại học hệ ch&iacute;nh quy năm 2021 của Phương thức x&eacute;t tuyển 7 tại địa chỉ trang web&nbsp;<strong><a href=\"https://tsdh.hcmus.edu.vn/\">https://tsdh.hcmus.edu.vn</a>.</strong></li>\n<li><strong>Thời gian l&agrave;m thủ tục x</strong><strong>&aacute;c nhận nhập học</strong><strong>&nbsp;v&agrave; nhập học</strong>:</li>\n</ol>\n<p>- Từ ng&agrave;y&nbsp;<strong>18/9/2021</strong>&nbsp;đến ng&agrave;y&nbsp;<strong>26/9/2021:&nbsp;</strong>th&iacute; sinh l&agrave;m thủ tục x&aacute;c nhận nhập học v&agrave; nhập học.</p>\n<p>- Th&iacute; sinh xem th&ocirc;ng b&aacute;o chi tiết về c&aacute;c thủ tục tr&ecirc;n tại địa chỉ trang web:&nbsp;<a href=\"https://tuyensinh.hcmus.edu.vn/\">https://tuyensinh.hcmus.edu.vn</a>.</p>\n<p>&nbsp;</p>\n<p><strong><em>&nbsp;&nbsp;&nbsp;&nbsp;&nbsp;&nbsp;&nbsp;&nbsp;&nbsp;&nbsp;&nbsp;&nbsp;&nbsp;<u>Lưu &yacute;:</u></em></strong>&nbsp;Th&iacute; sinh c&oacute; thể gửi thắc mắc về địa chỉ email&nbsp;<span id=\"cloak48df7f93c0ccc5765f4402782c80b41b\"><a href=\"mailto:pdttuyensinh@hcmus.edu.vn\">pdttuyensinh@hcmus.edu.vn</a></span>, hoặc gọi số điện thoại: 0971522917 để được giải đ&aacute;p./.</p>\n</div>\n</div>\n</div>\n</div>\n</div>\n</div>\n</div>\n</div>\n</div>\n</div>\n</div>\n</div>\n</div>\n</div>\n</div>\n</section>\n<section id=\"section-id-1600921583289\" class=\"sppb-section\">\n<div class=\"sppb-row-container\">\n<div class=\"sppb-row\">\n<div id=\"column-wrap-id-1600921583290\" class=\"sppb-col-md-12\">\n<div id=\"column-id-1600921583290\" class=\"sppb-column\"></div>\n</div>\n</div>\n</div>\n</section>','2022-06-08 22:24:51','1','4-ket-qua-trung-tuyen-vao-dai-hoc-he-chinh-quy-nam-2021-danh-cho-thi-sinh-thuoc-dien-dac-cach-tot-nghiep-thpt-nam-2021-phuong-thuc-xet-tuyen','publish','DH','',''),(5,' THÔNG BÁO Quy trình thực hiện thủ tục nộp hồ sơ xác nhận nhập học và nhập học đối với thí sinh thuộc diện đặc cách tốt nghiệp THPT năm 2021','<section id=\"section-id-1521443296880\" class=\"sppb-section\">\n<div class=\"sppb-row-container\">\n<div class=\"sppb-row\">\n<div id=\"column-wrap-id-1521443296879\" class=\"sppb-col-md-12\">\n<div id=\"column-id-1521443296879\" class=\"sppb-column\">\n<div class=\"sppb-column-addons\">\n<div id=\"sppb-addon-wrapper-1600921583296\" class=\"sppb-addon-wrapper\">\n<div id=\"sppb-addon-1600921583296\" class=\"clearfix \">\n<div class=\"sppb-addon sppb-addon-tab \">\n<div class=\"sppb-addon-content sppb-tab sppb-custom-tab sppb-tab-nav-left\">\n<div class=\"sppb-tab-content sppb-tab-custom-content\">\n<div id=\"sppb-tab1-1\" class=\"sppb-tab-pane sppb-fade active in\" role=\"tabpanel\" aria-labelledby=\"sppb-content1-1\">\n<div id=\"sppb-addon-wrapper-1522121821333\" class=\"sppb-addon-wrapper\">\n<div id=\"sppb-addon-1522121821333\" class=\"clearfix \">\n<div class=\"sppb-addon sppb-addon-text-block 0  \">\n<div class=\"sppb-addon-content\">\n<h2><strong>TH&Ocirc;NG B&Aacute;O</strong></h2>\n<p><strong>Quy tr&igrave;nh thực hiện thủ tục nộp hồ sơ x&aacute;c nhận nhập học v&agrave; nhập học</strong></p>\n<p><strong>đối với th&iacute; sinh thuộc diện đặc c&aacute;ch tốt nghiệp THPT năm 2021</strong></p>\n<p><strong>&nbsp;</strong></p>\n<p>Để đảm bảo ph&ograve;ng, chống dịch x&acirc;m nhập, l&acirc;y lan trong m&ocirc;i trường học đường v&agrave; đảm bảo sức khỏe cho th&iacute; sinh, c&aacute;n bộ - vi&ecirc;n chức, người lao động v&agrave; cộng đồng, Hội đồng tuyển sinh Trường Đại học Khoa học Tự nhi&ecirc;n, ĐHQG-HCM th&ocirc;ng b&aacute;o đến th&iacute; sinh tr&uacute;ng tuyển v&agrave;o đại học ch&iacute;nh quy năm 2021 theo phương thức dựa v&agrave;o học bạ kết hợp c&aacute;c ti&ecirc;u ch&iacute; phụ trong x&eacute;t tuyển cho th&iacute; sinh thuộc diện đặc c&aacute;ch tốt nghiệp THPT năm 2021 (<strong>p</strong><strong>hương thức x&eacute;t tuyển 7</strong>)&nbsp;về quy tr&igrave;nh thực hiện thủ tục nộp hồ sơ x&aacute;c nhận nhập học v&agrave; nhập học như sau:</p>\n<p>1. Th&iacute; sinh phải&nbsp;<strong>thực hiện đủ 02 thủ tục (A) v&agrave; (B)</strong>&nbsp;để được c&ocirc;ng nhận l&agrave; sinh vi&ecirc;n ch&iacute;nh thức của Trường:</p>\n<p><strong>A. Thủ tục x&aacute;c nhận nhập học:</strong></p>\n<ul>\n<li>Từ&nbsp;<strong>9giờ00</strong>&nbsp;ng&agrave;y&nbsp;<strong>18/9/2021</strong>&nbsp;đến hết ng&agrave;y&nbsp;<strong>26/9/2021</strong>&nbsp;th&iacute; sinh l&agrave;m thủ tục x&aacute;c nhận nhập học phải thực hiện đủ 02 quy tr&igrave;nh như sau:&nbsp;<strong>Nộp hồ sơ trực tuyến</strong>&nbsp;v&agrave;&nbsp;<strong>Nộp hồ sơ qua&nbsp;</strong><strong>B</strong><strong>ưu điện</strong>. C&aacute;c loại hồ sơ v&agrave; quy tr&igrave;nh thực hiện thủ tục x&aacute;c nhận nhập học được quy định chi tiết tại&nbsp;<strong><em>Phụ lục&nbsp;</em></strong><strong><em>Quy tr&igrave;nh thực hiện thủ tục nộp hồ sơ x&aacute;c nhận nhập học đối với th&iacute; sinh tr&uacute;ng tuyển v&agrave;o đại học ch&iacute;nh quy năm 2021</em>&nbsp;</strong><strong>(</strong>đ&iacute;nh k&egrave;m th&ocirc;ng b&aacute;o).</li>\n<li>Th&iacute; sinh phải ho&agrave;n tất trước&nbsp;<strong>thủ tục x&aacute;c nhận nhập học</strong><strong>&nbsp;trực tuyến</strong>&nbsp;rồi mới tiến h&agrave;nh&nbsp;<strong>thủ tục nhập học</strong><strong>.</strong></li>\n</ul>\n<p><strong>B. Thủ tục nhập học</strong>&nbsp;<strong>được thực hiện theo đủ 02 quy tr&igrave;nh</strong><strong>&nbsp;như sau</strong>:</p>\n<ul>\n<li><strong>Nộp hồ sơ trực tuyến</strong><strong>:&nbsp;</strong>bắt buộc h&igrave;nh thức n&agrave;y phải thực hiện trong khoảng thời gian từ ng&agrave;y&nbsp;<strong>18/9/2021</strong>&nbsp;đến hết ng&agrave;y&nbsp;<strong>26/9/2021.</strong></li>\n<li><strong>Nộp hồ sơ trực tiếp</strong>&nbsp;khi sinh vi&ecirc;n đến trường học tập ch&iacute;nh thức (h&igrave;nh thức n&agrave;y sẽ được th&ocirc;ng b&aacute;o v&agrave;o thời điểm sau khi kết th&uacute;c c&aacute;c biện ph&aacute;p gi&atilde;n c&aacute;ch x&atilde; hội).</li>\n<li>Từ ng&agrave;y&nbsp;<strong>17/9/2021</strong>, th&iacute; sinh xem th&ocirc;ng b&aacute;o về quy tr&igrave;nh thực hiện&nbsp;<strong>t</strong><strong>hủ tục nhập học</strong>, c&aacute;c loại hồ sơ được quy định chi tiết tại website:&nbsp;<a href=\"https://www.hcmus.edu.vn/thongtinnhaphoc2021\">https://www.hcmus.edu.vn/thongtinnhaphoc2021</a>.</li>\n</ul>\n<p>2. Sau ng&agrave;y&nbsp;<strong>26/9/2021</strong>, th&iacute; sinh&nbsp;<strong>kh&ocirc;ng thực hiện</strong>&nbsp;thủ tục x&aacute;c nhận nhập học xem như từ chối việc nhập học theo phương thức n&agrave;y.</p>\n<p>3. Sau ng&agrave;y&nbsp;<strong>26/9/2021,&nbsp;</strong>th&iacute; sinh&nbsp;<strong>kh&ocirc;ng nhập học theo Quy tr&igrave;nh nộp hồ sơ trực tuyến</strong>&nbsp;<strong>đối với thủ tục nhập học</strong>&nbsp;th&igrave; coi như bỏ học. Trường hợp nộp trễ hơn thời gian n&agrave;y (nhưng kh&ocirc;ng qu&aacute; 15 ng&agrave;y), nếu th&iacute; sinh c&oacute; l&yacute; do ch&iacute;nh đ&aacute;ng như ốm đau, tai nạn, c&oacute; giấy x&aacute;c nhận của bệnh viện quận, huyện trở l&ecirc;n hoặc do thi&ecirc;n tai c&oacute; x&aacute;c nhận của UBND quận, huyện trở l&ecirc;n th&igrave; Trường sẽ xem x&eacute;t quyết định cho nộp bổ sung. Sau đ&oacute;, th&iacute; sinh phải c&oacute; nghĩa vụ thực hiện Quy tr&igrave;nh&nbsp;<strong>nộp hồ sơ trực tiếp</strong>&nbsp;với thủ tục n&agrave;y khi c&oacute; th&ocirc;ng b&aacute;o, nếu kh&ocirc;ng thực hiện đầy đủ thủ tục nhập học theo y&ecirc;u cầu, Trường sẽ x&oacute;a t&ecirc;n trong danh s&aacute;ch tr&uacute;ng tuyển theo quy định.</p>\n<p>4. Tất cả th&iacute; sinh chịu tr&aacute;ch nhiệm về t&iacute;nh ch&iacute;nh x&aacute;c v&agrave; hợp lệ của c&aacute;c loại văn bản v&agrave; th&ocirc;ng tin cung cấp cho Trường. Trường sẽ kh&ocirc;ng c&ocirc;ng nhận kết quả tr&uacute;ng tuyển của th&iacute; sinh khi ph&aacute;t hiện c&aacute;c h&agrave;nh vi giả mạo giấy tờ trong qu&aacute; tr&igrave;nh kiểm tra hồ sơ.</p>\n<p>5. Th&iacute; sinh phải ho&agrave;n tất c&aacute;c nghĩa vụ đ&oacute;ng học ph&iacute; v&agrave; c&aacute;c khoản tạm thu trong thời gian nhập học.</p>\n<p>6. Th&iacute; sinh thường xuy&ecirc;n theo d&otilde;i trang th&ocirc;ng tin của Trường tại địa chỉ&nbsp;<strong><a href=\"https://tuyensinh.hcmus.edu.vn/\" target=\"_blank\" rel=\"noopener noreferrer\">https://tuyensinh.hcmus.edu.vn</a></strong><strong>&nbsp;v&agrave;&nbsp;</strong><a href=\"https://www.hcmus.edu.vn/\" target=\"_blank\" rel=\"noopener noreferrer\">https://www.hcmus.edu.vn</a>&nbsp;để cập nhật những th&ocirc;ng tin mới nhất d&agrave;nh cho t&acirc;n sinh vi&ecirc;n. Căn cứ v&agrave;o t&igrave;nh h&igrave;nh dịch bệnh v&agrave; thực hiện gi&atilde;n c&aacute;ch x&atilde; hội, Trường sẽ xem x&eacute;t c&oacute; những c&aacute;ch thức hỗ trợ cho th&iacute; sinh tốt nhất theo quy định.</p>\n<p>7. Mọi thắc mắc về thủ tục&nbsp;<strong>x&aacute;c nhận nhập học</strong>, th&iacute; sinh gửi th&ocirc;ng tin về tại địa chỉ email:&nbsp;<strong><span id=\"cloakf567f65d1a974ac72dd315cfe3794392\"><a href=\"mailto:pdttuyensinh@hcmus.edu.vn\">pdttuyensinh@hcmus.edu.vn</a></span></strong>, số điện thoại:&nbsp;<strong>0971522917;</strong>&nbsp;mọi thắc mắc đối với thủ tục&nbsp;<strong>nhập học</strong>&nbsp;li&ecirc;n hệ số điện thoại:&nbsp;<strong>0931401235</strong>&nbsp;hay<strong>&nbsp;0344493708</strong>./.</p>\n<p>&nbsp;</p>\n<p>&nbsp;</p>\n<p>&nbsp;</p>\n<p><strong>PHỤ LỤC</strong></p>\n<p><strong>QUY TR&Igrave;NH THỰC HIỆN THỦ TỤC NỘP HỒ SƠ X&Aacute;C NHẬN NHẬP HỌC&nbsp;</strong><strong>ĐỐI VỚI TH&Iacute; SINH TR&Uacute;NG TUYỂN V&Agrave;O ĐẠI HỌC CH&Iacute;NH QUY NĂM 2021</strong></p>\n<p><strong>(Phương thức x&eacute;t tuyển 7 )</strong></p>\n<p><em>(Đ&iacute;nh k&egrave;m th&ocirc;ng b&aacute;o số:</em>&nbsp;<em>25</em><em>/TB-HĐTS ĐHCQ ng&agrave;y&nbsp;</em><em>17</em><em>/</em><em>9</em><em>/2021 c</em><em>ủa Hội đồng tuyển sinh đại học hệ ch&iacute;nh quy năm 2021)</em></p>\n<p><em>&nbsp;</em></p>\n<p><strong>Th&iacute;</strong>&nbsp;sinh tr&uacute;ng tuyển v&agrave;o đại học ch&iacute;nh quy năm 2021 theo phương thức dựa tr&ecirc;n kết quả kỳ thi tốt nghiệp THPT năm 2021 (phương thức x&eacute;t tuyển 3) khi x&aacute;c nhận nhập học tại Trường bắt buộc phải thực hiện đầy đủ Quy tr&igrave;nh Nộp hồ sơ trực tuyến v&agrave; Nộp hồ sơ qua Bưu điện theo quy định sau đ&acirc;y:</p>\n<p><strong>A. QUY TR&Igrave;NH NỘP HỒ SƠ TRỰC TUYẾN</strong></p>\n<p><strong>1. Thời gian nộp:&nbsp;</strong>từ&nbsp;<strong>9giờ00</strong>&nbsp;ng&agrave;y&nbsp;<strong>18/9/2021</strong>&nbsp;đến hết ng&agrave;y&nbsp;<strong>26/9/</strong><strong>2021</strong>.</p>\n<p><strong>2. C&aacute;c loại hồ sơ x&aacute;c nhận nhập học&nbsp;</strong><strong>(HS XNNH)</strong><strong>&nbsp;d&ugrave;ng để nộp trực tuyến</strong></p>\n<p><strong>Hồ sơ d&ugrave;ng để nộp theo h&igrave;nh thức trực tuyến l&agrave; 01</strong>&nbsp;file chứa h&igrave;nh ảnh của c&aacute;c loại hồ sơ:&nbsp; m&ocirc;̃i loại h&ocirc;̀ sơ gồm t&acirc;́t cả file ảnh này được ghép thành 01 file được đặt t&ecirc;n l&agrave; &ldquo;Mã_sinh_vi&ecirc;n.pdf&rdquo; có nhi&ecirc;̀u trang, m&ocirc;̃i trang là 1 ảnh, thứ tự các ảnh tương ứng với thứ tự h&ocirc;̀ sơ y&ecirc;u c&acirc;̀u dưới đ&acirc;y, lưu ý &ldquo;Mã_sinh_vi&ecirc;n&rdquo; xem tr&ecirc;n phi&ecirc;́u xác nh&acirc;̣n nh&acirc;̣p học của thí sinh. C&aacute;c loại hồ sơ th&iacute; sinh cần nộp theo từng phương thức tr&uacute;ng tuyển như sau:</p>\n<p><strong>D</strong><strong>iện&nbsp;</strong><strong>tr&uacute;ng tuyển theo</strong><strong>&nbsp;p</strong><strong>hương thức x&eacute;t tuyển&nbsp;</strong><strong>7</strong></p>\n<p><em>H</em><em>ồ sơ gồm</em><em>:</em></p>\n<p>- File ảnh&nbsp;<strong>Phiếu x&aacute;c nhận nhập học năm 2021.</strong></p>\n<p>- File ảnh Bản photo hoặc bản ch&iacute;nh Giấy chứng nhận TN THPT tạm thời năm 2021</p>\n<p><strong>3. Quy tr&igrave;nh nộp HS XNNH trực tuyến (online)</strong></p>\n<p>Th&iacute; sinh nộp HS XNNH thực hiện c&aacute;c bước như sau:</p>\n<p>-&nbsp;<strong>Bước 1:</strong>&nbsp;Từ&nbsp;<strong>9</strong><strong>giờ00 ng&agrave;y 18/9/2021</strong>, th&iacute; sinh bắt đầu v&agrave;o trang tra cứu theo địa&nbsp; chỉ&nbsp;<strong><a href=\"https://tsdh.hcmus.edu.vn/ketqua\">https://tsdh.hcmus.edu.vn/ketqua</a>&nbsp;</strong>để in &ldquo;<strong>Phiếu x&aacute;c nhận nhập học năm 2021&rdquo;.&nbsp;</strong>Trường hợp th&iacute; sinh kh&ocirc;ng in được th&igrave; c&oacute; thể chụp ảnh m&agrave;n h&igrave;nh&nbsp;<strong>Phiếu XNNH m&agrave; th&iacute; sinh đ&atilde; chọn phương thức tr&uacute;ng tuyển.</strong></p>\n<p>-&nbsp;<strong>Bước 2:</strong>&nbsp;Tr&ecirc;n mỗi&nbsp;<strong>Phiếu XNNH&nbsp;</strong><strong>c&oacute; m&atilde;&nbsp;</strong>QR_Code&nbsp;d&agrave;nh ri&ecirc;ng cho từng th&iacute; sinh. Th&iacute; sinh d&ugrave;ng camera tr&ecirc;n điện thoại qu&eacute;t m&atilde; QR để v&agrave;o link nộp hồ sơ.</p>\n<p>-&nbsp;<strong>Bước 3:&nbsp;</strong>Nộp HS XNNH: th&iacute; sinh tạo 01 file upload (Word/PDF) theo hướng dẫn tr&ecirc;n&nbsp;<strong>Phiếu XNNH</strong>. Th&iacute; sinh chỉ nhập c&aacute;c field:&nbsp;<strong>Email, Số điện thoại v&agrave; upload file hồ sơ</strong>&nbsp;(<em>kh&ocirc;ng được sửa th&ocirc;ng tin Trường đ&atilde; nhập sẵn)</em><strong>.&nbsp;</strong>Th&iacute; sinh sẽ nhận được một email x&aacute;c nhận sau khi đ&atilde; nộp hồ sơ online.&nbsp;<strong>Trường sẽ cập nhật danh s&aacute;ch th&iacute; sinh đ&atilde; XNNH trực tuyến th&agrave;nh c&ocirc;ng l&ecirc;n Cổng th&ocirc;ng tin tuyển sinh của Bộ GD&amp;ĐT</strong>.</p>\n<p><strong>-</strong>&nbsp;<strong>Bước 4:</strong>&nbsp;Để theo d&otilde;i tr&igrave;nh trạng x&aacute;c nhận nhập th&iacute; sinh tra cứu tại địa chỉ&nbsp;<strong><a href=\"https://tsdh.hcmus.edu.vn/ketqua\">https://tsdh.hcmus.edu.vn/ketqua</a>&nbsp;(</strong>trong v&ograve;ng 24 giờ kể từ l&uacute;c nộp hồ sơ online th&agrave;nh c&ocirc;ng).</p>\n<p><strong>-</strong><strong>&nbsp;&nbsp;</strong><strong>Bước&nbsp;</strong><strong>5:&nbsp;</strong>Tiếp tục l&agrave;m&nbsp;<strong>thủ tục nhập học</strong>&nbsp;theo quy tr&igrave;nh nộp&nbsp;<strong>hồ sơ nhập học</strong>&nbsp;trực tuyến.</p>\n<p>&nbsp;</p>\n<p><strong>B. NỘP HỒ SƠ QUA BƯU ĐIỆN</strong></p>\n<p>Sau khi th&iacute; sinh thực hiện xong Quy tr&igrave;nh nộp hồ sơ XNNH trực tuyến, th&iacute; sinh sẽ nộp hồ sơ XNNH ch&iacute;nh thức qua Bưu điện chuyển ph&aacute;t nhanh theo quy định như sau:</p>\n<p><strong>1. Thời gian nộp:&nbsp;</strong>từ ng&agrave;y&nbsp;<strong>18/9/2021</strong>&nbsp;đến ng&agrave;y&nbsp;<strong>26/9/2021</strong>.</p>\n<p><strong>2. C&aacute;c loại hồ sơ nộp ch&iacute;nh thức qua đường Bưu điện</strong></p>\n<p><strong>D</strong><strong>iện</strong><strong>&nbsp;tr&uacute;ng tuyển theo</strong><strong>&nbsp;p</strong><strong>hương thức x&eacute;t tuyển 7</strong></p>\n<p><em>H</em><em>ồ sơ gồm</em><em>:</em></p>\n<p>-&nbsp;<strong>Phiếu x&aacute;c nhận nhập học năm 2021.</strong></p>\n<p>- Bản photo Giấy chứng nhận TN THPT tạm thời năm 2021.</p>\n<p>- Bản photo c&oacute; c&ocirc;ng chứng học bạ (đầy đủ c&aacute;c trang v&agrave; được đ&oacute;ng gi&aacute;p lai).</p>\n<p><strong>3. Địa chỉ nộp HS XNNH qua Bưu điện</strong><strong>:&nbsp;</strong>Ph&ograve;ng Đ&agrave;o tạo, Trường Đại học Khoa học Tự nhi&ecirc;n, số 227 Nguyễn Văn Cừ, P4, Q.5, TP.HCM.</p>\n<p><strong>4. Theo d&otilde;i t&igrave;nh trạng nộp HS XNNH qua Bưu điện.</strong></p>\n<p>- Để đảm bảo quyền lợi tr&uacute;ng tuyển, th&iacute; sinh cần phải giữ bi&ecirc;n nhận gửi hồ sơ qua Bưu điện, phải theo d&otilde;i hồ sơ gửi qua Bưu điện của m&igrave;nh đ&atilde; đến Trường Đại học Khoa học Tự nhi&ecirc;n hay chưa bằng c&aacute;ch theo d&otilde;i t&igrave;nh trạng hồ sơ của Bưu điện.</p>\n<p>- Th&iacute; sinh cần cung cấp ch&iacute;nh x&aacute;c số điện thoại để Bưu điện hoặc Trường li&ecirc;n hệ hỗ trợ cho th&iacute; sinh trong trường hợp cần thiết. Trong t&igrave;nh h&igrave;nh dịch bệnh Covid-19 diễn biến phức tạp, dự kiến từ ng&agrave;y&nbsp;<strong>05/10/2021&nbsp;</strong>đến ng&agrave;y&nbsp;<strong>10/10/2021</strong>&nbsp;Trường sẽ th&ocirc;ng b&aacute;o danh s&aacute;ch th&iacute; sinh đ&atilde; ho&agrave;n tất XNNH qua Bưu điện.&nbsp;</p>\n<p><strong>5. Đối với th&iacute; sinh&nbsp;</strong><strong>đ&atilde;&nbsp;</strong><strong>nộp hồ sơ&nbsp;</strong><strong>x&aacute;c nhận nhập học trực tuyến th&agrave;nh c&ocirc;ng</strong><strong>&nbsp;nhưng chưa thể nộp hồ sơ&nbsp;</strong><strong>ch&iacute;nh thức qua Bưu điện</strong>&nbsp;<strong>do&nbsp;</strong><strong>th&iacute; sinh&nbsp;</strong><strong>hiện đang sinh sống&nbsp;</strong><strong>tại</strong><strong>&nbsp;c&aacute;c địa phương đang thực hiện gi&atilde;n c&aacute;ch x&atilde; hội theo Chỉ thị 16 hoặc đang thực hiện c&aacute;ch ly do dịch bệnh Covid-19</strong></p>\n<p>Th&iacute; sinh thuộc diện tại mục 5 phụ lục n&agrave;y phải l&agrave;m đơn xin gian hạn nộp hồ sơ XNNH qua Bưu điện để Trường nắm th&ocirc;ng tin, quy tr&igrave;nh nộp đơn gia hạn như sau: &nbsp;</p>\n<p>a. Sau khi th&iacute; sinh nộp hồ sơ XNNH trực tuyến th&agrave;nh c&ocirc;ng, từ ng&agrave;y&nbsp;<strong>23/</strong><strong>0</strong><strong>9</strong><strong>/2021&nbsp;</strong>đến ng&agrave;y<strong>&nbsp;26/9/2021,&nbsp;</strong>th&iacute; sinh thực hiện nộp đơn xin gia hạn theo hướng dẫn sau đ&acirc;y: &nbsp;</p>\n<ul>\n<li><strong>Bước 1:</strong>&nbsp;Th&iacute; sinh điền th&ocirc;ng tin theo mẫu đơn xin gia hạn (<a href=\"https://tuyensinh.hcmus.edu.vn/attachments/article/91/M1.%20MAU%20DON%20XIN%20GIA%20HAN%20NOP%20QUA%20BUU%20DIEN.doc\" target=\"_blank\" rel=\"noopener noreferrer\">mẫu đơn 1 đ&iacute;nh k&egrave;m</a>)<strong>.</strong></li>\n<li><strong>Bước&nbsp;</strong><strong>2</strong><strong>:</strong>&nbsp;Th&iacute; sinh sử dụng email sinh vi&ecirc;n để truy cập v&agrave;o link đăng k&yacute; để thực hiện nộp đơn xin gia hạn:&nbsp;<a class=\"text-is-link\" target=\"_blank\" rel=\"noopener noreferrer\">https://forms.office.com/r/zcUcP6yBuX</a></li>\n<li><strong>Bước&nbsp;</strong><strong>3</strong><strong>:</strong>&nbsp;Thực hiện điền th&ocirc;ng tin v&agrave; upload file chứa h&igrave;nh ảnh của đơn xin gia hạn đ&atilde; điền th&ocirc;ng tin tại Bước 1.</li>\n<li><strong>Bước&nbsp;</strong><strong>4</strong><strong>:</strong>&nbsp;Để theo d&otilde;i tr&igrave;nh trạng x&aacute;c nhận đơn, th&iacute; sinh tra cứu tại địa chỉ&nbsp;<a href=\"https://datastudio.google.com/s/q56i2OSG3S8\">https://datastudio.google.com/s/q56i2OSG3S8</a>&nbsp;<strong>(</strong>trong v&ograve;ng 48 giờ).</li>\n</ul>\n<p>b. Th&iacute; sinh được Trường xem x&eacute;t cho gia hạn nộp đơn x&aacute;c nhận nhập học qua Bưu điện bắt buộc phải thực hiện c&aacute;c cam kết như sau:</p>\n<ul>\n<li>Phải nhanh ch&oacute;ng nộp ngay hồ sơ x&aacute;c nhận nhập học ch&iacute;nh thức qua đường Bưu điện theo quy định của Trường chậm nhất l&agrave; trong v&ograve;ng 02 ng&agrave;y sau ng&agrave;y th&ocirc;ng b&aacute;o địa phương nơi th&iacute; sinh thường tr&uacute; hết gi&atilde;n c&aacute;ch hoặc th&iacute; sinh kết th&uacute;c thực hiện c&aacute;ch ly.</li>\n<li>Sau khi nộp đơn xin gia hạn, kh&ocirc;ng tham gia x&eacute;t tuyển ở c&aacute;c cơ sở đ&agrave;o tạo kh&aacute;c.</li>\n<li>Kh&ocirc;ng thực hiện việc XNNH bằng bản ch&iacute;nh giấy chứng nhận kết quả thi THPT ở đơn vị tuyển sinh kh&aacute;c trong bất cứ trường hợp n&agrave;o.</li>\n<li>Kh&ocirc;ng khiếu nại việc đ&atilde; được Trường cập nhật l&ecirc;n Cổng th&ocirc;ng tin tuyển sinh của Bộ GD&amp;ĐT danh s&aacute;ch th&iacute; sinh đ&atilde; x&aacute;c nhận nhập học.</li>\n<li>L&agrave;m thủ tục nhập học theo&nbsp;<strong>quy tr&igrave;nh nộp hồ sơ nhập học trực tuyến</strong>&nbsp;trong thời gian quy định.</li>\n</ul>\n<p>Mọi thắc mắc về thủ tục x&aacute;c nhận nhập học, th&iacute; sinh gửi th&ocirc;ng tin về tại địa chỉ email:&nbsp;<span id=\"cloakae278e5373a7d89601a63f2484dd3d89\"><a href=\"mailto:pdttuyensinh@hcmus.edu.vn\">pdttuyensinh@hcmus.edu.vn</a></span>&nbsp;hoặc số điện thoại: 0971522917.</p>\n</div>\n</div>\n</div>\n</div>\n</div>\n</div>\n</div>\n</div>\n</div>\n</div>\n</div>\n</div>\n</div>\n</div>\n</div>\n</section>\n<section id=\"section-id-1600921583289\" class=\"sppb-section\">\n<div class=\"sppb-row-container\">\n<div class=\"sppb-row\">\n<div id=\"column-wrap-id-1600921583290\" class=\"sppb-col-md-12\">\n<div id=\"column-id-1600921583290\" class=\"sppb-column\"></div>\n</div>\n</div>\n</div>\n</section>','2022-06-08 22:26:26','1','5-thong-bao-quy-trinh-thuc-hien-thu-tuc-nop-ho-so-xac-nhan-nhap-hoc-va-nhap-hoc-doi-voi-thi-sinh-thuoc-dien-dac-cach-tot-nghiep-thpt-nam-2021','hidden','DH','',''),(6,' THÔNG BÁO về việc xét tuyển vào đại học hệ chính quy năm 2021 dành cho thí sinh thuộc diện đã đăng ký thi ĐGNL do ĐHQG-HCM tổ chức năm 2021 đợt 2','<section id=\"section-id-1521443296880\" class=\"sppb-section\">\n<div class=\"sppb-row-container\">\n<div class=\"sppb-row\">\n<div id=\"column-wrap-id-1521443296879\" class=\"sppb-col-md-12\">\n<div id=\"column-id-1521443296879\" class=\"sppb-column\">\n<div class=\"sppb-column-addons\">\n<div id=\"sppb-addon-wrapper-1600921583296\" class=\"sppb-addon-wrapper\">\n<div id=\"sppb-addon-1600921583296\" class=\"clearfix \">\n<div class=\"sppb-addon sppb-addon-tab \">\n<div class=\"sppb-addon-content sppb-tab sppb-custom-tab sppb-tab-nav-left\">\n<div class=\"sppb-tab-content sppb-tab-custom-content\">\n<div id=\"sppb-tab1-1\" class=\"sppb-tab-pane sppb-fade active in\" role=\"tabpanel\" aria-labelledby=\"sppb-content1-1\">\n<div id=\"sppb-addon-wrapper-1522121821333\" class=\"sppb-addon-wrapper\">\n<div id=\"sppb-addon-1522121821333\" class=\"clearfix \">\n<div class=\"sppb-addon sppb-addon-text-block 0  \">\n<div class=\"sppb-addon-content\">\n<h2><strong>TH&Ocirc;NG B&Aacute;O</strong></h2>\n<p><strong>(Về việc x&eacute;t tuyển v&agrave;o đại học hệ ch&iacute;nh quy năm 2021&nbsp;d&agrave;nh cho th&iacute; sinh thuộc diện đ&atilde; đăng k&yacute; thi đ&aacute;nh gi&aacute; năng lực do ĐHQG-HCM tổ chức năm 2021 đợt 2</strong></p>\n<p><strong>-</strong></p>\n<p><strong>PHƯƠNG THỨC X&Eacute;T TUYỂN 7B)</strong></p>\n<p>&nbsp;</p>\n<ul>\n<li><em>Căn cứ&nbsp;</em><em>c&ocirc;ng văn số</em><em>&nbsp;3190</em><em>/BGDĐT-GDĐH ng&agrave;y</em><em>&nbsp;30</em><em>&nbsp;th&aacute;ng 7 năm 2021 của Bộ Gi&aacute;o dục v&agrave; Đ&agrave;o tạo về c&ocirc;ng t&aacute;c tuyển sinh năm 2021 trong t&igrave;nh h&igrave;nh dịch COVID-19;</em></li>\n<li><em>Căn cứ Đề &aacute;n tuyển sinh tr&igrave;nh độ đại học năm 2021 ng&agrave;y 31 th&aacute;ng 3 năm 2021 của Trường Đại học Khoa học Tự nhi&ecirc;n - ĐHQG-HCM,</em></li>\n</ul>\n<p>Hội đồng tuyển sinh Trường Đại học Khoa học Tự nhi&ecirc;n (ĐH KHTN) th&ocirc;ng b&aacute;o về việc x&eacute;t tuyển v&agrave;o đại học hệ ch&iacute;nh quy năm 2021&nbsp;<strong>d&agrave;nh cho th&iacute; sinh thuộc diện đ&atilde; đăng k&yacute; thi đ&aacute;nh gi&aacute; năng lực (ĐGNL) do ĐHQG-HCM tổ chức năm 2021 đợt 2</strong>&nbsp;như sau:</p>\n<p><strong>1. Đối tượng được tham gia x&eacute;t tuyển</strong></p>\n<p>Th&iacute; sinh đồng thời phải thỏa c&aacute;c điều kiện sau đ&acirc;y:</p>\n<ul>\n<li>Đ&atilde; tốt nghiệp Trung học phổ th&ocirc;ng (THPT) theo h&igrave;nh thức gi&aacute;o dục ch&iacute;nh quy hoặc gi&aacute;o dục thường xuy&ecirc;n hoặc đ&atilde; tốt nghiệp trung cấp, sau đ&acirc;y gọi chung l&agrave; tốt nghiệp trung học; Người tốt nghiệp trung cấp nhưng chưa c&oacute; bằng tốt nghiệp THPT phải học v&agrave; được c&ocirc;ng nhận ho&agrave;n th&agrave;nh c&aacute;c m&ocirc;n văn h&oacute;a trong chương tr&igrave;nh gi&aacute;o dục THPT theo quy định của Bộ GD&amp;ĐT.</li>\n<li>Kh&ocirc;ng thuộc danh s&aacute;ch đ&atilde; đăng k&yacute; x&eacute;t tuyển v&agrave;o Trường ĐH KHTN dựa tr&ecirc;n kết quả kỳ thi đ&aacute;nh gi&aacute; năng lực do ĐHQG-HCM tổ chức năm 2021&nbsp;<strong>đợt 1</strong>.</li>\n<li><strong>C&oacute; đăng k&yacute;</strong>&nbsp;thi ĐGNL do ĐHQG-HCM tổ chức năm 2021&nbsp;<strong>đợt 2</strong>.</li>\n<li><strong>C&oacute; đăng k&yacute; x&eacute;t tuyển</strong>&nbsp;v&agrave;o Trường ĐH KHTN theo phương thức dựa tr&ecirc;n kết quả kỳ thi ĐGNL do ĐHQG-HCM tổ chức năm 2021&nbsp;<strong>đợt 2</strong>.</li>\n<li>C&oacute; điểm trung b&igrave;nh cộng học lực 3&nbsp;năm học lớp 10, 11 v&agrave; 12 từ 8,0 trở l&ecirc;n.</li>\n<li>C&oacute; đủ sức khỏe để học tập theo quy định hiện h&agrave;nh.</li>\n<li>Th&iacute; sinh chưa nhập học v&agrave;o bất cứ Trường n&agrave;o của năm tuyển sinh 2021.</li>\n</ul>\n<p><strong>2. Số lượng nguyện vọng đăng k&yacute;</strong></p>\n<ul>\n<li>Th&iacute; sinh được đăng k&yacute; tối đa&nbsp;<strong>03 nguyện vọng</strong>&nbsp;v&agrave;o c&aacute;c ng&agrave;nh/nh&oacute;m ng&agrave;nh của Trường ĐH KHTN.</li>\n<li>Nếu th&iacute; sinh đăng k&yacute; hai hoặc ba nguyện vọng v&agrave;o c&aacute;c ng&agrave;nh/nh&oacute;m ng&agrave;nh của Trường ĐH KHTN th&igrave; c&aacute;c nguyện vọng được&nbsp;<strong>sắp xếp theo thứ tự ưu ti&ecirc;n</strong>&nbsp;từ cao xuống thấp (nguyện vọng 1 l&agrave; nguyện vọng cao nhất). Th&iacute; sinh chỉ tr&uacute;ng tuyển v&agrave;o 01 nguyện vọng ưu ti&ecirc;n cao nhất trong danh s&aacute;ch c&aacute;c nguyện vọng đ&atilde; đăng k&yacute;.</li>\n</ul>\n<p><strong>3. Chỉ ti&ecirc;u tuyển sinh:&nbsp;</strong>tối đa<strong>&nbsp;5%&nbsp;</strong>tr&ecirc;n tổng chỉ ti&ecirc;u năm 2021 theo ng&agrave;nh/nh&oacute;m ng&agrave;nh.</p>\n<p><strong>4. Hồ sơ đăng k&yacute; x&eacute;t tuyển gồm</strong></p>\n<ul>\n<li>Phiếu đăng k&yacute; x&eacute;t tuyển (th&iacute; sinh in từ đường link đăng k&yacute; x&eacute;t tuyển tại&nbsp;<strong>mục 8</strong>);</li>\n<li>Bản sao c&oacute; c&ocirc;ng chứng học bạ THPT (đủ tất cả c&aacute;c trang).</li>\n<li>Bản sao c&oacute; c&ocirc;ng chứng Bằng tốt nghiệp THPT hoặc bản photo Giấy chứng nhận tốt nghiệp THPT tạm thời năm 2021 đối với th&iacute; sinh TN THPT năm 2021.</li>\n<li>Bản sao c&oacute; c&ocirc;ng chứng giấy chứng nhận hoặc giấy khen đạt giải thưởng học sinh giỏi cấp Tỉnh/Th&agrave;nh phố hoặc c&oacute; x&aacute;c nhận của trường THPT (nếu c&oacute;).</li>\n<li>Bản sao c&oacute; c&ocirc;ng chứng c&aacute;c chứng chỉ ngoại ngữ quốc tế (nếu c&oacute;).</li>\n</ul>\n<p><strong>5. Ti&ecirc;u ch&iacute; x&eacute;t tuyển theo thứ tự ưu ti&ecirc;n như sau</strong><strong>:</strong></p>\n<ul>\n<li>Điểm xét tuy&ecirc;̉n là đi&ecirc;̉m trung b&igrave;nh cộng học lực 3&nbsp;năm học lớp 10, 11 v&agrave; 12 của các thí sinh.</li>\n<li>Kết hợp với các ti&ecirc;u chí như sau:</li>\n<li>C&oacute; c&aacute;c chứng chỉ ngoại ngữ quốc tế.</li>\n<li>Đạt giải thưởng học sinh giỏi cấp Tỉnh/Th&agrave;nh phố giải Nhất, Nh&igrave;, Ba (chọn giải thưởng cao nhất đạt được ở THPT).</li>\n</ul>\n<p><strong>6. Ng&agrave;nh được x&eacute;t tuy&ecirc;̉n</strong>: Hội đồng tuyển sinh Trường quyết định ng&agrave;nh tr&uacute;ng tuy&ecirc;̉n cho th&iacute; sinh căn cứ v&agrave;o nguyện vọng của th&iacute; sinh, điều kiện chỉ ti&ecirc;u x&eacute;t tuyển v&agrave; điều kiện đảm bảo chất lượng đầu v&agrave;o theo ng&agrave;nh/nh&oacute;m ng&agrave;nh.</p>\n<p><strong>7. Thời gian nộp hồ sơ:&nbsp;</strong>th&iacute; sinh nộp hồ sơ từ&nbsp;<strong>8g00</strong>, ng&agrave;y&nbsp;<strong>30/09/2021</strong>&nbsp;đến&nbsp;<strong>17g00</strong>&nbsp;ng&agrave;y<strong>&nbsp;05/10/2021.</strong></p>\n<p><strong>8. Phương thức nộp hồ sơ:&nbsp;</strong>nộp theo h&igrave;nh thức trực tuyến</p>\n<p>&nbsp;&nbsp;&nbsp; Th&iacute; sinh đăng k&yacute; v&agrave; nộp hồ sơ online theo c&aacute;c bước như sau:</p>\n<ul>\n<li>Bước 1: Truy cập website&nbsp;<a href=\"https://tsdh.hcmus.edu.vn/\">https://tsdh.hcmus.edu.vn/danhsach</a>&nbsp;Chọn link &ldquo;<strong>đăng k&yacute; x&eacute;t tuyển Phương thức 7B&rdquo;</strong>&nbsp;để tạo hồ sơ, đăng k&yacute; nguyện vọng v&agrave; in Phiếu đăng k&yacute; x&eacute;t tuyển.</li>\n<li>Bước 2: Tạo 01 file PDF bằng c&aacute;ch scan (hoặc chụp h&igrave;nh) c&aacute;c giấy tờ trong hồ sơ theo thứ tự tại&nbsp;<strong>Mục 5</strong>. Đặt t&ecirc;n file hồ sơ l&agrave;:&nbsp;<strong>m&atilde; hồ sơ.pdf</strong>&nbsp;(v&iacute; dụ: với m&atilde; hồ sơ tr&ecirc;n Phiếu đăng k&yacute; x&eacute;t tuyển l&agrave; AABBC th&igrave; t&ecirc;n file l&agrave;: AABBC.pdf).</li>\n<li>Bước 3: V&agrave;o trang&nbsp;<a href=\"https://tsdh.hcmus.edu.vn/tracuu\">https://tsdh.hcmus.edu.vn/tracuu</a>, nhập m&atilde; hồ sơ để kiểm tra th&ocirc;ng tin. Sau đ&oacute; chọn chức năng &ldquo;<strong>nộp hồ sơ trực tuyến&rdquo;</strong>&nbsp;để upload hồ sơ đ&atilde; tạo ở Bước 2.</li>\n<li>Bước 4: Tr&ecirc;n form nộp hồ sơ đ&atilde; c&oacute; sẵn th&ocirc;ng tin. Th&iacute; sinh chỉ cần nhập: email, số điện thoại v&agrave; upload file hồ sơ. Th&iacute; sinh sẽ nhận được email x&aacute;c nhận sau khi nộp hồ sơ online th&agrave;nh c&ocirc;ng.</li>\n</ul>\n<p><strong>9. Kết quả tr&uacute;ng tuyển:&nbsp;15giờ&nbsp;</strong>ng&agrave;y<strong>&nbsp;07/10/2021&nbsp;</strong>th&iacute; sinh tra cứu danh s&aacute;ch tr&uacute;ng tuyển tại địa chỉ trang web:&nbsp;<a href=\"https://tsdh.hcmus.edu.vn/ketqua\"><strong>https://</strong><strong>tsdh</strong><strong>.hcmus.edu.vn/ketqua</strong></a></p>\n<p><strong>10. Thời gian x&aacute;c nhận nhập học v&agrave; l&agrave;m thủ tục nhập học:&nbsp;</strong>Dự kiến th&iacute; sinh tr&uacute;ng tuyển sẽ l&agrave;m thủ tục x&aacute;c nhận nhập học v&agrave; nhập học từ ng&agrave;y&nbsp;<strong>08/10/2021</strong>&nbsp;đến&nbsp;<strong>09/10/2021</strong>.</p>\n<p><strong>11. Ng&agrave;y 11/10/2021:&nbsp;</strong>bắt đầu học HK1/2021-2022 (đ&atilde; trễ hơn c&aacute;c sinh vi&ecirc;n kh&aacute;c 01 tuần lễ).</p>\n<div class=\"attachmentsContainer\">&nbsp;</div>\n</div>\n</div>\n</div>\n</div>\n</div>\n</div>\n</div>\n</div>\n</div>\n</div>\n</div>\n</div>\n</div>\n</div>\n</div>\n</section>\n<section id=\"section-id-1600921583289\" class=\"sppb-section\">\n<div class=\"sppb-row-container\">\n<div class=\"sppb-row\">\n<div id=\"column-wrap-id-1600921583290\" class=\"sppb-col-md-12\">\n<div id=\"column-id-1600921583290\" class=\"sppb-column\"></div>\n</div>\n</div>\n</div>\n</section>','2022-06-08 22:26:58','1','6-thong-bao-ve-viec-xet-tuyen-vao-dai-hoc-he-chinh-quy-nam-2021-danh-cho-thi-sinh-thuoc-dien-da-dang-ky-thi-dgnl-do-dhqg-hcm-to-chuc-nam-2021-dot-2','publish','DH','',''),(7,' Phương thức xét tuyển 7B - THÔNG BÁO Kết quả trúng tuyển, các thủ tục xác nhận nhập học và nhập học vào đại học hệ chính quy năm 2021','<section id=\"section-id-1521443296880\" class=\"sppb-section\">\n<div class=\"sppb-row-container\">\n<div class=\"sppb-row\">\n<div id=\"column-wrap-id-1521443296879\" class=\"sppb-col-md-12\">\n<div id=\"column-id-1521443296879\" class=\"sppb-column\">\n<div class=\"sppb-column-addons\">\n<div id=\"sppb-addon-wrapper-1600921583296\" class=\"sppb-addon-wrapper\">\n<div id=\"sppb-addon-1600921583296\" class=\"clearfix \">\n<div class=\"sppb-addon sppb-addon-tab \">\n<div class=\"sppb-addon-content sppb-tab sppb-custom-tab sppb-tab-nav-left\">\n<div class=\"sppb-tab-content sppb-tab-custom-content\">\n<div id=\"sppb-tab1-1\" class=\"sppb-tab-pane sppb-fade active in\" role=\"tabpanel\" aria-labelledby=\"sppb-content1-1\">\n<div id=\"sppb-addon-wrapper-1522121821333\" class=\"sppb-addon-wrapper\">\n<div id=\"sppb-addon-1522121821333\" class=\"clearfix \">\n<div class=\"sppb-addon sppb-addon-text-block 0  \">\n<div class=\"sppb-addon-content\">\n<h2>TH&Ocirc;NG B&Aacute;O</h2>\n<p><strong>Kết quả tr&uacute;ng tuyển, c&aacute;c thủ tục x&aacute;c nhận nhập học v&agrave; nhập học&nbsp;</strong><strong>v&agrave;o đại học hệ ch&iacute;nh quy năm 2021</strong></p>\n<p><strong>d&agrave;nh cho th&iacute; sinh thuộc diện đ&atilde; đăng k&yacute; thi&nbsp;</strong><strong>đ&aacute;nh gi&aacute; năng lực&nbsp;</strong><strong>do ĐHQG-HCM tổ chức năm 2021 đợt 2-&nbsp;</strong><strong>Phương thức x&eacute;t tuyển 7B)</strong></p>\n<p><strong>&nbsp;</strong></p>\n<p><em>Căn cứ&nbsp;</em><em>c&ocirc;ng văn số 3190/BGDĐT-GDĐH ng&agrave;y 30 th&aacute;ng 7 năm 2021 của Bộ Gi&aacute;o dục v&agrave; Đ&agrave;o tạo về c&ocirc;ng t&aacute;c tuyển sinh năm 2021 trong t&igrave;nh h&igrave;nh dịch COVID-19;</em></p>\n<p><em>Căn cứ Đề &aacute;n tuyển sinh tr&igrave;nh độ đại học năm 2021 ng&agrave;y 26 th&aacute;ng 4 năm 2021 của Đại học Quốc Gia Th&agrave;nh phố Hồ Ch&iacute; Minh;</em></p>\n<p><em>Căn cứ th&ocirc;ng b&aacute;o số 26/TB-HĐTS ĐHCQ ng&agrave;y 28 th&aacute;ng 9 năm 2021 của Chủ tịch Hội đồng tuyển sinh Trường Đại học Khoa học Tự nhi&ecirc;n v</em><em>ề việc x&eacute;t tuyển v&agrave;o đại học hệ ch&iacute;nh quy năm 2021&nbsp;</em><em>d&agrave;nh cho th&iacute; sinh&nbsp;</em><em>thuộc diện đ&atilde; đăng k&yacute; thi&nbsp;</em><em>đ&aacute;nh gi&aacute; năng lực do ĐHQG-HCM tổ chức năm 2021 đợt 2-&nbsp;</em><em>Phương thức x&eacute;t tuyển 7B</em><em>;</em></p>\n<p>Hội đồng tuyển sinh Trường Đại học Khoa học Tự nhi&ecirc;n, ĐHQG-HCM th&ocirc;ng b&aacute;o kết quả tr&uacute;ng tuyển v&agrave;o đại học hệ ch&iacute;nh quy năm 2021 d&agrave;nh cho th&iacute; sinh thuộc diện đ&atilde; đăng k&yacute; thi đ&aacute;nh gi&aacute; năng lực do ĐHQG-HCM tổ chức năm 2021 đợt 2 - Phương thức x&eacute;t tuyển 7B như sau:</p>\n<ol>\n<li><strong>Kết quả tr&uacute;ng tuyển: 21giờ00, ng&agrave;y 07/10/2021:&nbsp;</strong>th&iacute; sinh tra cứu kết quả tr&uacute;ng tuyển v&agrave;o bậc đại học hệ ch&iacute;nh quy năm 2021 của Phương thức x&eacute;t tuyển 7B tại địa chỉ trang web&nbsp;<strong><a href=\"https://tsdh.hcmus.edu.vn/\">https://tsdh.hcmus.edu.vn</a>.</strong></li>\n<li><strong>Thời gian l&agrave;m thủ tục x&aacute;c nhận nhập học v&agrave; nhập học</strong>:</li>\n</ol>\n<p>- Từ&nbsp;<strong>8giờ00&nbsp;</strong>ng&agrave;y&nbsp;<strong>8/10/2021</strong>&nbsp;đến&nbsp;<strong>11giờ00</strong>&nbsp;ng&agrave;y&nbsp;<strong>09/10/2021:&nbsp;</strong>th&iacute; sinh l&agrave;m thủ tục x&aacute;c nhận nhập học v&agrave; nhập học.</p>\n<p>- Th&iacute; sinh xem th&ocirc;ng b&aacute;o chi tiết quy định về thủ tục nộp hồ sơ x&aacute;c nhận nhập học v&agrave; nhập học tại c&aacute;c<a href=\"https://tuyensinh.hcmus.edu.vn/attachments/article/95/TB27.%20Trung%20tuyen_2021_PT7B%20.V1.pdf\" target=\"_blank\" rel=\"noopener noreferrer\">&nbsp;Phụ lục đ&iacute;nh k&egrave;m</a>.</p>\n<div class=\"attachmentsContainer\">\n<div id=\"attachmentsList_com_content_article_95\" class=\"attachmentsList\">\n<table><caption>Attachments:</caption>\n<tbody>\n<tr class=\"odd\">\n<td class=\"at_filename\"><a class=\"at_icon\" title=\"Download this file (TB27. Trung tuyen_2021_PT7B .V1.pdf)\" href=\"https://tuyensinh.hcmus.edu.vn/attachments/article/95/TB27.%20Trung%20tuyen_2021_PT7B%20.V1.pdf\"><img src=\"https://tuyensinh.hcmus.edu.vn/media/com_attachments/images/file_icons/pdf.gif\" alt=\"Download this file (TB27. Trung tuyen_2021_PT7B .V1.pdf)\" /></a><a class=\"at_url\" title=\"Download this file (TB27. Trung tuyen_2021_PT7B .V1.pdf)\" href=\"https://tuyensinh.hcmus.edu.vn/attachments/article/95/TB27.%20Trung%20tuyen_2021_PT7B%20.V1.pdf\">TB27. Trung tuyen_2021_PT7B .V1.pdf</a></td>\n<td class=\"at_description\">[&nbsp;]</td>\n<td class=\"at_file_size\">237 kB</td>\n</tr>\n</tbody>\n</table>\n</div>\n</div>\n</div>\n</div>\n</div>\n</div>\n</div>\n</div>\n</div>\n</div>\n</div>\n</div>\n</div>\n</div>\n</div>\n</div>\n</div>\n</section>\n<section id=\"section-id-1600921583289\" class=\"sppb-section\">\n<div class=\"sppb-row-container\">\n<div class=\"sppb-row\">\n<div id=\"column-wrap-id-1600921583290\" class=\"sppb-col-md-12\">\n<div id=\"column-id-1600921583290\" class=\"sppb-column\"></div>\n</div>\n</div>\n</div>\n</section>','2022-06-08 22:26:50','1','7-phuong-thuc-xet-tuyen-7b-thong-bao-ket-qua-trung-tuyen-cac-thu-tuc-xac-nhan-nhap-hoc-va-nhap-hoc-vao-dai-hoc-he-chinh-quy-nam-2021','publish','DH','',''),(8,' Khảo sát ngắn nhằm tìm hiểu sự quan tâm các ngành học của học sinh lớp 12 THPT','<section id=\"section-id-1521443296880\" class=\"sppb-section\">\n<div class=\"sppb-row-container\">\n<div class=\"sppb-row\">\n<div id=\"column-wrap-id-1521443296879\" class=\"sppb-col-md-12\">\n<div id=\"column-id-1521443296879\" class=\"sppb-column\">\n<div class=\"sppb-column-addons\">\n<div id=\"sppb-addon-wrapper-1600921583296\" class=\"sppb-addon-wrapper\">\n<div id=\"sppb-addon-1600921583296\" class=\"clearfix \">\n<div class=\"sppb-addon sppb-addon-tab \">\n<div class=\"sppb-addon-content sppb-tab sppb-custom-tab sppb-tab-nav-left\">\n<div class=\"sppb-tab-content sppb-tab-custom-content\">\n<div id=\"sppb-tab1-1\" class=\"sppb-tab-pane sppb-fade active in\" role=\"tabpanel\" aria-labelledby=\"sppb-content1-1\">\n<div id=\"sppb-addon-wrapper-1522121821333\" class=\"sppb-addon-wrapper\">\n<div id=\"sppb-addon-1522121821333\" class=\"clearfix \">\n<div class=\"sppb-addon sppb-addon-text-block 0  \">\n<div class=\"sppb-addon-content\">\n<p>Th&acirc;n gửi c&aacute;c bạn học sinh lớp 12 quan t&acirc;m đến Trường Đại học Khoa học Tự nhi&ecirc;n, ĐHQG-HCM<br /><br />Đ&acirc;y l&agrave; khảo s&aacute;t ngắn nhằm t&igrave;m hiểu sự quan t&acirc;m c&aacute;c ng&agrave;nh học của học sinh &nbsp;lớp 12 THPT.</p>\n<p><a href=\"https://docs.google.com/forms/d/e/1FAIpQLSeLwakLBwiaxNpy7chj6go_EmzMno1eVWSPT1M6teZtwvdaeQ/viewform\" target=\"_blank\" rel=\"noopener noreferrer\">https://docs.google.com/forms/d/e/1FAIpQLSeLwakLBwiaxNpy7chj6go_EmzMno1eVWSPT1M6teZtwvdaeQ/viewform</a><br /><br />C&aacute;c th&ocirc;ng tin trả lời khảo s&aacute;t chỉ phục vụ cho c&ocirc;ng t&aacute;c tư vấn hướng nghiệp, tư vấn tuyển sinh của Nh&agrave; Trường năm 2022. Rất mong sự hỗ trợ trả lời từ c&aacute;c bạn học sinh THPT.<br /><br />Tr&acirc;n trọng cảm ơn./.</p>\n<p>&nbsp;</p>\n<p>TM. Tổ TVTS</p>\n<p>Ph&ugrave;ng Qu&aacute;n</p>\n</div>\n</div>\n</div>\n</div>\n</div>\n</div>\n</div>\n</div>\n</div>\n</div>\n</div>\n</div>\n</div>\n</div>\n</div>\n</section>\n<section id=\"section-id-1600921583289\" class=\"sppb-section\">\n<div class=\"sppb-row-container\">\n<div class=\"sppb-row\">\n<div id=\"column-wrap-id-1600921583290\" class=\"sppb-col-md-12\">\n<div id=\"column-id-1600921583290\" class=\"sppb-column\"></div>\n</div>\n</div>\n</div>\n</section>','2022-06-08 22:22:07','1','8-khao-sat-ngan-nham-tim-hieu-su-quan-tam-cac-nganh-hoc-cua-hoc-sinh-lop-12-thpt','publish','DH','',''),(14,' Test ','<div>Tesst</div>','2022-06-07 21:46:23','1','test4','publish','','',''),(24,' Test ','<div>Tesst</div>','2022-06-07 21:46:29','1','test1654361360236','publish','','',''),(34,' Test admission','<div>Tesst</div>','2022-06-07 21:44:41','1','test-admission1654361373608','hidden','','',''),(44,'New news','<p>comment</p>','2022-06-07 21:42:22','Admin','new-news-1654638143464','publish','','',''),(54,'new new2','<p>comment 2</p>','2022-06-07 21:43:45','Admin','new-new2-1654638226381','draw','','',''),(74,' Test ','<div>Tesst</div>','2022-04-06 02:03:19','1','test-1655041360267','New','','',''),(84,' Test ','<div>Tesst</div>','2022-04-06 02:03:19','1','test-1655041367738','New','','',''),(94,'Thông báo về phương thức 6: xét tuyển vào các chương trình Tiên tiến và Chất lượng cao bằng phương thức dựa trên kết quả các chứng chỉ ngoại ngữ quốc tế kết hợp với kết quả học tập THPT','<p>Hội đồng tuyển sinh Trường Đại học Khoa học Tự nhi&ecirc;n, ĐHQG-HCM (sau đ&acirc;y gọi tắt l&agrave; Trường ĐH KHTN hoặc Trường) th&ocirc;ng b&aacute;o về việc x&eacute;t tuyển v&agrave;o đại học hệ ch&iacute;nh quy năm 2022 thuộc c&aacute;c chương tr&igrave;nh Ti&ecirc;n tiến v&agrave; Chất lượng cao của Trường bằng phương thức dựa tr&ecirc;n kết quả c&aacute;c chứng chỉ ngoại ngữ quốc tế kết hợp với kết quả học tập THPT như sau:</p>\n<p><strong>1. Đối tượng x&eacute;t tuyển:</strong></p>\n<p>Th&iacute; sinh phải thỏa đồng thời tất cả c&aacute;c điều kiện như sau:</p>\n<p>-&nbsp;&nbsp; Th&iacute; sinh l&agrave; người Việt Nam đ&atilde; học v&agrave; tốt nghiệp THPT theo chương tr&igrave;nh 12 năm của Bộ Gi&aacute;o dục v&agrave; Đ&agrave;o tạo.</p>\n<p>-&nbsp;&nbsp; C&oacute; đủ sức khỏe để học tập theo quy định hiện h&agrave;nh.</p>\n<p>-&nbsp;&nbsp; Hạnh kiểm từ kh&aacute; trở l&ecirc;n trong 03 năm lớp 10, 11 v&agrave; 12.</p>\n<p>-&nbsp;&nbsp; Đạt kết quả xếp loại học sinh giỏi cả 03 năm học lớp 10, 11 v&agrave; 12.</p>\n<p>-&nbsp;&nbsp; C&oacute; chứng chỉ IELTS từ 6.0 trở l&ecirc;n hoặc TOEFL iBT từ 65 trở l&ecirc;n.</p>\n<p><strong>2. Chỉ ti&ecirc;u v&agrave; số lượng nguyện vọng đăng k&yacute; x&eacute;t tuyển</strong></p>\n<p>a)&nbsp;&nbsp; Chỉ ti&ecirc;u x&eacute;t tuyển phương thức n&agrave;y từ 8% đến 15% tr&ecirc;n tổng chỉ ti&ecirc;u theo ng&agrave;nh/nh&oacute;m ng&agrave;nh năm 2022 như sau:</p>\n<table border=\"1\" width=\"652\">\n<thead>\n<tr>\n<td width=\"42\">\n<p><strong>STT</strong></p>\n</td>\n<td width=\"114\">\n<p><strong>M&atilde; ng&agrave;nh</strong></p>\n</td>\n<td width=\"287\">\n<p><strong>T&ecirc;n ng&agrave;nh</strong></p>\n</td>\n<td width=\"104\">\n<p><strong>Tổng chỉ ti&ecirc;u năm 2022</strong></p>\n</td>\n<td width=\"104\">\n<p><strong>Tỉ lệ % phương thức 6</strong></p>\n</td>\n</tr>\n</thead>\n<tbody>\n<tr>\n<td width=\"42\">\n<p>1</p>\n</td>\n<td width=\"114\">\n<p>7420101_CLC</p>\n</td>\n<td width=\"287\">\n<p>Sinh học (Chương tr&igrave;nh Chất lượng cao)</p>\n</td>\n<td width=\"104\">\n<p>80</p>\n</td>\n<td width=\"104\">\n<p>8% -&gt; 15%</p>\n</td>\n</tr>\n<tr>\n<td width=\"42\">\n<p>2</p>\n</td>\n<td width=\"114\">\n<p>7420201_CLC</p>\n</td>\n<td width=\"287\">\n<p>C&ocirc;ng nghệ Sinh học (Chương tr&igrave;nh Chất lượng cao)</p>\n</td>\n<td width=\"104\">\n<p>120</p>\n</td>\n<td width=\"104\">\n<p>8% -&gt; 15%</p>\n</td>\n</tr>\n<tr>\n<td width=\"42\">\n<p>3</p>\n</td>\n<td width=\"114\">\n<p>7440112_CLC</p>\n</td>\n<td width=\"287\">\n<p>H&oacute;a học (Chương tr&igrave;nh Chất lượng cao)</p>\n</td>\n<td width=\"104\">\n<p>120</p>\n</td>\n<td width=\"104\">\n<p>8% -&gt; 15%</p>\n</td>\n</tr>\n<tr>\n<td width=\"42\">\n<p>4</p>\n</td>\n<td width=\"114\">\n<p>7440301_CLC</p>\n</td>\n<td width=\"287\">\n<p>Khoa học M&ocirc;i trường (Chương tr&igrave;nh Chất lượng cao)</p>\n</td>\n<td width=\"104\">\n<p>40</p>\n</td>\n<td width=\"104\">\n<p>8% -&gt; 15%</p>\n</td>\n</tr>\n<tr>\n<td width=\"42\">\n<p>5</p>\n</td>\n<td width=\"114\">\n<p>7480101_TT</p>\n</td>\n<td width=\"287\">\n<p>Khoa học m&aacute;y t&iacute;nh (Chương tr&igrave;nh Ti&ecirc;n tiến)</p>\n</td>\n<td width=\"104\">\n<p>80</p>\n</td>\n<td width=\"104\">\n<p>8% -&gt; 15%</p>\n</td>\n</tr>\n<tr>\n<td width=\"42\">\n<p>6</p>\n</td>\n<td width=\"114\">\n<p>7480201_CLC</p>\n</td>\n<td width=\"287\">\n<p>C&ocirc;ng nghệ th&ocirc;ng tin (Chương tr&igrave;nh Chất lượng cao)</p>\n</td>\n<td width=\"104\">\n<p>450</p>\n</td>\n<td width=\"104\">\n<p>8% -&gt; 15%</p>\n</td>\n</tr>\n<tr>\n<td width=\"42\">\n<p>7</p>\n</td>\n<td width=\"114\">\n<p>7510401_CLC</p>\n</td>\n<td width=\"287\">\n<p>C&ocirc;ng nghệ kỹ thuật Ho&aacute; học (Chương tr&igrave;nh Chất lượng cao)</p>\n</td>\n<td width=\"104\">\n<p>120</p>\n</td>\n<td width=\"104\">\n<p>8% -&gt; 15%</p>\n</td>\n</tr>\n<tr>\n<td width=\"42\">\n<p>8</p>\n</td>\n<td width=\"114\">\n<p>7520207_CLC</p>\n</td>\n<td width=\"287\">\n<p>Kỹ thuật điện tử - viễn th&ocirc;ng (Chương tr&igrave;nh Chất lượng cao)</p>\n</td>\n<td width=\"104\">\n<p>80</p>\n</td>\n<td width=\"104\">\n<p>8% -&gt; 15%</p>\n</td>\n</tr>\n</tbody>\n</table>\n<p>b)&nbsp; Số lượng nguyện vọng đăng k&yacute; x&eacute;t tuyển</p>\n<p>- Th&iacute; sinh được đăng k&yacute; tối đa 03 nguyện vọng v&agrave;o c&aacute;c ng&agrave;nh/nh&oacute;m ng&agrave;nh.</p>\n<p>- Nếu th&iacute; sinh đăng k&yacute; hai hoặc ba nguyện vọng v&agrave;o c&aacute;c ng&agrave;nh/nh&oacute;m ng&agrave;nh th&igrave; c&aacute;c nguyện vọng được sắp xếp theo thứ tự ưu ti&ecirc;n từ cao xuống thấp (nguyện vọng 1 l&agrave; nguyện vọng cao nhất). Th&iacute; sinh chỉ tr&uacute;ng tuyển v&agrave;o 01 nguyện vọng ưu ti&ecirc;n cao nhất trong danh s&aacute;ch c&aacute;c nguyện vọng đ&atilde; đăng k&yacute;.</p>\n<p><strong>3. Hướng dẫn đăng k&yacute;:</strong></p>\n<p>- Bước 1: Truy cập trang th&ocirc;ng tin điện tử của Trường theo địa chỉ&nbsp;<a href=\"https://tsdh.hcmus.edu.vn/\">https://tsdh.hcmus.edu.vn</a>&nbsp;để điền th&ocirc;ng tin đăng k&yacute; x&eacute;t tuyển theo phương thức 6 (tham khảo trước tại Phụ lục 6.1).</p>\n<p>-&nbsp;Bước 2: Sau khi đăng k&yacute; th&agrave;nh c&ocirc;ng, th&iacute; sinh in phiếu đăng k&yacute; x&eacute;t tuyển v&agrave; k&yacute; t&ecirc;n x&aacute;c nhận.</p>\n<p>- Bước 3: Nộp bộ hồ sơ đăng k&yacute; x&eacute;t tuyển cho Trường ĐH KHTN theo quy định của th&ocirc;ng b&aacute;o n&agrave;y.</p>\n<p><strong>4. Hồ sơ đăng k&yacute; v&agrave; lệ ph&iacute; x&eacute;t tuyển</strong></p>\n<p>- Phiếu đăng k&yacute; x&eacute;t tuyển được ho&agrave;n th&agrave;nh v&agrave; in từ hệ thống đăng k&yacute; tại mục 3.</p>\n<p>-&nbsp;Bản sao c&oacute; c&ocirc;ng chứng học bạ THPT (hoặc bản sao học bạ THPT có x&aacute;c nhận của trường THPT).</p>\n<p>- Bản sao c&oacute; c&ocirc;ng chứng chứng chỉ ngoại ngữ;</p>\n<p>- Lệ ph&iacute; x&eacute;t tuyển: 25.000 đồng/1 nguyện vọng.</p>\n<p><strong>5. Thời gian đăng k&yacute; v&agrave; nộp hồ sơ x&eacute;t tuyển, phương thức nộp hồ sơ</strong></p>\n<p>a)&nbsp; Thời gian đăng k&yacute; v&agrave; nộp hồ sơ x&eacute;t tuyển: Từ ng&agrave;y 25/5/2022 đến ng&agrave;y 20/6/2022.</p>\n<p>b)&nbsp; Phương thức nộp hồ sơ:</p>\n<p>- Nộp trực tiếp: Th&iacute; sinh nộp hồ sơ v&agrave; lệ ph&iacute; trực tiếp tại Trường ĐH KHTN theo địa chỉ: số 227 Nguyễn Văn Cừ, P4, Q.5, TP.HCM &ndash; Ph&ograve;ng Đ&agrave;o tạo (nộp trong giờ h&agrave;nh ch&iacute;nh, từ thứ 2 đến thứ 6, buổi s&aacute;ng từ 8giờ00 đến 11giờ00, buổi chiều từ 13giờ30 đến 16giờ30).</p>\n<p>-&nbsp; Nộp qua đường bưu điện chuyển ph&aacute;t nhanh:</p>\n<p>&middot; Hồ sơ: Th&iacute; sinh nộp hồ sơ qua đường bưu điện chuyển ph&aacute;t nhanh theo địa chỉ: Trường ĐH KHTN, Ph&ograve;ng Đ&agrave;o tạo, số 227 Nguyễn Văn Cừ, P4, Q.5, TP.HCM. Trường chỉ nhận hồ sơ trong thời gian quy định căn cứ v&agrave;o dấu x&aacute;c nhận ng&agrave;y nộp của Bưu điện. Trường sẽ hậu kiểm lại hồ sơ khi th&iacute; sinh l&agrave;m thủ tục nhập học.</p>\n<p>&middot; Lệ ph&iacute;: Th&iacute; sinh nộp hồ sơ qua đường bưu điện sẽ nộp lệ ph&iacute; bằng c&aacute;ch chuyển khoản ng&acirc;n h&agrave;ng theo hướng dẫn như sau:</p>\n<p>&nbsp; T&ecirc;n t&agrave;i khoản ng&acirc;n h&agrave;ng (viết đầy đủ): Trường Đại học Khoa học Tự nhi&ecirc;n.</p>\n<p>&nbsp; Số t&agrave;i khoản: 638 020 101 7313, ng&acirc;n h&agrave;ng Agribank, chi nh&aacute;nh B&igrave;nh Thạnh.</p>\n<p>&nbsp; Nội dung chuyển tiền: Th&iacute; sinh ghi đ&uacute;ng thứ tự như sau: Số căn cước c&ocirc;ng d&acirc;n/Số Chứng minh nh&acirc;n d&acirc;n - Họ v&agrave; t&ecirc;n - LPXT PT6 (V&iacute; dụ: 012345678999 - Nguyễn Văn A- LPXT PT6).</p>\n<p><strong>6. Ti&ecirc;u ch&iacute; x&eacute;t tuyển</strong></p>\n<p>- X&eacute;t tuyển dựa v&agrave;o điểm thi TOEFL iBT hoặc điểm thi IELTS đối với chương tr&igrave;nh Ti&ecirc;n tiến v&agrave; Chất lượng cao (x&eacute;t theo bảng quy đổi tương đương đ&iacute;nh k&egrave;m tại Phụ lục 6.2).</p>\n<p>-&nbsp; Kết hợp x&eacute;t điểm trung b&igrave;nh cộng 03 năm học lớp 10, 11 v&agrave; 12.</p>\n<p><strong>7. Ng&agrave;nh được x&eacute;t tuy&ecirc;̉n:</strong>&nbsp;Hội đồng tuyển sinh Trường ĐH KHTN quyết định ng&agrave;nh tr&uacute;ng tuy&ecirc;̉n cho th&iacute; sinh căn cứ v&agrave;o nguyện vọng của th&iacute; sinh v&agrave; điều kiện chỉ ti&ecirc;u x&eacute;t tuyển từng ng&agrave;nh.</p>\n<p><strong>8. C&ocirc;ng bố danh s&aacute;ch đủ điều kiện tr&uacute;ng tuyển</strong></p>\n<p>- Chậm nhất l&agrave; ng&agrave;y 30/6/2022, Trường sẽ c&ocirc;ng bố danh s&aacute;ch th&iacute; sinh đủ điều kiện tr&uacute;ng tuyển tr&ecirc;n trang th&ocirc;ng tin điện tử của trường theo địa chỉ: www.hcmus.edu.vn.</p>\n<p>- Danh s&aacute;ch đủ điều kiện tr&uacute;ng tuyển sẽ được cập nhật l&ecirc;n cổng th&ocirc;ng tin của Bộ Gi&aacute;o dục v&agrave; Đ&agrave;o tạo. Th&iacute; sinh tr&uacute;ng tuyển theo d&otilde;i th&ocirc;ng b&aacute;o của Trường, thực hiện đ&uacute;ng theo quy chế tuyển sinh của Bộ Gi&aacute;o dục v&agrave; Đ&agrave;o tạo để được c&ocirc;ng nhận tr&uacute;ng tuyển ch&iacute;nh thức.</p>\n<p><strong>10. Thời gian x&aacute;c nhận nhập học v&agrave; l&agrave;m thủ tục nhập học:</strong>&nbsp;Theo kế hoạch chung của ĐHQG-HCM, Trường sẽ th&ocirc;ng b&aacute;o sau.</p>\n<div class=\"attachmentsContainer\">\n<div id=\"attachmentsList_com_content_article_100\" class=\"attachmentsList\">\n<table><caption>Attachments:</caption>\n<tbody>\n<tr class=\"odd\">\n<td class=\"at_filename\"><a class=\"at_icon\" title=\"Download this file (TB 04_ TB xet tuyen CC NN quoc te _PT6_2022.pdf)\" href=\"https://tuyensinh.hcmus.edu.vn/attachments/article/100/TB%2004_%20TB%20xet%20tuyen%20CC%20NN%20quoc%20te%20_PT6_2022.pdf\"><img src=\"https://tuyensinh.hcmus.edu.vn/media/com_attachments/images/file_icons/pdf.gif\" alt=\"Download this file (TB 04_ TB xet tuyen CC NN quoc te _PT6_2022.pdf)\" /></a><a class=\"at_url\" title=\"Download this file (TB 04_ TB xet tuyen CC NN quoc te _PT6_2022.pdf)\" href=\"https://tuyensinh.hcmus.edu.vn/attachments/article/100/TB%2004_%20TB%20xet%20tuyen%20CC%20NN%20quoc%20te%20_PT6_2022.pdf\">TB 04_ TB xet tuyen CC NN quoc te _PT6_2022.pdf</a></td>\n<td class=\"at_description\">[&nbsp;]</td>\n<td class=\"at_file_size\">3130 kB</td>\n</tr>\n</tbody>\n</table>\n</div>\n</div>','2022-06-13 23:29:12','Admin','thong-bao-ve-phuong-thuc-6-xet-tuyen-vao-cac-chuong-trinh-tien-tien-va-chat-luong-cao-bang-phuong-thuc-dua-tren-ket-qua-cac-chung-chi-ngoai-ngu-quoc-te-ket-hop-voi-ket-qua-hoc-tap-thpt-1655162952320','draw','DH','',''),(104,'Kết quả trúng tuyển vào đại học hệ chính quy năm 2021 dành cho thí sinh thuộc diện đặc cách tốt nghiệp THPT năm 2021 Phương thức xét tuyển 7','<h2><strong>TH&Ocirc;NG B&Aacute;O</strong></h2>\n<p><strong>Kết quả tr&uacute;ng tuyển v&agrave;o đại học hệ ch&iacute;nh quy năm 2021&nbsp;</strong><strong>d&agrave;nh cho th&iacute; sinh thuộc diện đặc c&aacute;ch tốt nghiệp THPT năm 2021</strong></p>\n<p><strong>Phương thức x&eacute;t tuyển 7</strong></p>\n<p><strong>&nbsp;</strong></p>\n<p><em>Căn cứ&nbsp;</em><em>c&ocirc;ng văn số</em><em>&nbsp;3190</em><em>/BGDĐT-GDĐH ng&agrave;y</em><em>&nbsp;30</em><em>&nbsp;th&aacute;ng 7 năm 2021 của Bộ Gi&aacute;o dục v&agrave; Đ&agrave;o tạo về c&ocirc;ng t&aacute;c tuyển sinh năm 2021 trong t&igrave;nh h&igrave;nh dịch COVID-19;</em></p>\n<p><em>Căn cứ Đề &aacute;n tuyển sinh tr&igrave;nh độ đại học năm 2021 ng&agrave;y 26 th&aacute;ng 4 năm 2021 của Đại học Quốc Gia Th&agrave;nh phố Hồ Ch&iacute; Minh;</em></p>\n<p><em>Căn cứ th&ocirc;ng b&aacute;o số&nbsp;</em><em>18</em><em>/TB-HĐTS ĐHCQ ng&agrave;y&nbsp;</em><em>&nbsp;12</em><em>&nbsp;th&aacute;ng 8 năm 2021 của Chủ tịch Hội đồng tuyển sinh Trường Đại học Khoa học Tự nhi&ecirc;n&nbsp;</em><em>v</em><em>ề việc x&eacute;t tuyển v&agrave;o đại học hệ ch&iacute;nh quy năm 2021&nbsp;</em><em>d&agrave;nh cho th&iacute; sinh thuộc diện đặc c&aacute;ch tốt nghiệp THPT năm 2021 -&nbsp;</em><em>Phương thức x&eacute;t tuyển 7;</em></p>\n<p>Hội đồng tuyển sinh Trường Đại học Khoa học Tự nhi&ecirc;n, ĐHQG-HCM th&ocirc;ng b&aacute;o kết quả tr&uacute;ng tuyển v&agrave;o đại học hệ ch&iacute;nh quy năm 2021 d&agrave;nh cho th&iacute; sinh thuộc diện đặc c&aacute;ch tốt nghiệp THPT năm 2021 - Phương thức x&eacute;t tuyển 7 như sau:</p>\n<ol>\n<li><strong>Kết quả tr&uacute;ng tuyển:&nbsp;15</strong><strong>giờ 00, ng&agrave;y 15/9/2021:&nbsp;</strong>th&iacute; sinh tra cứu kết quả tr&uacute;ng tuyển v&agrave;o bậc đại học hệ ch&iacute;nh quy năm 2021 của Phương thức x&eacute;t tuyển 7 tại địa chỉ trang web&nbsp;<strong><a href=\"https://tsdh.hcmus.edu.vn/\">https://tsdh.hcmus.edu.vn</a>.</strong></li>\n<li><strong>Thời gian l&agrave;m thủ tục x</strong><strong>&aacute;c nhận nhập học</strong><strong>&nbsp;v&agrave; nhập học</strong>:</li>\n</ol>\n<p>- Từ ng&agrave;y&nbsp;<strong>18/9/2021</strong>&nbsp;đến ng&agrave;y&nbsp;<strong>26/9/2021:&nbsp;</strong>th&iacute; sinh l&agrave;m thủ tục x&aacute;c nhận nhập học v&agrave; nhập học.</p>\n<p>- Th&iacute; sinh xem th&ocirc;ng b&aacute;o chi tiết về c&aacute;c thủ tục tr&ecirc;n tại địa chỉ trang web:&nbsp;<a href=\"https://tuyensinh.hcmus.edu.vn/\">https://tuyensinh.hcmus.edu.vn</a>.</p>\n<p>&nbsp;</p>\n<p><strong><em>&nbsp;&nbsp;&nbsp;&nbsp;&nbsp;&nbsp;&nbsp;&nbsp;&nbsp;&nbsp;&nbsp;&nbsp;&nbsp;<u>Lưu &yacute;:</u></em></strong>&nbsp;Th&iacute; sinh c&oacute; thể gửi thắc mắc về địa chỉ email&nbsp;<span id=\"cloak98bfc0e6e329cd38d852aecd798ba4fb\"><a href=\"mailto:pdttuyensinh@hcmus.edu.vn\">pdttuyensinh@hcmus.edu.vn</a></span>, hoặc gọi số điện thoại: 0971522917 để được giải đ&aacute;p./.</p>','2022-06-13 23:30:14','Admin','ket-qua-trung-tuyen-vao-dai-hoc-he-chinh-quy-nam-2021-danh-cho-thi-sinh-thuoc-dien-dac-cach-tot-nghiep-thpt-nam-2021-phuong-thuc-xet-tuyen-7-1655163013742','publish','DH','',''),(114,'Thông báo về Phương thức 2: Ưu tiên xét tuyển thẳng và ưu tiên xét tuyển theo quy định của ĐHQG-HCM','<div class=\"article-header\">\n<h1><img style=\"font-size: 14px;\" src=\"https://tuyensinh.hcmus.edu.vn/images/THNG_TIN_V_PHNG_THC_U_TIN_XT_TUYN_THNG_V_U_TIN_XT_TUYN_THEO_QUY_NH_CA_HQG-HCM_PHNG_THC_2.png\" alt=\"\" /></h1>\n</div>\n<div>\n<p>Hội đồng tuyển sinh Trường Đại học Khoa học Tự nhi&ecirc;n, ĐHQG-HCM (sau đ&acirc;y gọi tắt l&agrave; Trường ĐH KHTN hoặc Trường) th&ocirc;ng b&aacute;o về việc ưu ti&ecirc;n x&eacute;t tuyển thẳng và ưu ti&ecirc;n x&eacute;t tuyển v&agrave;o đại học hệ ch&iacute;nh quy năm 2022 của Trường theo quy định của ĐHQG-HCM như sau:</p>\n<p><strong>I. ƯU TI&Ecirc;N X&Eacute;T TUYỂN THẲNG</strong></p>\n<p><strong>1. Đối tượng ưu ti&ecirc;n x&eacute;t tuyển thẳng (ƯTXTT)</strong>: L&agrave; học sinh thuộc nh&oacute;m 03 học sinh của c&aacute;c trường đ&agrave;o tạo chương tr&igrave;nh gi&aacute;o dục trung học phổ th&ocirc;ng ch&iacute;nh quy (trường Tiểu học-THCS-THPT, trường THCS-THPT, trường THPT, sau đ&acirc;y gọi chung l&agrave; trường THPT) c&oacute; điểm trung b&igrave;nh cộng học lực 3 năm học lớp 10, 11 v&agrave; 12 cao nhất Trường THPT v&agrave; được Hiệu trưởng giới thiệu (hoặc Ph&oacute; Hi&ecirc;̣u trưởng được Hiệu trưởng ủy quyền giới thiệu), đồng thời phải thỏa c&aacute;c điều kiện sau:</p>\n<p>a) Tốt nghiệp THPT năm 2022.</p>\n<p>b) Đạt học lực giỏi v&agrave; hạnh kiểm tốt trong 3 năm học lớp 10, 11 v&agrave; 12.&nbsp;</p>\n<p>c) Chỉ &aacute;p dụng một lần vào năm học sinh tốt nghiệp THPT năm 2022.</p>\n<p><strong>2. Chỉ ti&ecirc;u v&agrave; số lượng nguyện vọng đăng k&yacute; ƯTXTT</strong></p>\n<p>a) Chỉ ti&ecirc;u: từ 1% - 5% chỉ ti&ecirc;u theo ng&agrave;nh/nh&oacute;m ng&agrave;nh.</p>\n<p>b) Số lượng nguyện vọng đăng k&yacute; x&eacute;t tuyển:</p>\n<p>- C&aacute;c th&iacute; sinh được đăng k&yacute; ƯTXTT tối đa 03 nguyện vọng v&agrave;o c&aacute;c nh&oacute;m ng&agrave;nh/ng&agrave;nh của Trường ĐH KHTN (th&iacute; sinh chỉ được nộp cho duy nhất 01 Trường hoặc 01 đơn vị l&agrave; th&agrave;nh vi&ecirc;n của ĐHQG-HCM).</p>\n<p>- C&aacute;c nguyện vọng được sắp xếp theo thứ tự ưu ti&ecirc;n từ cao xuống thấp (nguyện vọng 1 l&agrave; nguyện vọng cao nhất).</p>\n<p><strong>3. Hướng dẫn c&aacute;ch thức đăng k&yacute; ƯTXTT:</strong></p>\n<p>a) Bước 1: Truy cập trang th&ocirc;ng tin điện tử của ĐHQG-HCM để điền th&ocirc;ng tin đăng k&yacute; ƯTXTT địa chỉ đường link: tuyensinh.vnuhcm.edu.vn (tham khảo trước mẫu phiếu đăng k&yacute; tại Phụ lục 2.1).</p>\n<p>b) Bước 2: Sau khi đăng k&yacute; th&agrave;nh c&ocirc;ng, th&iacute; sinh in phiếu đăng k&yacute; ƯTXTT, d&aacute;n ảnh thẻ 4x6 mới nhất trong v&ograve;ng 6 th&aacute;ng, k&yacute; t&ecirc;n v&agrave; l&agrave;m thủ tục xin Hiệu trưởng/Ph&oacute; Hiệu trưởng trường THPT x&aacute;c nhận c&aacute;c th&ocirc;ng tin của th&iacute; sinh đ&atilde; khai tr&ecirc;n phiếu đăng k&yacute; đồng thời việc giới thiệu phải đảm bảo th&iacute; sinh thuộc đ&uacute;ng đối tượng tại khoản 1 mục I th&ocirc;ng b&aacute;o n&agrave;y.</p>\n<p>c) Bước 3: Nộp bộ hồ sơ đăng k&yacute; ƯTXTT cho Trường ĐH KHTN trong theo quy định tại th&ocirc;ng b&aacute;o n&agrave;y.</p>\n<p><strong>4. Hồ sơ đăng k&yacute; v&agrave; lệ ph&iacute; x&eacute;t tuyển</strong></p>\n<p>a) Phiếu đăng k&yacute; x&eacute;t tuyển c&oacute; giới thiệu v&agrave; x&aacute;c nhận của Hiệu trưởng trường THPT về việc đảm bảo c&aacute;c ti&ecirc;u ch&iacute; với nguy&ecirc;n tắc chỉ giới thiệu 01 học sinh thuộc nh&oacute;m 03 học sinh c&oacute; điểm trung b&igrave;nh cộng học lực 3 năm học lớp 10, 11 v&agrave; 12 cao nhất trường THPT. Phiếu n&agrave;y được ho&agrave;n th&agrave;nh v&agrave; in từ hệ thống đăng k&yacute; tại mục 3.</p>\n<p>b) Bản sao học bạ THPT có c&ocirc;ng chứng (hoặc bản sao học bạ THPT có x&aacute;c nhận của trường THPT).</p>\n<p>c) Bản sao c&oacute; c&ocirc;ng chứng giấy chứng nhận hoặc giấy khen đạt giải thưởng học sinh giỏi cấp tỉnh/th&agrave;nh phố trực thuộc trung ương (nếu c&oacute;).</p>\n<p>d) B&agrave;i luận viết tay của th&iacute; sinh về nguyện vọng x&eacute;t tuyển v&agrave;o ng&agrave;nh/nh&oacute;m ng&agrave;nh th&iacute; sinh đăng k&yacute;.</p>\n<p>e) Lệ ph&iacute; x&eacute;t tuyển: 25.000đ/nguyện vọng.</p>\n<p><strong>5. Thời gian đăng k&yacute; v&agrave; nộp hồ sơ x&eacute;t tuyển, phương thức nộp hồ sơ</strong></p>\n<p>a) Thời gian đăng k&yacute; v&agrave; nộp hồ sơ x&eacute;t tuyển: Từ ng&agrave;y 25/5/2022 đến ng&agrave;y 15/6/2022.</p>\n<p>b) Th&iacute; sinh c&oacute; thể nộp hồ sơ theo hai phương thức như sau:</p>\n<p>&bull; Nộp trực tiếp: Th&iacute; sinh nộp trực tiếp hồ sơ v&agrave; lệ ph&iacute; tại Trường ĐH KHTN theo địa chỉ: số 227 Nguyễn Văn Cừ, P4, Q.5, TP.HCM &ndash; Ph&ograve;ng Đ&agrave;o tạo (trong giờ h&agrave;nh ch&iacute;nh, từ thứ 2 đến thứ 6, buổi s&aacute;ng từ 8giờ00 đến 11giờ00, buổi chiều từ 13giờ30 đến 16giờ30).</p>\n<p>&bull;&nbsp; Nộp qua đường bưu điện chuyển ph&aacute;t nhanh:</p>\n<p>+ Hồ sơ: Th&iacute; sinh nộp hồ sơ qua đường bưu điện chuyển ph&aacute;t nhanh theo địa chỉ: Trường ĐH KHTN, Ph&ograve;ng Đ&agrave;o tạo, số 227 Nguyễn Văn Cừ, P4, Q.5, TP.HCM. Trường chỉ nhận hồ sơ trong thời gian quy định căn cứ v&agrave;o dấu x&aacute;c nhận ng&agrave;y gửi hồ sơ của Bưu điện. Trường sẽ hậu kiểm lại hồ sơ khi th&iacute; sinh l&agrave;m thủ tục nhập học.</p>\n<p>+ Lệ ph&iacute;: Th&iacute; sinh nộp hồ sơ qua đường bưu điện sẽ nộp lệ ph&iacute; bằng c&aacute;ch chuyển khoản ng&acirc;n h&agrave;ng theo hướng dẫn như sau:</p>\n<p>&nbsp;T&ecirc;n t&agrave;i khoản ng&acirc;n h&agrave;ng (viết đầy đủ): Trường Đại học Khoa học Tự nhi&ecirc;n.</p>\n<p>&nbsp;Số t&agrave;i khoản: 638 020 101 7313, ng&acirc;n h&agrave;ng Agribank, chi nh&aacute;nh B&igrave;nh Thạnh.</p>\n<p>&nbsp;Nội dung chuyển tiền: Th&iacute; sinh ghi đ&uacute;ng thứ tự như sau: Số căn cước c&ocirc;ng d&acirc;n/Số chứng minh nh&acirc;n d&acirc;n - Họ v&agrave; t&ecirc;n - XT PT2 (V&iacute; dụ: 012345678999 - Nguyễn Văn A- XT PT2).</p>\n<p><strong>6. Ti&ecirc;u ch&iacute; x&eacute;t tuyển</strong></p>\n<p>Điểm xét tuy&ecirc;̉n là đi&ecirc;̉m trung b&igrave;nh cộng học lực 3 năm học lớp 10, 11 v&agrave; 12 của các thí sinh. Trường hợp có nhi&ecirc;̀u thí sinh bằng đi&ecirc;̉m xét tuy&ecirc;̉n trong khi s&ocirc;́ lượng thí sinh vượt quá chỉ ti&ecirc;u, ti&ecirc;u chí phụ sẽ được xem xét l&agrave; giải thưởng học sinh giỏi cấp tỉnh/th&agrave;nh phố trực thuộc trung ương (gồm c&aacute;c giải: giải Nhất, giải Nh&igrave;, hoặc giải Ba (th&iacute; sinh chọn nộp giải thưởng cao nhất đạt được ở THPT).</p>\n<p><strong>7. Ng&agrave;nh được ưu ti&ecirc;n x&eacute;t tuy&ecirc;̉n thẳng</strong>: Hội đồng tuyển sinh Trường ĐH KHTN quyết định ng&agrave;nh được ưu ti&ecirc;n x&eacute;t tuy&ecirc;̉n thẳng cho th&iacute; sinh căn cứ v&agrave;o nguyện vọng của th&iacute; sinh v&agrave; s&ocirc;́ lượng chỉ ti&ecirc;u x&eacute;t tuyển từng ng&agrave;nh.</p>\n<p><strong>II. ƯU TI&Ecirc;N X&Eacute;T TUYỂN</strong></p>\n<p><strong>1. Đối tượng ưu ti&ecirc;n x&eacute;t tuyển (ƯTXT):</strong></p>\n<p>Th&iacute; sinh thuộc đối tượng l&agrave; học sinh của c&aacute;c trường THPT chuy&ecirc;n, năng khiếu c&aacute;c trường đại học, tỉnh/th&agrave;nh phố trực thuộc trung ương tr&ecirc;n to&agrave;n quốc hoặc l&agrave; học sinh của c&aacute;c trường THPT theo ti&ecirc;u ch&iacute; được ĐHQG-HCM quy định năm 2022 (theo danh s&aacute;ch phụ lục 2.2 đ&iacute;nh k&egrave;m) đồng thời c&aacute;c đối tượng n&agrave;y phải thỏa cả 3 điều kiện tại c&aacute;c điểm a, b v&agrave; c như sau:</p>\n<p>a) Tốt nghiệp THPT năm 2022;</p>\n<p>b) Hạnh kiểm tốt trong 03 năm lớp 10, 11 v&agrave; 12;</p>\n<p>c) Đạt kết quả xếp loại học sinh giỏi 03 năm học lớp 10, 11 v&agrave; 12; nếu thí sinh đạt kết quả xếp loại học tập từ loại kh&aacute; trở l&ecirc;n trong 03 năm lớp 10, 11 v&agrave; 12 thì phải có th&ecirc;m 01 trong 03 đi&ecirc;̀u ki&ecirc;̣n như sau:</p>\n<p>i) L&agrave; th&agrave;nh vi&ecirc;n đội tuyển của Trường hoặc tỉnh/th&agrave;nh phố trực thuộc trung ương được cử tham dự kỳ thi học sinh giỏi cấp quốc gia hay cuộc thi khoa học kỹ thuật cấp quốc gia (lưu &yacute; th&agrave;nh vi&ecirc;n của Trường tham gia cuộc thi học sinh giỏi hay cuộc thi khoa học kỹ thuật của tỉnh/th&agrave;nh phố trực thuộc trung ương kh&ocirc;ng được t&iacute;nh);</p>\n<p>ii)&nbsp; Đoạt huy chương V&agrave;ng, Bạc trong Kỳ thi Olympic 30/4;</p>\n<p>iii) Đoạt giải V&ocirc; địch, nhất, nh&igrave;, ba,&nbsp; khuyến kh&iacute;ch kỳ thi ICPC Trung học Phổ th&ocirc;ng quốc gia chỉ khi đăng k&yacute; v&agrave;o c&aacute;c ng&agrave;nh/nh&oacute;m ng&agrave;nh sau: 7480101_TT - Khoa học m&aacute;y t&iacute;nh (CT Ti&ecirc;n tiến) ; 7480201_CLC - C&ocirc;ng nghệ th&ocirc;ng tin (CT Chất lượng cao); 7480201_NN - Nh&oacute;m ng&agrave;nh m&aacute;y t&iacute;nh v&agrave; C&ocirc;ng nghệ th&ocirc;ng tin; 7460101_NN Nh&oacute;m ng&agrave;nh To&aacute;n học, To&aacute;n Ứng dụng, To&aacute;n tin; 7480109 - Khoa học Dữ liệu.</p>\n<p>d) Chỉ &aacute;p dụng một lần v&agrave;o năm học sinh tốt nghiệp THPT năm 2022.</p>\n<p><strong>2. Chỉ ti&ecirc;u v&agrave; số lượng nguyện vọng đăng k&yacute; x&eacute;t tuyển</strong></p>\n<p>a) Chỉ ti&ecirc;u: Tối đa 20% chỉ ti&ecirc;u theo ng&agrave;nh/nh&oacute;m ng&agrave;nh.</p>\n<p>b) Số lượng nguyện vọng đăng k&yacute; x&eacute;t tuyển:</p>\n<p>- Kh&ocirc;ng giới hạn số nguyện vọng đăng k&yacute; v&agrave;o c&aacute;c ng&agrave;nh/nh&oacute;m ng&agrave;nh của Trường ĐH KHTN (xem Danh mục ng&agrave;nh đ&agrave;o tạo tại Phụ lục 2.3).</p>\n<p>- Nếu th&iacute; sinh đăng k&yacute; nhiều hơn hai nguyện vọng v&agrave;o c&aacute;c ng&agrave;nh/nh&oacute;m ng&agrave;nh của Trường ĐH KHTN th&igrave; c&aacute;c nguyện vọng được sắp xếp theo thứ tự ưu ti&ecirc;n từ cao xuống thấp (nguyện vọng 1 l&agrave; nguyện vọng cao nhất). Th&iacute; sinh chỉ tr&uacute;ng tuyển v&agrave;o 01 nguyện vọng ưu ti&ecirc;n cao nhất trong danh s&aacute;ch c&aacute;c nguyện vọng đ&atilde; đăng k&yacute;. Ngo&agrave;i ra, thứ tự ưu ti&ecirc;n nguyện vọng từ cao xuống thấp cũng được t&iacute;nh đến nếu th&iacute; sinh đăng k&yacute; nhiều trường thuộc ĐHQG-HCM.</p>\n<p><strong>3. Hướng dẫn c&aacute;ch thức đăng k&yacute; ƯTXT:</strong></p>\n<p>- Bước 1: Truy cập trang th&ocirc;ng tin điện tử của ĐHQG-HCM để điền th&ocirc;ng tin đăng k&yacute; ƯTXTT địa chỉ đường link: tuyensinh.vnuhcm.edu.vn/tuyensinh (tham khảo trước mẫu phiếu đăng k&yacute; tại Phụ lục 2.4).</p>\n<p>- Bước 2: Sau khi đăng k&yacute; th&agrave;nh c&ocirc;ng, th&iacute; sinh in phiếu đăng k&yacute; ƯTXT, d&aacute;n ảnh thẻ 4x6 mới nhất trong v&ograve;ng 6 th&aacute;ng, k&yacute; t&ecirc;n v&agrave; đề nghị Trường THPT x&aacute;c nhận c&aacute;c th&ocirc;ng tin của th&iacute; sinh đ&atilde; khai tr&ecirc;n phiếu đăng k&yacute;.</p>\n<p>- Bước 3: Nộp bộ hồ sơ đăng k&yacute; ƯTXT cho Trường ĐH KHTN theo quy định tại th&ocirc;ng b&aacute;o n&agrave;y.</p>\n<p><strong>4. Hồ sơ đăng k&yacute; ƯTXT v&agrave; lệ ph&iacute; x&eacute;t tuyển</strong></p>\n<p>a) Phiếu đăng k&yacute; ƯTXT được in từ hệ thống đăng k&yacute; ƯTXT v&agrave; ho&agrave;n th&agrave;nh tại bước 1 v&agrave; bước 2 mục 3;</p>\n<p>b) Một b&agrave;i luận được viết tay tr&ecirc;n giấy A4, tr&igrave;nh b&agrave;y l&yacute; do muốn học tại trường, mối quan t&acirc;m đến ng&agrave;nh học, mục ti&ecirc;u học tập, nghề nghiệp, đ&oacute;ng g&oacute;p cho x&atilde; hội của bản th&acirc;n;</p>\n<p>c) Bản sao có c&ocirc;ng chứng học bạ 3 năm trung học phổ th&ocirc;ng (hoặc c&oacute; x&aacute;c nhận của trường THPT).</p>\n<p>d) Giấy chứng nhận của Hiệu trưởng nếu học sinh l&agrave; th&agrave;nh vi&ecirc;n đội tuyển của trường hoặc tỉnh/th&agrave;nh tham dự kỳ thi học sinh giỏi Quốc gia (nếu c&oacute;);</p>\n<p>e) Bản sao c&oacute; c&ocirc;ng chứng c&aacute;c th&agrave;nh t&iacute;ch đạt được c&oacute; li&ecirc;n quan đến cộng điểm ưu ti&ecirc;n tại mục 6 (nếu c&oacute;);</p>\n<p>f) Lệ ph&iacute; x&eacute;t tuyển: 25.000đ/nguyện vọng.</p>\n<p><em><strong>* Lưu &yacute;: Th&iacute; sinh in số phiếu đăng k&yacute; ƯTXT tương ứng với số lượng trường/đơn vị th&iacute; sinh đ&atilde; đăng k&yacute;.</strong></em></p>\n<p><strong>5. Thời gian đăng k&yacute; v&agrave; nộp hồ sơ x&eacute;t tuyển, phương thức nộp hồ sơ</strong></p>\n<p>a) Thời gian đăng k&yacute; v&agrave; nộp hồ sơ x&eacute;t tuyển: Từ ng&agrave;y 25/5/2022 đến ng&agrave;y 15/6/2022.</p>\n<p>b) Th&iacute; sinh c&oacute; thể nộp hồ sơ theo hai phương thức như sau:</p>\n<p>&bull; Nộp trực tiếp: Th&iacute; sinh nộp hồ sơ v&agrave; lệ ph&iacute; trực tiếp tại Trường ĐH KHTN theo địa chỉ: số 227 Nguyễn Văn Cừ, P4, Q.5, TP.HCM &ndash; Ph&ograve;ng Đ&agrave;o tạo (trong giờ h&agrave;nh ch&iacute;nh, từ thứ 2 đến thứ 6, buổi s&aacute;ng từ 8giờ00 đến 11giờ00, buổi chiều từ 13giờ30 đến 16giờ30 )</p>\n<p>&bull;&nbsp; Nộp qua đường bưu điện chuyển ph&aacute;t nhanh:</p>\n<p>+ Hồ sơ: Th&iacute; sinh nộp hồ sơ qua đường bưu điện chuyển ph&aacute;t nhanh theo địa chỉ: Trường ĐH KHTN, Ph&ograve;ng Đ&agrave;o tạo, số 227 Nguyễn Văn Cừ, P4, Q.5, TP.HCM. Trường chỉ nhận hồ sơ trong thời gian quy định căn cứ v&agrave;o dấu x&aacute;c nhận ng&agrave;y gửi hồ sơ của Bưu điện. Trường sẽ hậu kiểm lại hồ sơ khi th&iacute; sinh l&agrave;m thủ tục nhập học.</p>\n<p>+ Lệ ph&iacute;: Th&iacute; sinh nộp hồ sơ qua đường bưu điện sẽ nộp lệ ph&iacute; bằng c&aacute;ch chuyển khoản ng&acirc;n h&agrave;ng theo hướng dẫn như sau:</p>\n<p>T&ecirc;n t&agrave;i khoản ng&acirc;n h&agrave;ng (viết đầy đủ): Trường Đại học Khoa học Tự nhi&ecirc;n.</p>\n<p>Số t&agrave;i khoản: 638 020 101 7313, ng&acirc;n h&agrave;ng Agribank, chi nh&aacute;nh B&igrave;nh Thạnh.</p>\n<p>Nội dung chuyển tiền: Th&iacute; sinh ghi đ&uacute;ng thứ tự như sau: Số căn cước c&ocirc;ng d&acirc;n/Số chứng minh nh&acirc;n d&acirc;n - Họ v&agrave; t&ecirc;n - LPXT PT2 (V&iacute; dụ: 012345678999 - Nguyễn Văn A- LPXT PT2).</p>\n<p><strong>6. Ti&ecirc;u ch&iacute; x&eacute;t tuyển theo thứ tự ưu ti&ecirc;n như sau:</strong></p>\n<p>- Điểm x&eacute;t tuyển l&agrave; điểm trung b&igrave;nh 03 năm học THPT của c&aacute;c m&ocirc;n (sử dụng điểm tổng kết năm học của m&ocirc;n học năm lớp 10, lớp 11 v&agrave; lớp 12) tương ứng với tổ hợp 03 m&ocirc;n x&eacute;t tuyển của từng ng&agrave;nh (xem bảng tổ hợp m&ocirc;n x&eacute;t tuyển tương ứng với ng&agrave;nh/nh&oacute;m ng&agrave;nh tại phụ lục 2.3) do th&iacute; sinh đăng k&yacute; cộng với điểm ưu ti&ecirc;n x&eacute;t tuyển được quy định như sau:</p>\n<p>&bull; Th&iacute; sinh đoạt giải nh&acirc;́t, nhì, ba trong kỳ thi chọn học sinh giỏi quốc gia đối với c&aacute;c m&ocirc;n c&oacute; trong tổ hợp tuyển sinh của ng&agrave;nh đăng k&yacute; x&eacute;t tuyển (xem bảng tổ hợp m&ocirc;n x&eacute;t tuyển tương ứng với ng&agrave;nh/nh&oacute;m ng&agrave;nh tại phụ lục 2.3) hoặc c&oacute; nội dung m&ocirc;n thi thuộc ng&agrave;nh/ ng&agrave;nh gần với ng&agrave;nh đăng k&yacute; x&eacute;t tuyển: được cộng 0.5 điểm.</p>\n<p>&bull; Th&iacute; sinh đoạt giải nhất, nh&igrave;, ba trong cuộc thi khoa học kỹ thuật cấp quốc gia c&oacute; nội dung cuộc thi thuộc ng&agrave;nh/ng&agrave;nh gần với ng&agrave;nh đăng k&yacute; x&eacute;t tuyển: được cộng 0.5 điểm.</p>\n<p>&bull; Th&iacute; sinh đoạt giải khuyến kh&iacute;ch trong kỳ thi chọn học sinh giỏi quốc gia đối với c&aacute;c m&ocirc;n c&oacute; trong tổ hợp tuyển sinh của ng&agrave;nh đăng k&yacute; x&eacute;t tuyển (xem bảng tổ hợp m&ocirc;n x&eacute;t tuyển tương ứng với ng&agrave;nh/nh&oacute;m ng&agrave;nh tại phụ lục 2.3) hoặc c&oacute; nội dung m&ocirc;n thi thuộc ng&agrave;nh/ng&agrave;nh gần với ng&agrave;nh đăng k&yacute; x&eacute;t tuyển: được cộng 0.4 điểm.</p>\n<p>&bull; Th&iacute; sinh đoạt giải tư trong cuộc thi khoa học kỹ thuật cấp quốc gia c&oacute; nội dung cuộc thi thuộc ng&agrave;nh/ng&agrave;nh gần với ng&agrave;nh đăng k&yacute; x&eacute;t tuyển : được cộng 0.4 điểm.</p>\n<p>&bull; Th&iacute; sinh thi học sinh giỏi cấp tỉnh/th&agrave;nh phố trực thuộc trung ương đoạt giải nhất, nh&igrave; đối với c&aacute;c m&ocirc;n c&oacute; trong tổ hợp tuyển sinh của ng&agrave;nh đăng k&yacute; x&eacute;t tuyển (xem bảng tổ hợp m&ocirc;n x&eacute;t tuyển tương ứng với ng&agrave;nh/nh&oacute;m ng&agrave;nh tại mục 6) hoặc c&oacute; nội dung m&ocirc;n thi thuộc ng&agrave;nh/ng&agrave;nh gần với ng&agrave;nh đăng k&yacute; x&eacute;t tuyển: được cộng 0.3 điểm.</p>\n<p>&bull; Th&iacute; sinh dự thi cuộc thi khoa học kỹ thuật cấp tỉnh/th&agrave;nh phố trực thuộc trung ương đoạt giải nhất, nh&igrave; trong hệ thống tuyển chọn cuộc thi khoa học kỹ thuật quốc gia c&oacute; nội dung cuộc thi thuộc ng&agrave;nh/ng&agrave;nh gần với ng&agrave;nh đăng k&yacute; x&eacute;t tuyển: được cộng 0.3 điểm.</p>\n<p>&bull; Th&iacute; sinh l&agrave; học sinh trường chuy&ecirc;n/năng khiếu trong ba năm lớp 10, 11, 12 thuộc c&aacute;c trường chuy&ecirc;n/năng khiếu trong danh s&aacute;ch c&aacute;c trường ƯTXT của ĐHQG: được cộng 0.2 điểm.</p>\n<p>- Trường hợp th&iacute; sinh thỏa nhiều điều kiện ưu ti&ecirc;n, th&iacute; sinh chỉ được cộng một loại điểm ưu ti&ecirc;n cao nhất;</p>\n<p>- Khi c&aacute;c th&iacute; sinh c&oacute; điểm bằng nhau trong khi s&ocirc;́ lượng thí sinh vượt chỉ ti&ecirc;u thì ti&ecirc;u chí phụ sẽ dựa tr&ecirc;n chất lượng của b&agrave;i luận của th&iacute; sinh.</p>\n<p>* Lưu &yacute;: C&aacute;c th&iacute; sinh kh&ocirc;ng thuộc diện được cộng điểm ưu ti&ecirc;n như tr&ecirc;n sẽ được x&eacute;t tuyển dựa tr&ecirc;n điểm trung b&igrave;nh 03 năm học THPT của c&aacute;c m&ocirc;n (sử dụng điểm tổng kết năm học của m&ocirc;n học năm lớp 10, lớp 11 v&agrave; lớp 12) tương ứng với tổ hợp 03 m&ocirc;n x&eacute;t tuyển của từng ng&agrave;nh do th&iacute; sinh đăng k&yacute; c&oacute; trong Phụ lục 2.3 đ&iacute;nh k&egrave;m th&ocirc;ng b&aacute;o n&agrave;y.</p>\n<p><strong>7. Ng&agrave;nh được ưu ti&ecirc;n x&eacute;t tuy&ecirc;̉n:</strong>&nbsp;Hội đồng tuyển sinh Trường ĐH KHTN quyết định ng&agrave;nh được ưu ti&ecirc;n x&eacute;t tuy&ecirc;̉n cho th&iacute; sinh căn cứ v&agrave;o nguyện vọng của th&iacute; sinh v&agrave; điều kiện chỉ ti&ecirc;u x&eacute;t tuyển từng ng&agrave;nh.</p>\n<p><strong>III.C&Ocirc;NG B&Ocirc;́ DANH SÁCH TRÚNG TUY&Ecirc;̉N, XÁC NH&Acirc;̣N NH&Acirc;̣P HỌC VÀ NH&Acirc;̣P HỌC</strong></p>\n<p><strong>1. C&ocirc;ng bố danh s&aacute;ch đủ điều kiện tr&uacute;ng tuyển</strong></p>\n<p>- Chậm nhất l&agrave; ng&agrave;y 30/6/2022, Trường sẽ c&ocirc;ng bố danh s&aacute;ch th&iacute; sinh đủ điều kiện được ưu ti&ecirc;n x&eacute;t tuyển thẳng và ưu ti&ecirc;n x&eacute;t tuyển tr&ecirc;n trang th&ocirc;ng tin điện tử của trường theo địa chỉ: www.hcmus.edu.vn.</p>\n<p>- Danh s&aacute;ch đủ điều kiện tr&uacute;ng tuyển sẽ được cập nhật l&ecirc;n cổng th&ocirc;ng tin của Bộ Gi&aacute;o dục v&agrave; Đ&agrave;o tạo. Th&iacute; sinh tr&uacute;ng tuyển theo d&otilde;i th&ocirc;ng b&aacute;o của Trường, thực hiện đ&uacute;ng theo quy chế tuyển sinh của Bộ Gi&aacute;o dục v&agrave; Đ&agrave;o tạo để được c&ocirc;ng nhận tr&uacute;ng tuyển ch&iacute;nh thức.</p>\n<p><strong>2. Thời gian x&aacute;c nhận nhập học v&agrave; l&agrave;m thủ tục nhập học:</strong>&nbsp;Theo kế hoạch chung của ĐHQG-HCM, Trường sẽ th&ocirc;ng b&aacute;o sau.</p>\n<div class=\"attachmentsContainer\">\n<div id=\"attachmentsList_com_content_article_97\" class=\"attachmentsList\">\n<table><caption>Attachments:</caption>\n<tbody>\n<tr class=\"odd\">\n<td class=\"at_filename\"><a class=\"at_icon\" title=\"Download this file (TB 01 _ TB UTXTT-UTXT DHQG_PT2_ 2022.pdf)\" href=\"https://tuyensinh.hcmus.edu.vn/attachments/article/97/TB%2001%20_%20TB%20UTXTT-UTXT%20DHQG_PT2_%202022.pdf\"><img src=\"https://tuyensinh.hcmus.edu.vn/media/com_attachments/images/file_icons/pdf.gif\" alt=\"Download this file (TB 01 _ TB UTXTT-UTXT DHQG_PT2_ 2022.pdf)\" /></a><a class=\"at_url\" title=\"Download this file (TB 01 _ TB UTXTT-UTXT DHQG_PT2_ 2022.pdf)\" href=\"https://tuyensinh.hcmus.edu.vn/attachments/article/97/TB%2001%20_%20TB%20UTXTT-UTXT%20DHQG_PT2_%202022.pdf\">Th&ocirc;ng b&aacute;o phương thức 2</a></td>\n<td class=\"at_description\">[&nbsp;]</td>\n<td class=\"at_file_size\">10765 kB</td>\n</tr>\n</tbody>\n</table>\n</div>\n</div>\n</div>','2022-06-14 09:42:05','Admin','thong-bao-ve-phuong-thuc-2-uu-tien-xet-tuyen-thang-va-uu-tien-xet-tuyen-theo-quy-dinh-cua-dhqg-hcm-1655199726532','publish','DH','',''),(124,'Thông báo về Phương thức 4: Dựa trên kết quả kỳ thi đánh giá năng lực do ĐHQG-HCM tổ chức năm 2022','<div class=\"article-header\">\n<h1><img style=\"font-size: 14px;\" src=\"https://tuyensinh.hcmus.edu.vn/images/THNG_TIN_V_PHNG_THC_U_TIN_XT_TUYN_THNG_V_U_TIN_XT_TUYN_THEO_QUY_NH_CA_HQG-HCM_PHNG_THC_2_1.png\" alt=\"\" /></h1>\n</div>\n<div>\n<p>Hội đồng tuyển sinh Trường Đại học Khoa học Tự nhi&ecirc;n, ĐHQG-HCM (sau đ&acirc;y gọi tắt l&agrave; Trường ĐH KHTN hoặc Trường) th&ocirc;ng b&aacute;o về việc x&eacute;t tuyển đại học hệ ch&iacute;nh quy dựa tr&ecirc;n kết quả kỳ thi đ&aacute;nh gi&aacute; năng lực do ĐHQG-HCM tổ chức năm 2022 như sau:</p>\n<ol>\n<li><strong>Đối tượng được tham gia x&eacute;t tuyển</strong></li>\n</ol>\n<p>- Đ&atilde; tốt nghiệp THPT (theo h&igrave;nh thức gi&aacute;o dục ch&iacute;nh quy hoặc gi&aacute;o dục thường xuy&ecirc;n) hoặc đ&atilde; tốt nghiệp trung cấp, sau đ&acirc;y gọi chung l&agrave; tốt nghiệp trung học; Người tốt nghiệp trung cấp nhưng chưa c&oacute; bằng tốt nghiệp THPT phải học v&agrave; được c&ocirc;ng nhận ho&agrave;n th&agrave;nh c&aacute;c m&ocirc;n văn h&oacute;a trong chương tr&igrave;nh gi&aacute;o dục THPT theo quy định của Bộ Gi&aacute;o dục v&agrave; Đ&agrave;o tạo.</p>\n<p>- C&oacute; tham dự kỳ thi đ&aacute;nh gi&aacute; năng lực do ĐHQG-HCM tổ chức năm 2022.</p>\n<p>- Có đủ sức khoẻ đ&ecirc;̉ học tập theo quy định hiện hành.</p>\n<ol start=\"2\">\n<li><strong>Số lượng nguyện vọng đăng k&yacute;</strong></li>\n</ol>\n<p>- Kh&ocirc;ng giới hạn số nguyện vọng đăng k&yacute; v&agrave;o c&aacute;c ng&agrave;nh/nh&oacute;m ng&agrave;nh của Trường ĐH KHTN.</p>\n<p>- Nếu th&iacute; sinh đăng k&yacute; nhiều hơn hai nguyện vọng v&agrave;o c&aacute;c ng&agrave;nh/nh&oacute;m ng&agrave;nh của Trường ĐH KHTN th&igrave; c&aacute;c nguyện vọng được sắp xếp theo thứ tự ưu ti&ecirc;n từ cao xuống thấp (nguyện vọng 1 l&agrave; nguyện vọng cao nhất). Th&iacute; sinh chỉ tr&uacute;ng tuyển v&agrave;o 01 nguyện vọng ưu ti&ecirc;n cao nhất trong danh s&aacute;ch c&aacute;c nguyện vọng đ&atilde; đăng k&yacute;. Ngo&agrave;i ra, thứ tự ưu ti&ecirc;n nguyện vọng từ cao xuống thấp cũng được t&iacute;nh đến nếu th&iacute; sinh đăng k&yacute; nhiều trường thuộc ĐHQG-HCM.</p>\n<ol start=\"3\">\n<li><strong>Chỉ ti&ecirc;u phương thức đ&aacute;nh gi&aacute; năng lực của ng&agrave;nh/nh&oacute;m ng&agrave;nh theo bảng sau đ&acirc;y:</strong></li>\n</ol>\n<table border=\"2\" width=\"709\">\n<thead>\n<tr>\n<td rowspan=\"2\">\n<p><strong>STT</strong></p>\n</td>\n<td rowspan=\"2\">\n<p><strong>M&atilde; ng&agrave;nh</strong></p>\n</td>\n<td rowspan=\"2\">\n<p><strong>T&ecirc;n ng&agrave;nh</strong></p>\n</td>\n<td rowspan=\"2\">\n<p><strong>Tổng chỉ ti&ecirc;u năm 2022 của c&aacute;c phương thức x&eacute;t tuyển</strong></p>\n</td>\n<td colspan=\"2\">\n<p><strong>Phương thức đ&aacute;nh gi&aacute; năng lực năm 2022</strong></p>\n</td>\n</tr>\n<tr>\n<td>\n<p><strong>Tỉ lệ %/tổng chỉ ti&ecirc;u theo ng&agrave;nh</strong></p>\n</td>\n<td>\n<p><strong>Số chỉ ti&ecirc;u</strong></p>\n</td>\n</tr>\n</thead>\n<tbody>\n<tr>\n<td>\n<p>1</p>\n</td>\n<td>\n<p>7420101</p>\n</td>\n<td>\n<p>Sinh học</p>\n</td>\n<td>\n<p>220</p>\n</td>\n<td>\n<p>40</p>\n</td>\n<td>\n<p>88</p>\n</td>\n</tr>\n<tr>\n<td>\n<p>2</p>\n</td>\n<td>\n<p>7420101_CLC</p>\n</td>\n<td>\n<p>Sinh học (Chương tr&igrave;nh Chất lượng cao)</p>\n</td>\n<td>\n<p>80</p>\n</td>\n<td>\n<p>40</p>\n</td>\n<td>\n<p>32</p>\n</td>\n</tr>\n<tr>\n<td>\n<p>3</p>\n</td>\n<td>\n<p>7420201</p>\n</td>\n<td>\n<p>C&ocirc;ng nghệ Sinh học</p>\n</td>\n<td>\n<p>200</p>\n</td>\n<td>\n<p>40</p>\n</td>\n<td>\n<p>80</p>\n</td>\n</tr>\n<tr>\n<td>\n<p>4</p>\n</td>\n<td>\n<p>7420201_CLC</p>\n</td>\n<td>\n<p>C&ocirc;ng nghệ Sinh học (Chương tr&igrave;nh Chất lượng cao)</p>\n</td>\n<td>\n<p>120</p>\n</td>\n<td>\n<p>40</p>\n</td>\n<td>\n<p>48</p>\n</td>\n</tr>\n<tr>\n<td>\n<p>5</p>\n</td>\n<td>\n<p>7440102</p>\n</td>\n<td>\n<p>Vật l&yacute; học</p>\n</td>\n<td>\n<p>200</p>\n</td>\n<td>\n<p>40</p>\n</td>\n<td>\n<p>80</p>\n</td>\n</tr>\n<tr>\n<td>\n<p>6</p>\n</td>\n<td>\n<p>7440112</p>\n</td>\n<td>\n<p>Ho&aacute; học</p>\n</td>\n<td>\n<p>220</p>\n</td>\n<td>\n<p>40</p>\n</td>\n<td>\n<p>88</p>\n</td>\n</tr>\n<tr>\n<td>\n<p>7</p>\n</td>\n<td>\n<p>7440112_CLC</p>\n</td>\n<td>\n<p>H&oacute;a học (Chương tr&igrave;nh Chất lượng cao)</p>\n</td>\n<td>\n<p>120</p>\n</td>\n<td>\n<p>40</p>\n</td>\n<td>\n<p>48</p>\n</td>\n</tr>\n<tr>\n<td>\n<p>8</p>\n</td>\n<td>\n<p>7440122</p>\n</td>\n<td>\n<p>Khoa học Vật liệu</p>\n</td>\n<td>\n<p>145</p>\n</td>\n<td>\n<p>40</p>\n</td>\n<td>\n<p>58</p>\n</td>\n</tr>\n<tr>\n<td>\n<p>9</p>\n</td>\n<td>\n<p>7440201</p>\n</td>\n<td>\n<p>Địa chất học</p>\n</td>\n<td>\n<p>50</p>\n</td>\n<td>\n<p>40</p>\n</td>\n<td>\n<p>20</p>\n</td>\n</tr>\n<tr>\n<td>\n<p>10</p>\n</td>\n<td>\n<p>7440228</p>\n</td>\n<td>\n<p>Hải dương học</p>\n</td>\n<td>\n<p>50</p>\n</td>\n<td>\n<p>60</p>\n</td>\n<td>\n<p>30</p>\n</td>\n</tr>\n<tr>\n<td>\n<p>11</p>\n</td>\n<td>\n<p>7440301</p>\n</td>\n<td>\n<p>Khoa học M&ocirc;i trường</p>\n</td>\n<td>\n<p>140</p>\n</td>\n<td>\n<p>40</p>\n</td>\n<td>\n<p>56</p>\n</td>\n</tr>\n<tr>\n<td>\n<p>12</p>\n</td>\n<td>\n<p>7440301_CLC</p>\n</td>\n<td>\n<p>Khoa học M&ocirc;i trường (Chương tr&igrave;nh Chất lượng cao)</p>\n</td>\n<td>\n<p>40</p>\n</td>\n<td>\n<p>40</p>\n</td>\n<td>\n<p>16</p>\n</td>\n</tr>\n<tr>\n<td>\n<p>13</p>\n</td>\n<td>\n<p>7460101_NN</p>\n</td>\n<td>\n<p>Nh&oacute;m Ng&agrave;nh To&aacute;n học, To&aacute;n tin, To&aacute;n ứng dụng</p>\n</td>\n<td>\n<p>210</p>\n</td>\n<td>\n<p>40</p>\n</td>\n<td>\n<p>84</p>\n</td>\n</tr>\n<tr>\n<td>\n<p>14</p>\n</td>\n<td>\n<p>7480101_TT</p>\n</td>\n<td>\n<p>Khoa học m&aacute;y t&iacute;nh (Chương tr&igrave;nh Ti&ecirc;n tiến)</p>\n</td>\n<td>\n<p>80</p>\n</td>\n<td>\n<p>40</p>\n</td>\n<td>\n<p>32</p>\n</td>\n</tr>\n<tr>\n<td>\n<p>15</p>\n</td>\n<td>\n<p>7480109</p>\n</td>\n<td>\n<p>Khoa học dữ liệu</p>\n</td>\n<td>\n<p>90</p>\n</td>\n<td>\n<p>40</p>\n</td>\n<td>\n<p>36</p>\n</td>\n</tr>\n<tr>\n<td>\n<p>16</p>\n</td>\n<td>\n<p>7480201_CLC</p>\n</td>\n<td>\n<p>C&ocirc;ng nghệ th&ocirc;ng tin (Chương tr&igrave;nh Chất lượng cao)</p>\n</td>\n<td>\n<p>450</p>\n</td>\n<td>\n<p>40</p>\n</td>\n<td>\n<p>180</p>\n</td>\n</tr>\n<tr>\n<td>\n<p>17</p>\n</td>\n<td>\n<p>7480201_NN</p>\n</td>\n<td>\n<p>Nh&oacute;m ng&agrave;nh m&aacute;y t&iacute;nh v&agrave; C&ocirc;ng nghệ th&ocirc;ng tin</p>\n</td>\n<td>\n<p>450</p>\n</td>\n<td>\n<p>40</p>\n</td>\n<td>\n<p>180</p>\n</td>\n</tr>\n<tr>\n<td>\n<p>18</p>\n</td>\n<td>\n<p>7510401_CLC</p>\n</td>\n<td>\n<p>C&ocirc;ng nghệ kỹ thuật Ho&aacute; học (Chương tr&igrave;nh Chất lượng cao)</p>\n</td>\n<td>\n<p>120</p>\n</td>\n<td>\n<p>40</p>\n</td>\n<td>\n<p>48</p>\n</td>\n</tr>\n<tr>\n<td>\n<p>19</p>\n</td>\n<td>\n<p>7510402</p>\n</td>\n<td>\n<p>C&ocirc;ng nghệ Vật liệu</p>\n</td>\n<td>\n<p>55</p>\n</td>\n<td>\n<p>40</p>\n</td>\n<td>\n<p>22</p>\n</td>\n</tr>\n<tr>\n<td>\n<p>20</p>\n</td>\n<td>\n<p>7510406</p>\n</td>\n<td>\n<p>C&ocirc;ng nghệ Kỹ thuật M&ocirc;i trường</p>\n</td>\n<td>\n<p>120</p>\n</td>\n<td>\n<p>40</p>\n</td>\n<td>\n<p>48</p>\n</td>\n</tr>\n<tr>\n<td>\n<p>21</p>\n</td>\n<td>\n<p>7520207</p>\n</td>\n<td>\n<p>Kỹ thuật điện tử - viễn th&ocirc;ng</p>\n</td>\n<td>\n<p>160</p>\n</td>\n<td>\n<p>40</p>\n</td>\n<td>\n<p>64</p>\n</td>\n</tr>\n<tr>\n<td>\n<p>22</p>\n</td>\n<td>\n<p>7520207_CLC</p>\n</td>\n<td>\n<p>Kỹ thuật điện tử - viễn th&ocirc;ng (Chương tr&igrave;nh Chất lượng cao)</p>\n</td>\n<td>\n<p>80</p>\n</td>\n<td>\n<p>40</p>\n</td>\n<td>\n<p>32</p>\n</td>\n</tr>\n<tr>\n<td>\n<p>23</p>\n</td>\n<td>\n<p>7520402</p>\n</td>\n<td>\n<p>Kỹ thuật hạt nh&acirc;n</p>\n</td>\n<td>\n<p>50</p>\n</td>\n<td>\n<p>40</p>\n</td>\n<td>\n<p>20</p>\n</td>\n</tr>\n<tr>\n<td>\n<p>24</p>\n</td>\n<td>\n<p>7520403</p>\n</td>\n<td>\n<p>Vật l&yacute; Y khoa</p>\n</td>\n<td>\n<p>40</p>\n</td>\n<td>\n<p>40</p>\n</td>\n<td>\n<p>16</p>\n</td>\n</tr>\n<tr>\n<td>\n<p>25</p>\n</td>\n<td>\n<p>7520501</p>\n</td>\n<td>\n<p>Kỹ thuật địa chất</p>\n</td>\n<td>\n<p>30</p>\n</td>\n<td>\n<p>60</p>\n</td>\n<td>\n<p>18</p>\n</td>\n</tr>\n<tr>\n<td>\n<p>26</p>\n</td>\n<td>\n<p>7850101</p>\n</td>\n<td>\n<p>Quản l&yacute; t&agrave;i nguy&ecirc;n v&agrave; m&ocirc;i trường</p>\n</td>\n<td>\n<p>80</p>\n</td>\n<td>\n<p>40</p>\n</td>\n<td>\n<p>32</p>\n</td>\n</tr>\n</tbody>\n</table>\n<p>&nbsp;</p>\n<ol>\n<li><strong>C&aacute;ch thức đăng k&yacute; x&eacute;t tuyển:</strong>&nbsp;Th&iacute; sinh truy cập trang th&ocirc;ng tin điện tử của ĐHQG-HCM theo địa chỉ: thinangluc.vnuhcm.edu.vn v&agrave; thực hiện thủ tục đăng k&yacute; x&eacute;t tuyển theo phương thức n&agrave;y.</li>\n<li><strong>Lệ ph&iacute; đăng k&yacute; x&eacute;t tuyển:</strong>&nbsp;25.000đ/nguyện vọng.</li>\n<li><strong>Thời gian đăng k&yacute; x&eacute;t tuyển:</strong>&nbsp;Th&iacute; sinh đăng k&yacute; x&eacute;t tuyển theo kế hoạch của ĐHQG-HCM.</li>\n<li><strong>Điểm x&eacute;t tuyển</strong></li>\n</ol>\n<p>Điểm x&eacute;t tuyển l&agrave; tổng điểm của b&agrave;i thi đ&aacute;nh gi&aacute; năng lực cộng với điểm ưu ti&ecirc;n đối tượng v&agrave; khu vực theo quy định của ĐHQG-HCM. Hội đồng tuyển sinh sẽ quyết định điểm chuẩn tr&uacute;ng tuyển căn cứ theo hai ti&ecirc;u ch&iacute; sau:</p>\n<p>- Điểm chuẩn phải đảm bảo chất lượng đầu v&agrave;o đối với từng ng&agrave;nh/nh&oacute;m ng&agrave;nh.</p>\n<p>- Chỉ ti&ecirc;u của ng&agrave;nh/nh&oacute;m ng&agrave;nh theo bảng số 1 như tr&ecirc;n.</p>\n<ol start=\"5\">\n<li><strong>C&ocirc;ng bố danh s&aacute;ch đủ điều kiện tr&uacute;ng tuyển</strong></li>\n</ol>\n<p>- Chậm nhất l&agrave; ng&agrave;y 30/6/2022, Trường sẽ c&ocirc;ng bố danh s&aacute;ch th&iacute; sinh đủ điều kiện tr&uacute;ng tuyển tr&ecirc;n trang th&ocirc;ng tin điện tử của trường theo địa chỉ:&nbsp; www.hcmus.edu.vn.</p>\n<p>- Danh s&aacute;ch đủ điều kiện tr&uacute;ng tuyển sẽ được cập nhật l&ecirc;n cổng th&ocirc;ng tin của Bộ Gi&aacute;o dục v&agrave; Đ&agrave;o tạo. Th&iacute; sinh tr&uacute;ng tuyển theo d&otilde;i th&ocirc;ng b&aacute;o của Trường, thực hiện đ&uacute;ng theo quy chế tuyển sinh của Bộ Gi&aacute;o dục v&agrave; Đ&agrave;o tạo để được c&ocirc;ng nhận tr&uacute;ng tuyển ch&iacute;nh thức.</p>\n<ol start=\"6\">\n<li><strong>Thời gian x&aacute;c nhận nhập học v&agrave; l&agrave;m thủ tục nhập học:</strong>&nbsp;Theo kế hoạch chung của ĐHQG-HCM, Trường sẽ th&ocirc;ng b&aacute;o sau.</li>\n</ol>\n<div class=\"attachmentsContainer\">\n<div id=\"attachmentsList_com_content_article_98\" class=\"attachmentsList\">\n<table><caption>Attachments:</caption>\n<tbody>\n<tr class=\"odd\">\n<td class=\"at_filename\"><a class=\"at_icon\" title=\"Download this file (TB 02_TB xet tuyen DGNL_PT4_2022.pdf)\" href=\"https://tuyensinh.hcmus.edu.vn/attachments/article/98/TB%2002_TB%20xet%20tuyen%20DGNL_PT4_2022.pdf\"><img src=\"https://tuyensinh.hcmus.edu.vn/media/com_attachments/images/file_icons/pdf.gif\" alt=\"Download this file (TB 02_TB xet tuyen DGNL_PT4_2022.pdf)\" /></a><a class=\"at_url\" title=\"Download this file (TB 02_TB xet tuyen DGNL_PT4_2022.pdf)\" href=\"https://tuyensinh.hcmus.edu.vn/attachments/article/98/TB%2002_TB%20xet%20tuyen%20DGNL_PT4_2022.pdf\">TB 02_TB xet tuyen DGNL_PT4_2022.pdf</a></td>\n<td class=\"at_description\">[&nbsp;]</td>\n<td class=\"at_file_size\">1753 kB</td>\n</tr>\n</tbody>\n</table>\n</div>\n</div>\n</div>','2022-06-14 09:44:51','Admin','thong-bao-ve-phuong-thuc-4-dua-tren-ket-qua-ky-thi-danh-gia-nang-luc-do-dhqg-hcm-to-chuc-nam-2022-1655199892652','publish','DH','',''),(134,'Thông báo về phương thức 5: Dựa trên kết quả các kỳ thi quốc tế','<div class=\"article-header\">&nbsp;</div>\n<div class=\"title-botom-wrapper\">\n<div class=\"article-info\"><img src=\"https://tuyensinh.hcmus.edu.vn/images/THNG_TIN_V_PHNG_THC_U_TIN_XT_TUYN_THNG_V_U_TIN_XT_TUYN_THEO_QUY_NH_CA_HQG-HCM_PHNG_THC_2_3.png\" alt=\"\" /></div>\n</div>\n<div>\n<p>Hội đồng tuyển sinh Trường Đại học Khoa học Tự nhi&ecirc;n, ĐHQG-HCM (sau đ&acirc;y gọi tắt l&agrave; Trường ĐH KHTN hoặc Trường) th&ocirc;ng b&aacute;o về việc x&eacute;t tuyển v&agrave;o đại học hệ ch&iacute;nh quy năm 2022 của Trường bằng phương thức dựa tr&ecirc;n kết quả c&aacute;c kỳ thi quốc tế theo quy định của ĐHQG-HCM như sau:</p>\n<p><strong>1. Đối tượng x&eacute;t tuyển:</strong></p>\n<p>Th&iacute; sinh phải thỏa đồng thời tất cả c&aacute;c điều kiện chung v&agrave; điều kiện ri&ecirc;ng theo đối tượng như sau:</p>\n<p>a) Điều kiện chung:</p>\n<p>- Đ&atilde; tốt nghiệp THPT theo chương tr&igrave;nh của nước ngo&agrave;i.</p>\n<p>- C&oacute; đủ sức khỏe để học tập theo quy định hiện h&agrave;nh.</p>\n<p>- Hạnh kiểm từ kh&aacute; trở l&ecirc;n trong 03 năm cuối cấp THPT.</p>\n<p><strong>b) Điều kiện ri&ecirc;ng đối với th&iacute; sinh l&agrave; người Việt Nam học Trường nước ngo&agrave;i tại Việt Nam hay tại nước ngo&agrave;i:</strong></p>\n<p>- Chương tr&igrave;nh THPT th&iacute; sinh theo học v&agrave; được cấp bằng THPT phải được c&ocirc;ng nhận tại nước sở tại.</p>\n<p>- C&oacute; chứng chỉ IELTS từ 5.5 trở l&ecirc;n hay TOEFL iBT từ 50 trở l&ecirc;n (chứng chỉ phải c&ograve;n thời hạn t&iacute;nh đến thời điểm nộp hồ sơ x&eacute;t tuyển).</p>\n<p>- Th&iacute; sinh tốt nghiệp tại Việt Nam th&igrave; chương tr&igrave;nh c&oacute; yếu tố nước ngo&agrave;i phải được Sở Gi&aacute;o dục v&agrave; Đ&agrave;o tạo của tỉnh/th&agrave;nh phố trực thuộc trung ương c&ocirc;ng nhận.</p>\n<p><strong>c) Điều kiện ri&ecirc;ng đối với th&iacute; sinh l&agrave; người nước ngo&agrave;i học THPT tại nước ngo&agrave;i hoặc tại Việt Nam:</strong></p>\n<p>- Nếu đăng k&yacute; học chương tr&igrave;nh giảng dạy bằng tiếng Việt: th&iacute; sinh phải c&oacute; năng lực tiếng Việt từ trung cấp B2 hoặc tương đương bậc 4/6 trở l&ecirc;n theo quy định khung năng lực tiếng Việt d&ugrave;ng cho người nước ngo&agrave;i của Bộ Gi&aacute;o dục v&agrave; Đ&agrave;o tạo.</p>\n<p>- Nếu đăng k&yacute; học chương tr&igrave;nh giảng dạy bằng tiếng Anh: th&iacute; sinh phải c&oacute; chứng chỉ tiếng Anh IELTS từ 5.5 trở l&ecirc;n; hoặc TOEFL iBT từ 50 trở l&ecirc;n; hoặc c&oacute; quốc tịch l&agrave; nước sử dụng tiếng Anh l&agrave; ng&ocirc;n ngữ ch&iacute;nh (chứng chỉ phải c&ograve;n thời hạn t&iacute;nh đến thời điểm nộp hồ sơ x&eacute;t tuyển).</p>\n<p><strong>2. Chỉ ti&ecirc;u tuyển sinh:</strong></p>\n<p>Chỉ ti&ecirc;u x&eacute;t tuyển phương thức n&agrave;y tối đa l&agrave; 2% (hai phần trăm) tr&ecirc;n tổng chỉ ti&ecirc;u theo ng&agrave;nh/nh&oacute;m ng&agrave;nh năm 2022 như sau:</p>\n<table style=\"height: 1824.6px;\" border=\"1\" width=\"696\">\n<thead>\n<tr style=\"height: 430.2px;\">\n<td style=\"height: 477.8px;\" rowspan=\"2\" width=\"47\">\n<p><strong>STT</strong></p>\n</td>\n<td style=\"height: 477.8px;\" rowspan=\"2\" width=\"118\">\n<p><strong>M&atilde; ng&agrave;nh</strong></p>\n</td>\n<td style=\"height: 477.8px;\" rowspan=\"2\" width=\"289\">\n<p><strong>T&ecirc;n ng&agrave;nh</strong></p>\n</td>\n<td style=\"height: 477.8px;\" rowspan=\"2\" width=\"121\">\n<p><strong>Tổng chỉ ti&ecirc;u c&aacute;c phương thức x&eacute;t tuyển năm 2022</strong></p>\n</td>\n<td style=\"height: 477.8px;\" rowspan=\"2\" width=\"104\">\n<p><strong>Tỉ lệ % phương thức 5</strong></p>\n</td>\n</tr>\n</thead>\n<tbody>\n<tr style=\"height: 47.6px;\">\n<td style=\"height: 47.6px;\" width=\"47\">\n<p>1</p>\n</td>\n<td style=\"height: 47.6px;\" width=\"118\">\n<p>7420101</p>\n</td>\n<td style=\"height: 47.6px;\" width=\"289\">\n<p>Sinh học</p>\n</td>\n<td style=\"height: 47.6px;\" width=\"121\">\n<p>220</p>\n</td>\n<td style=\"height: 47.6px;\" width=\"104\">\n<p>2%</p>\n</td>\n</tr>\n<tr style=\"height: 47.6px;\">\n<td style=\"height: 47.6px;\" width=\"47\">\n<p>2</p>\n</td>\n<td style=\"height: 47.6px;\" width=\"118\">\n<p>7420101_CLC</p>\n</td>\n<td style=\"height: 47.6px;\" width=\"289\">\n<p>Sinh học (Chương tr&igrave;nh Chất lượng cao)</p>\n</td>\n<td style=\"height: 47.6px;\" width=\"121\">\n<p>80</p>\n</td>\n<td style=\"height: 47.6px;\" width=\"104\">\n<p>2%</p>\n</td>\n</tr>\n<tr style=\"height: 47.6px;\">\n<td style=\"height: 47.6px;\" width=\"47\">\n<p>3</p>\n</td>\n<td style=\"height: 47.6px;\" width=\"118\">\n<p>7420201</p>\n</td>\n<td style=\"height: 47.6px;\" width=\"289\">\n<p>C&ocirc;ng nghệ Sinh học</p>\n</td>\n<td style=\"height: 47.6px;\" width=\"121\">\n<p>200</p>\n</td>\n<td style=\"height: 47.6px;\" width=\"104\">\n<p>2%</p>\n</td>\n</tr>\n<tr style=\"height: 67.2px;\">\n<td style=\"height: 67.2px;\" width=\"47\">\n<p>4</p>\n</td>\n<td style=\"height: 67.2px;\" width=\"118\">\n<p>7420201_CLC</p>\n</td>\n<td style=\"height: 67.2px;\" width=\"289\">\n<p>C&ocirc;ng nghệ Sinh học (Chương tr&igrave;nh Chất lượng cao)</p>\n</td>\n<td style=\"height: 67.2px;\" width=\"121\">\n<p>120</p>\n</td>\n<td style=\"height: 67.2px;\" width=\"104\">\n<p>2%</p>\n</td>\n</tr>\n<tr style=\"height: 47.6px;\">\n<td style=\"height: 47.6px;\" width=\"47\">\n<p>5</p>\n</td>\n<td style=\"height: 47.6px;\" width=\"118\">\n<p>7440102</p>\n</td>\n<td style=\"height: 47.6px;\" width=\"289\">\n<p>Vật l&yacute; học</p>\n</td>\n<td style=\"height: 47.6px;\" width=\"121\">\n<p>200</p>\n</td>\n<td style=\"height: 47.6px;\" width=\"104\">\n<p>2%</p>\n</td>\n</tr>\n<tr style=\"height: 47.6px;\">\n<td style=\"height: 47.6px;\" width=\"47\">\n<p>6</p>\n</td>\n<td style=\"height: 47.6px;\" width=\"118\">\n<p>7440112</p>\n</td>\n<td style=\"height: 47.6px;\" width=\"289\">\n<p>Ho&aacute; học</p>\n</td>\n<td style=\"height: 47.6px;\" width=\"121\">\n<p>220</p>\n</td>\n<td style=\"height: 47.6px;\" width=\"104\">\n<p>2%</p>\n</td>\n</tr>\n<tr style=\"height: 47.6px;\">\n<td style=\"height: 47.6px;\" width=\"47\">\n<p>7</p>\n</td>\n<td style=\"height: 47.6px;\" width=\"118\">\n<p>7440112_CLC</p>\n</td>\n<td style=\"height: 47.6px;\" width=\"289\">\n<p>H&oacute;a học (Chương tr&igrave;nh Chất lượng cao)</p>\n</td>\n<td style=\"height: 47.6px;\" width=\"121\">\n<p>120</p>\n</td>\n<td style=\"height: 47.6px;\" width=\"104\">\n<p>2%</p>\n</td>\n</tr>\n<tr style=\"height: 47.6px;\">\n<td style=\"height: 47.6px;\" width=\"47\">\n<p>8</p>\n</td>\n<td style=\"height: 47.6px;\" width=\"118\">\n<p>7440122</p>\n</td>\n<td style=\"height: 47.6px;\" width=\"289\">\n<p>Khoa học Vật liệu</p>\n</td>\n<td style=\"height: 47.6px;\" width=\"121\">\n<p>145</p>\n</td>\n<td style=\"height: 47.6px;\" width=\"104\">\n<p>2%</p>\n</td>\n</tr>\n<tr style=\"height: 47.6px;\">\n<td style=\"height: 47.6px;\" width=\"47\">\n<p>9</p>\n</td>\n<td style=\"height: 47.6px;\" width=\"118\">\n<p>7440201</p>\n</td>\n<td style=\"height: 47.6px;\" width=\"289\">\n<p>Địa chất học</p>\n</td>\n<td style=\"height: 47.6px;\" width=\"121\">\n<p>50</p>\n</td>\n<td style=\"height: 47.6px;\" width=\"104\">\n<p>2%</p>\n</td>\n</tr>\n<tr style=\"height: 47.6px;\">\n<td style=\"height: 47.6px;\" width=\"47\">\n<p>10</p>\n</td>\n<td style=\"height: 47.6px;\" width=\"118\">\n<p>7440228</p>\n</td>\n<td style=\"height: 47.6px;\" width=\"289\">\n<p>Hải dương học</p>\n</td>\n<td style=\"height: 47.6px;\" width=\"121\">\n<p>50</p>\n</td>\n<td style=\"height: 47.6px;\" width=\"104\">\n<p>2%</p>\n</td>\n</tr>\n<tr style=\"height: 47.6px;\">\n<td style=\"height: 47.6px;\" width=\"47\">\n<p>11</p>\n</td>\n<td style=\"height: 47.6px;\" width=\"118\">\n<p>7440301</p>\n</td>\n<td style=\"height: 47.6px;\" width=\"289\">\n<p>Khoa học M&ocirc;i trường</p>\n</td>\n<td style=\"height: 47.6px;\" width=\"121\">\n<p>140</p>\n</td>\n<td style=\"height: 47.6px;\" width=\"104\">\n<p>2%</p>\n</td>\n</tr>\n<tr style=\"height: 67.2px;\">\n<td style=\"height: 67.2px;\" width=\"47\">\n<p>12</p>\n</td>\n<td style=\"height: 67.2px;\" width=\"118\">\n<p>7440301_CLC</p>\n</td>\n<td style=\"height: 67.2px;\" width=\"289\">\n<p>Khoa học M&ocirc;i trường (Chương tr&igrave;nh Chất lượng cao)</p>\n</td>\n<td style=\"height: 67.2px;\" width=\"121\">\n<p>40</p>\n</td>\n<td style=\"height: 67.2px;\" width=\"104\">\n<p>2%</p>\n</td>\n</tr>\n<tr style=\"height: 67.2px;\">\n<td style=\"height: 67.2px;\" width=\"47\">\n<p>13</p>\n</td>\n<td style=\"height: 67.2px;\" width=\"118\">\n<p>7460101_NN</p>\n</td>\n<td style=\"height: 67.2px;\" width=\"289\">\n<p>Nh&oacute;m Ng&agrave;nh To&aacute;n học, To&aacute;n tin, To&aacute;n ứng dụng</p>\n</td>\n<td style=\"height: 67.2px;\" width=\"121\">\n<p>210</p>\n</td>\n<td style=\"height: 67.2px;\" width=\"104\">\n<p>2%</p>\n</td>\n</tr>\n<tr style=\"height: 67.2px;\">\n<td style=\"height: 67.2px;\" width=\"47\">\n<p>14</p>\n</td>\n<td style=\"height: 67.2px;\" width=\"118\">\n<p>7480101_TT</p>\n</td>\n<td style=\"height: 67.2px;\" width=\"289\">\n<p>Khoa học m&aacute;y t&iacute;nh (Chương tr&igrave;nh Ti&ecirc;n tiến)</p>\n</td>\n<td style=\"height: 67.2px;\" width=\"121\">\n<p>80</p>\n</td>\n<td style=\"height: 67.2px;\" width=\"104\">\n<p>2%</p>\n</td>\n</tr>\n<tr style=\"height: 47.6px;\">\n<td style=\"height: 47.6px;\" width=\"47\">\n<p>15</p>\n</td>\n<td style=\"height: 47.6px;\" width=\"118\">\n<p>7480109</p>\n</td>\n<td style=\"height: 47.6px;\" width=\"289\">\n<p>Khoa học dữ liệu</p>\n</td>\n<td style=\"height: 47.6px;\" width=\"121\">\n<p>90</p>\n</td>\n<td style=\"height: 47.6px;\" width=\"104\">\n<p>2%</p>\n</td>\n</tr>\n<tr style=\"height: 67.2px;\">\n<td style=\"height: 67.2px;\" width=\"47\">\n<p>16</p>\n</td>\n<td style=\"height: 67.2px;\" width=\"118\">\n<p>7480201_CLC</p>\n</td>\n<td style=\"height: 67.2px;\" width=\"289\">\n<p>C&ocirc;ng nghệ th&ocirc;ng tin (Chương tr&igrave;nh Chất lượng cao)</p>\n</td>\n<td style=\"height: 67.2px;\" width=\"121\">\n<p>450</p>\n</td>\n<td style=\"height: 67.2px;\" width=\"104\">\n<p>2%</p>\n</td>\n</tr>\n<tr style=\"height: 67.2px;\">\n<td style=\"height: 67.2px;\" width=\"47\">\n<p>17</p>\n</td>\n<td style=\"height: 67.2px;\" width=\"118\">\n<p>7480201_NN</p>\n</td>\n<td style=\"height: 67.2px;\" width=\"289\">\n<p>Nh&oacute;m ng&agrave;nh m&aacute;y t&iacute;nh v&agrave; C&ocirc;ng nghệ th&ocirc;ng tin</p>\n</td>\n<td style=\"height: 67.2px;\" width=\"121\">\n<p>450</p>\n</td>\n<td style=\"height: 67.2px;\" width=\"104\">\n<p>2%</p>\n</td>\n</tr>\n<tr style=\"height: 67.2px;\">\n<td style=\"height: 67.2px;\" width=\"47\">\n<p>18</p>\n</td>\n<td style=\"height: 67.2px;\" width=\"118\">\n<p>7510401_CLC</p>\n</td>\n<td style=\"height: 67.2px;\" width=\"289\">\n<p>C&ocirc;ng nghệ kỹ thuật Ho&aacute; học (Chương tr&igrave;nh Chất lượng cao)</p>\n</td>\n<td style=\"height: 67.2px;\" width=\"121\">\n<p>120</p>\n</td>\n<td style=\"height: 67.2px;\" width=\"104\">\n<p>2%</p>\n</td>\n</tr>\n<tr style=\"height: 47.6px;\">\n<td style=\"height: 47.6px;\" width=\"47\">\n<p>19</p>\n</td>\n<td style=\"height: 47.6px;\" width=\"118\">\n<p>7510402</p>\n</td>\n<td style=\"height: 47.6px;\" width=\"289\">\n<p>C&ocirc;ng nghệ Vật liệu</p>\n</td>\n<td style=\"height: 47.6px;\" width=\"121\">\n<p>55</p>\n</td>\n<td style=\"height: 47.6px;\" width=\"104\">\n<p>2%</p>\n</td>\n</tr>\n<tr style=\"height: 47.6px;\">\n<td style=\"height: 47.6px;\" width=\"47\">\n<p>20</p>\n</td>\n<td style=\"height: 47.6px;\" width=\"118\">\n<p>7510406</p>\n</td>\n<td style=\"height: 47.6px;\" width=\"289\">\n<p>C&ocirc;ng nghệ Kỹ thuật M&ocirc;i trường</p>\n</td>\n<td style=\"height: 47.6px;\" width=\"121\">\n<p>120</p>\n</td>\n<td style=\"height: 47.6px;\" width=\"104\">\n<p>2%</p>\n</td>\n</tr>\n<tr style=\"height: 47.6px;\">\n<td style=\"height: 47.6px;\" width=\"47\">\n<p>21</p>\n</td>\n<td style=\"height: 47.6px;\" width=\"118\">\n<p>7520207</p>\n</td>\n<td style=\"height: 47.6px;\" width=\"289\">\n<p>Kỹ thuật điện tử - viễn th&ocirc;ng</p>\n</td>\n<td style=\"height: 47.6px;\" width=\"121\">\n<p>160</p>\n</td>\n<td style=\"height: 47.6px;\" width=\"104\">\n<p>2%</p>\n</td>\n</tr>\n<tr style=\"height: 67.2px;\">\n<td style=\"height: 67.2px;\" width=\"47\">\n<p>22</p>\n</td>\n<td style=\"height: 67.2px;\" width=\"118\">\n<p>7520207_CLC</p>\n</td>\n<td style=\"height: 67.2px;\" width=\"289\">\n<p>Kỹ thuật điện tử - viễn th&ocirc;ng (Chương tr&igrave;nh Chất lượng cao)</p>\n</td>\n<td style=\"height: 67.2px;\" width=\"121\">\n<p>80</p>\n</td>\n<td style=\"height: 67.2px;\" width=\"104\">\n<p>2%</p>\n</td>\n</tr>\n<tr style=\"height: 47.6px;\">\n<td style=\"height: 47.6px;\" width=\"47\">\n<p>23</p>\n</td>\n<td style=\"height: 47.6px;\" width=\"118\">\n<p>7520402</p>\n</td>\n<td style=\"height: 47.6px;\" width=\"289\">\n<p>Kỹ thuật hạt nh&acirc;n</p>\n</td>\n<td style=\"height: 47.6px;\" width=\"121\">\n<p>50</p>\n</td>\n<td style=\"height: 47.6px;\" width=\"104\">\n<p>2%</p>\n</td>\n</tr>\n<tr style=\"height: 47.6px;\">\n<td style=\"height: 47.6px;\" width=\"47\">\n<p>24</p>\n</td>\n<td style=\"height: 47.6px;\" width=\"118\">\n<p>7520403</p>\n</td>\n<td style=\"height: 47.6px;\" width=\"289\">\n<p>Vật l&yacute; Y khoa</p>\n</td>\n<td style=\"height: 47.6px;\" width=\"121\">\n<p>40</p>\n</td>\n<td style=\"height: 47.6px;\" width=\"104\">\n<p>2%</p>\n</td>\n</tr>\n<tr style=\"height: 47.6px;\">\n<td style=\"height: 47.6px;\" width=\"47\">\n<p>25</p>\n</td>\n<td style=\"height: 47.6px;\" width=\"118\">\n<p>7520501</p>\n</td>\n<td style=\"height: 47.6px;\" width=\"289\">\n<p>Kỹ thuật địa chất</p>\n</td>\n<td style=\"height: 47.6px;\" width=\"121\">\n<p>30</p>\n</td>\n<td style=\"height: 47.6px;\" width=\"104\">\n<p>2%</p>\n</td>\n</tr>\n<tr style=\"height: 47.6px;\">\n<td style=\"height: 47.6px;\" width=\"47\">\n<p>26</p>\n</td>\n<td style=\"height: 47.6px;\" width=\"118\">\n<p>7850101</p>\n</td>\n<td style=\"height: 47.6px;\" width=\"289\">\n<p>Quản l&yacute; t&agrave;i nguy&ecirc;n v&agrave; m&ocirc;i trường</p>\n</td>\n<td style=\"height: 47.6px;\" width=\"121\">\n<p>80</p>\n</td>\n<td style=\"height: 47.6px;\" width=\"104\">\n<p>2%</p>\n</td>\n</tr>\n</tbody>\n</table>\n<p>&nbsp;</p>\n<p><strong>3.&nbsp; Số lượng nguyện vọng đăng k&yacute; x&eacute;t tuyển</strong></p>\n<p>-&nbsp;&nbsp; Th&iacute; sinh được đăng k&yacute; tối đa 03 nguyện vọng v&agrave;o c&aacute;c ng&agrave;nh/nh&oacute;m ng&agrave;nh.</p>\n<p>-&nbsp;&nbsp; Nếu th&iacute; sinh đăng k&yacute; hai hoặc ba nguyện vọng v&agrave;o c&aacute;c ng&agrave;nh/nh&oacute;m ng&agrave;nh th&igrave; c&aacute;c nguyện vọng được sắp xếp theo thứ tự ưu ti&ecirc;n từ cao xuống thấp (nguyện vọng 1 l&agrave; nguyện vọng cao nhất). Th&iacute; sinh chỉ tr&uacute;ng tuyển v&agrave;o 01 nguyện vọng ưu ti&ecirc;n cao nhất trong danh s&aacute;ch c&aacute;c nguyện vọng đ&atilde; đăng k&yacute;.</p>\n<p><strong>4. Hồ sơ đăng k&yacute; v&agrave; lệ ph&iacute; x&eacute;t tuyển</strong></p>\n<p>-&nbsp;&nbsp;&nbsp;&nbsp;&nbsp;&nbsp; Phiếu đăng k&yacute; x&eacute;t tuyển (th&iacute; sinh điền th&ocirc;ng tin theo mẫu tại Phụ lục 5.1);</p>\n<p>-&nbsp;&nbsp;&nbsp;&nbsp;&nbsp;&nbsp; Bản sao c&oacute; c&ocirc;ng chứng học bạ THPT hoặc bản sao học bạ THPT có x&aacute;c nhận của trường THPT.</p>\n<p>-&nbsp;&nbsp;&nbsp;&nbsp;&nbsp;&nbsp; Bản sao c&oacute; c&ocirc;ng chứng chứng chỉ ngoại ngữ;</p>\n<p>-&nbsp;&nbsp;&nbsp;&nbsp;&nbsp;&nbsp; Lệ ph&iacute; x&eacute;t tuyển: 25.000 đồng/1 nguyện vọng.</p>\n<p><strong>5. Thời gian đăng k&yacute; v&agrave; nộp hồ sơ x&eacute;t tuyển, phương thức nộp hồ sơ</strong></p>\n<p>a)&nbsp;&nbsp; Thời gian đăng k&yacute; v&agrave; nộp hồ sơ x&eacute;t tuyển: Từ ng&agrave;y 25/5/2022 đến ng&agrave;y 20/6/2022.</p>\n<p>b)&nbsp; Phương thức nộp hồ sơ:</p>\n<p>- Nộp trực tiếp: Th&iacute; sinh nộp hồ sơ v&agrave; lệ ph&iacute; trực tiếp tại Trường ĐH KHTN theo địa chỉ: số 227 Nguyễn Văn Cừ, P4, Q.5, TP.HCM &ndash; Ph&ograve;ng Đ&agrave;o tạo (nộp trong giờ h&agrave;nh ch&iacute;nh, từ thứ 2 đến thứ 6, buổi s&aacute;ng từ 8giờ00 đến 11giờ00, buổi chiều từ 13giờ30 đến 16giờ30).</p>\n<p>- Nộp qua đường bưu điện chuyển ph&aacute;t nhanh:</p>\n<p>&middot; Hồ sơ: Th&iacute; sinh nộp hồ sơ qua đường bưu điện chuyển ph&aacute;t nhanh theo địa chỉ: Trường ĐH KHTN, Ph&ograve;ng Đ&agrave;o tạo, số 227 Nguyễn Văn Cừ, P4, Q.5, TP.HCM. Trường chỉ nhận hồ sơ trong thời gian quy định căn cứ v&agrave;o dấu x&aacute;c nhận ng&agrave;y gửi hồ sơ của Bưu điện. Trường sẽ hậu kiểm lại hồ sơ khi th&iacute; sinh l&agrave;m thủ tục nhập học.</p>\n<p>&middot; Lệ ph&iacute;: Th&iacute; sinh nộp hồ sơ qua đường bưu điện sẽ nộp lệ ph&iacute; bằng c&aacute;ch chuyển khoản ng&acirc;n h&agrave;ng theo hướng dẫn như sau:</p>\n<p>&nbsp; T&ecirc;n t&agrave;i khoản ng&acirc;n h&agrave;ng (viết đầy đủ): Trường Đại học Khoa học Tự nhi&ecirc;n.</p>\n<p>&nbsp; Số t&agrave;i khoản: 638 020 101 7313, ng&acirc;n h&agrave;ng Agribank, chi nh&aacute;nh B&igrave;nh Thạnh.</p>\n<p>&nbsp; Nội dung chuyển tiền: Th&iacute; sinh ghi đ&uacute;ng thứ tự như sau: Số căn cước c&ocirc;ng d&acirc;n/Số chứng minh nh&acirc;n d&acirc;n - Họ v&agrave; t&ecirc;n - LPXT PT5 (V&iacute; dụ: 012345678999 - Nguyễn Văn A- LPXT PT5).</p>\n<p><strong>6.&nbsp;Ti&ecirc;u ch&iacute; x&eacute;t tuyển</strong></p>\n<p>- X&eacute;t tuyển dựa tr&ecirc;n kết quả học tập trung b&igrave;nh GPA của 03 năm học cuối cấp (lớp 10, lớp 11, lớp 12 đối với hệ 12 năm học THPT hay lớp 11, lớp 12, lớp 13 đối với hệ 13 năm học THPT)</p>\n<p>- Điểm thi TOEFL hoặc điểm thi IELTS (x&eacute;t theo bảng quy đổi tương đương đ&iacute;nh k&egrave;m Phụ lục 5.2)</p>\n<p><strong>7. Ng&agrave;nh được x&eacute;t tuy&ecirc;̉n:</strong>&nbsp;Hội đồng tuyển sinh Trường ĐH KHTN quyết định ng&agrave;nh tr&uacute;ng tuy&ecirc;̉n cho th&iacute; sinh căn cứ v&agrave;o nguyện vọng của th&iacute; sinh v&agrave; điều kiện chỉ ti&ecirc;u x&eacute;t tuyển từng ng&agrave;nh.</p>\n<p><strong>8. C&ocirc;ng bố danh s&aacute;ch đủ điều kiện tr&uacute;ng tuyển</strong></p>\n<p>- Chậm nhất l&agrave; ng&agrave;y 30/6/2022, Trường sẽ c&ocirc;ng bố danh s&aacute;ch th&iacute; sinh đủ điều kiện tr&uacute;ng tuyển tr&ecirc;n trang th&ocirc;ng tin điện tử của trường theo địa chỉ:&nbsp; www.hcmus.edu.vn.</p>\n<p>- Danh s&aacute;ch đủ điều kiện tr&uacute;ng tuyển sẽ được cập nhật l&ecirc;n cổng th&ocirc;ng tin của Bộ Gi&aacute;o dục v&agrave; Đ&agrave;o tạo. Th&iacute; sinh tr&uacute;ng tuyển theo d&otilde;i th&ocirc;ng b&aacute;o của Trường, thực hiện đ&uacute;ng theo quy chế tuyển sinh của Bộ Gi&aacute;o dục v&agrave; Đ&agrave;o tạo để được c&ocirc;ng nhận tr&uacute;ng tuyển ch&iacute;nh thức.</p>\n<p><strong>9.&nbsp;Thời gian x&aacute;c nhận nhập học v&agrave; l&agrave;m thủ tục nhập học:</strong>&nbsp;Theo kế hoạch chung của ĐHQG-HCM, Trường sẽ th&ocirc;ng b&aacute;o sau.</p>\n<div class=\"attachmentsContainer\">\n<div id=\"attachmentsList_com_content_article_99\" class=\"attachmentsList\">\n<table><caption>Attachments:</caption>\n<tbody>\n<tr class=\"odd\">\n<td class=\"at_filename\"><a class=\"at_icon\" title=\"Download this file (TB 03_TB xet tuyen ky thi quoc te_PT5_2022.pdf)\" href=\"https://tuyensinh.hcmus.edu.vn/attachments/article/99/TB%2003_TB%20xet%20tuyen%20ky%20thi%20quoc%20te_PT5_2022.pdf\"><img src=\"https://tuyensinh.hcmus.edu.vn/media/com_attachments/images/file_icons/pdf.gif\" alt=\"Download this file (TB 03_TB xet tuyen ky thi quoc te_PT5_2022.pdf)\" /></a><a class=\"at_url\" title=\"Download this file (TB 03_TB xet tuyen ky thi quoc te_PT5_2022.pdf)\" href=\"https://tuyensinh.hcmus.edu.vn/attachments/article/99/TB%2003_TB%20xet%20tuyen%20ky%20thi%20quoc%20te_PT5_2022.pdf\">TB 03_TB xet tuyen ky thi quoc te_PT5_2022.pdf</a></td>\n<td class=\"at_description\">[&nbsp;]</td>\n<td class=\"at_file_size\">3560 kB</td>\n</tr>\n</tbody>\n</table>\n</div>\n</div>\n</div>','2022-06-14 09:49:00','Admin','thong-bao-ve-phuong-thuc-5-dua-tren-ket-qua-cac-ky-thi-quoc-te-1655200141798','publish','DH','',''),(144,'Thông báo về phương thức 6: xét tuyển vào các chương trình Tiên tiến và Chất lượng cao bằng phương thức dựa trên kết quả các chứng chỉ ngoại ngữ quốc tế kết hợp với kết quả học tập THPT','<div class=\"article-header\">&nbsp;</div>\n<div class=\"title-botom-wrapper\">\n<div class=\"article-info\"><img src=\"https://tuyensinh.hcmus.edu.vn/images/THNG_TIN_V_PHNG_THC_U_TIN_XT_TUYN_THNG_V_U_TIN_XT_TUYN_THEO_QUY_NH_CA_HQG-HCM_PHNG_THC_2_4.png\" alt=\"\" /></div>\n</div>\n<div>\n<p>Hội đồng tuyển sinh Trường Đại học Khoa học Tự nhi&ecirc;n, ĐHQG-HCM (sau đ&acirc;y gọi tắt l&agrave; Trường ĐH KHTN hoặc Trường) th&ocirc;ng b&aacute;o về việc x&eacute;t tuyển v&agrave;o đại học hệ ch&iacute;nh quy năm 2022 thuộc c&aacute;c chương tr&igrave;nh Ti&ecirc;n tiến v&agrave; Chất lượng cao của Trường bằng phương thức dựa tr&ecirc;n kết quả c&aacute;c chứng chỉ ngoại ngữ quốc tế kết hợp với kết quả học tập THPT như sau:</p>\n<p><strong>1. Đối tượng x&eacute;t tuyển:</strong></p>\n<p>Th&iacute; sinh phải thỏa đồng thời tất cả c&aacute;c điều kiện như sau:</p>\n<p>-&nbsp;&nbsp; Th&iacute; sinh l&agrave; người Việt Nam đ&atilde; học v&agrave; tốt nghiệp THPT theo chương tr&igrave;nh 12 năm của Bộ Gi&aacute;o dục v&agrave; Đ&agrave;o tạo.</p>\n<p>-&nbsp;&nbsp; C&oacute; đủ sức khỏe để học tập theo quy định hiện h&agrave;nh.</p>\n<p>-&nbsp;&nbsp; Hạnh kiểm từ kh&aacute; trở l&ecirc;n trong 03 năm lớp 10, 11 v&agrave; 12.</p>\n<p>-&nbsp;&nbsp; Đạt kết quả xếp loại học sinh giỏi cả 03 năm học lớp 10, 11 v&agrave; 12.</p>\n<p>-&nbsp;&nbsp; C&oacute; chứng chỉ IELTS từ 6.0 trở l&ecirc;n hoặc TOEFL iBT từ 65 trở l&ecirc;n.</p>\n<p><strong>2. Chỉ ti&ecirc;u v&agrave; số lượng nguyện vọng đăng k&yacute; x&eacute;t tuyển</strong></p>\n<p>a)&nbsp;&nbsp; Chỉ ti&ecirc;u x&eacute;t tuyển phương thức n&agrave;y từ 8% đến 15% tr&ecirc;n tổng chỉ ti&ecirc;u theo ng&agrave;nh/nh&oacute;m ng&agrave;nh năm 2022 như sau:</p>\n<table border=\"1\" width=\"652\">\n<thead>\n<tr>\n<td width=\"42\">\n<p><strong>STT</strong></p>\n</td>\n<td width=\"114\">\n<p><strong>M&atilde; ng&agrave;nh</strong></p>\n</td>\n<td width=\"287\">\n<p><strong>T&ecirc;n ng&agrave;nh</strong></p>\n</td>\n<td width=\"104\">\n<p><strong>Tổng chỉ ti&ecirc;u năm 2022</strong></p>\n</td>\n<td width=\"104\">\n<p><strong>Tỉ lệ % phương thức 6</strong></p>\n</td>\n</tr>\n</thead>\n<tbody>\n<tr>\n<td width=\"42\">\n<p>1</p>\n</td>\n<td width=\"114\">\n<p>7420101_CLC</p>\n</td>\n<td width=\"287\">\n<p>Sinh học (Chương tr&igrave;nh Chất lượng cao)</p>\n</td>\n<td width=\"104\">\n<p>80</p>\n</td>\n<td width=\"104\">\n<p>8% -&gt; 15%</p>\n</td>\n</tr>\n<tr>\n<td width=\"42\">\n<p>2</p>\n</td>\n<td width=\"114\">\n<p>7420201_CLC</p>\n</td>\n<td width=\"287\">\n<p>C&ocirc;ng nghệ Sinh học (Chương tr&igrave;nh Chất lượng cao)</p>\n</td>\n<td width=\"104\">\n<p>120</p>\n</td>\n<td width=\"104\">\n<p>8% -&gt; 15%</p>\n</td>\n</tr>\n<tr>\n<td width=\"42\">\n<p>3</p>\n</td>\n<td width=\"114\">\n<p>7440112_CLC</p>\n</td>\n<td width=\"287\">\n<p>H&oacute;a học (Chương tr&igrave;nh Chất lượng cao)</p>\n</td>\n<td width=\"104\">\n<p>120</p>\n</td>\n<td width=\"104\">\n<p>8% -&gt; 15%</p>\n</td>\n</tr>\n<tr>\n<td width=\"42\">\n<p>4</p>\n</td>\n<td width=\"114\">\n<p>7440301_CLC</p>\n</td>\n<td width=\"287\">\n<p>Khoa học M&ocirc;i trường (Chương tr&igrave;nh Chất lượng cao)</p>\n</td>\n<td width=\"104\">\n<p>40</p>\n</td>\n<td width=\"104\">\n<p>8% -&gt; 15%</p>\n</td>\n</tr>\n<tr>\n<td width=\"42\">\n<p>5</p>\n</td>\n<td width=\"114\">\n<p>7480101_TT</p>\n</td>\n<td width=\"287\">\n<p>Khoa học m&aacute;y t&iacute;nh (Chương tr&igrave;nh Ti&ecirc;n tiến)</p>\n</td>\n<td width=\"104\">\n<p>80</p>\n</td>\n<td width=\"104\">\n<p>8% -&gt; 15%</p>\n</td>\n</tr>\n<tr>\n<td width=\"42\">\n<p>6</p>\n</td>\n<td width=\"114\">\n<p>7480201_CLC</p>\n</td>\n<td width=\"287\">\n<p>C&ocirc;ng nghệ th&ocirc;ng tin (Chương tr&igrave;nh Chất lượng cao)</p>\n</td>\n<td width=\"104\">\n<p>450</p>\n</td>\n<td width=\"104\">\n<p>8% -&gt; 15%</p>\n</td>\n</tr>\n<tr>\n<td width=\"42\">\n<p>7</p>\n</td>\n<td width=\"114\">\n<p>7510401_CLC</p>\n</td>\n<td width=\"287\">\n<p>C&ocirc;ng nghệ kỹ thuật Ho&aacute; học (Chương tr&igrave;nh Chất lượng cao)</p>\n</td>\n<td width=\"104\">\n<p>120</p>\n</td>\n<td width=\"104\">\n<p>8% -&gt; 15%</p>\n</td>\n</tr>\n<tr>\n<td width=\"42\">\n<p>8</p>\n</td>\n<td width=\"114\">\n<p>7520207_CLC</p>\n</td>\n<td width=\"287\">\n<p>Kỹ thuật điện tử - viễn th&ocirc;ng (Chương tr&igrave;nh Chất lượng cao)</p>\n</td>\n<td width=\"104\">\n<p>80</p>\n</td>\n<td width=\"104\">\n<p>8% -&gt; 15%</p>\n</td>\n</tr>\n</tbody>\n</table>\n<p>b)&nbsp; Số lượng nguyện vọng đăng k&yacute; x&eacute;t tuyển</p>\n<p>- Th&iacute; sinh được đăng k&yacute; tối đa 03 nguyện vọng v&agrave;o c&aacute;c ng&agrave;nh/nh&oacute;m ng&agrave;nh.</p>\n<p>- Nếu th&iacute; sinh đăng k&yacute; hai hoặc ba nguyện vọng v&agrave;o c&aacute;c ng&agrave;nh/nh&oacute;m ng&agrave;nh th&igrave; c&aacute;c nguyện vọng được sắp xếp theo thứ tự ưu ti&ecirc;n từ cao xuống thấp (nguyện vọng 1 l&agrave; nguyện vọng cao nhất). Th&iacute; sinh chỉ tr&uacute;ng tuyển v&agrave;o 01 nguyện vọng ưu ti&ecirc;n cao nhất trong danh s&aacute;ch c&aacute;c nguyện vọng đ&atilde; đăng k&yacute;.</p>\n<p><strong>3. Hướng dẫn đăng k&yacute;:</strong></p>\n<p>- Bước 1: Truy cập trang th&ocirc;ng tin điện tử của Trường theo địa chỉ&nbsp;<a href=\"https://tsdh.hcmus.edu.vn/\">https://tsdh.hcmus.edu.vn</a>&nbsp;để điền th&ocirc;ng tin đăng k&yacute; x&eacute;t tuyển theo phương thức 6 (tham khảo trước tại Phụ lục 6.1).</p>\n<p>-&nbsp;Bước 2: Sau khi đăng k&yacute; th&agrave;nh c&ocirc;ng, th&iacute; sinh in phiếu đăng k&yacute; x&eacute;t tuyển v&agrave; k&yacute; t&ecirc;n x&aacute;c nhận.</p>\n<p>- Bước 3: Nộp bộ hồ sơ đăng k&yacute; x&eacute;t tuyển cho Trường ĐH KHTN theo quy định của th&ocirc;ng b&aacute;o n&agrave;y.</p>\n<p><strong>4. Hồ sơ đăng k&yacute; v&agrave; lệ ph&iacute; x&eacute;t tuyển</strong></p>\n<p>- Phiếu đăng k&yacute; x&eacute;t tuyển được ho&agrave;n th&agrave;nh v&agrave; in từ hệ thống đăng k&yacute; tại mục 3.</p>\n<p>-&nbsp;Bản sao c&oacute; c&ocirc;ng chứng học bạ THPT (hoặc bản sao học bạ THPT có x&aacute;c nhận của trường THPT).</p>\n<p>- Bản sao c&oacute; c&ocirc;ng chứng chứng chỉ ngoại ngữ;</p>\n<p>- Lệ ph&iacute; x&eacute;t tuyển: 25.000 đồng/1 nguyện vọng.</p>\n<p><strong>5. Thời gian đăng k&yacute; v&agrave; nộp hồ sơ x&eacute;t tuyển, phương thức nộp hồ sơ</strong></p>\n<p>a)&nbsp; Thời gian đăng k&yacute; v&agrave; nộp hồ sơ x&eacute;t tuyển: Từ ng&agrave;y 25/5/2022 đến ng&agrave;y 20/6/2022.</p>\n<p>b)&nbsp; Phương thức nộp hồ sơ:</p>\n<p>- Nộp trực tiếp: Th&iacute; sinh nộp hồ sơ v&agrave; lệ ph&iacute; trực tiếp tại Trường ĐH KHTN theo địa chỉ: số 227 Nguyễn Văn Cừ, P4, Q.5, TP.HCM &ndash; Ph&ograve;ng Đ&agrave;o tạo (nộp trong giờ h&agrave;nh ch&iacute;nh, từ thứ 2 đến thứ 6, buổi s&aacute;ng từ 8giờ00 đến 11giờ00, buổi chiều từ 13giờ30 đến 16giờ30).</p>\n<p>-&nbsp; Nộp qua đường bưu điện chuyển ph&aacute;t nhanh:</p>\n<p>&middot; Hồ sơ: Th&iacute; sinh nộp hồ sơ qua đường bưu điện chuyển ph&aacute;t nhanh theo địa chỉ: Trường ĐH KHTN, Ph&ograve;ng Đ&agrave;o tạo, số 227 Nguyễn Văn Cừ, P4, Q.5, TP.HCM. Trường chỉ nhận hồ sơ trong thời gian quy định căn cứ v&agrave;o dấu x&aacute;c nhận ng&agrave;y nộp của Bưu điện. Trường sẽ hậu kiểm lại hồ sơ khi th&iacute; sinh l&agrave;m thủ tục nhập học.</p>\n<p>&middot; Lệ ph&iacute;: Th&iacute; sinh nộp hồ sơ qua đường bưu điện sẽ nộp lệ ph&iacute; bằng c&aacute;ch chuyển khoản ng&acirc;n h&agrave;ng theo hướng dẫn như sau:</p>\n<p>&nbsp; T&ecirc;n t&agrave;i khoản ng&acirc;n h&agrave;ng (viết đầy đủ): Trường Đại học Khoa học Tự nhi&ecirc;n.</p>\n<p>&nbsp; Số t&agrave;i khoản: 638 020 101 7313, ng&acirc;n h&agrave;ng Agribank, chi nh&aacute;nh B&igrave;nh Thạnh.</p>\n<p>&nbsp; Nội dung chuyển tiền: Th&iacute; sinh ghi đ&uacute;ng thứ tự như sau: Số căn cước c&ocirc;ng d&acirc;n/Số Chứng minh nh&acirc;n d&acirc;n - Họ v&agrave; t&ecirc;n - LPXT PT6 (V&iacute; dụ: 012345678999 - Nguyễn Văn A- LPXT PT6).</p>\n<p><strong>6. Ti&ecirc;u ch&iacute; x&eacute;t tuyển</strong></p>\n<p>- X&eacute;t tuyển dựa v&agrave;o điểm thi TOEFL iBT hoặc điểm thi IELTS đối với chương tr&igrave;nh Ti&ecirc;n tiến v&agrave; Chất lượng cao (x&eacute;t theo bảng quy đổi tương đương đ&iacute;nh k&egrave;m tại Phụ lục 6.2).</p>\n<p>-&nbsp; Kết hợp x&eacute;t điểm trung b&igrave;nh cộng 03 năm học lớp 10, 11 v&agrave; 12.</p>\n<p><strong>7. Ng&agrave;nh được x&eacute;t tuy&ecirc;̉n:</strong>&nbsp;Hội đồng tuyển sinh Trường ĐH KHTN quyết định ng&agrave;nh tr&uacute;ng tuy&ecirc;̉n cho th&iacute; sinh căn cứ v&agrave;o nguyện vọng của th&iacute; sinh v&agrave; điều kiện chỉ ti&ecirc;u x&eacute;t tuyển từng ng&agrave;nh.</p>\n<p><strong>8. C&ocirc;ng bố danh s&aacute;ch đủ điều kiện tr&uacute;ng tuyển</strong></p>\n<p>- Chậm nhất l&agrave; ng&agrave;y 30/6/2022, Trường sẽ c&ocirc;ng bố danh s&aacute;ch th&iacute; sinh đủ điều kiện tr&uacute;ng tuyển tr&ecirc;n trang th&ocirc;ng tin điện tử của trường theo địa chỉ: www.hcmus.edu.vn.</p>\n<p>- Danh s&aacute;ch đủ điều kiện tr&uacute;ng tuyển sẽ được cập nhật l&ecirc;n cổng th&ocirc;ng tin của Bộ Gi&aacute;o dục v&agrave; Đ&agrave;o tạo. Th&iacute; sinh tr&uacute;ng tuyển theo d&otilde;i th&ocirc;ng b&aacute;o của Trường, thực hiện đ&uacute;ng theo quy chế tuyển sinh của Bộ Gi&aacute;o dục v&agrave; Đ&agrave;o tạo để được c&ocirc;ng nhận tr&uacute;ng tuyển ch&iacute;nh thức.</p>\n<p><strong>10. Thời gian x&aacute;c nhận nhập học v&agrave; l&agrave;m thủ tục nhập học:</strong>&nbsp;Theo kế hoạch chung của ĐHQG-HCM, Trường sẽ th&ocirc;ng b&aacute;o sau.</p>\n<div class=\"attachmentsContainer\">\n<div id=\"attachmentsList_com_content_article_100\" class=\"attachmentsList\">\n<table><caption>Attachments:</caption>\n<tbody>\n<tr class=\"odd\">\n<td class=\"at_filename\"><a class=\"at_icon\" title=\"Download this file (TB 04_ TB xet tuyen CC NN quoc te _PT6_2022.pdf)\" href=\"https://tuyensinh.hcmus.edu.vn/attachments/article/100/TB%2004_%20TB%20xet%20tuyen%20CC%20NN%20quoc%20te%20_PT6_2022.pdf\"><img src=\"https://tuyensinh.hcmus.edu.vn/media/com_attachments/images/file_icons/pdf.gif\" alt=\"Download this file (TB 04_ TB xet tuyen CC NN quoc te _PT6_2022.pdf)\" /></a><a class=\"at_url\" title=\"Download this file (TB 04_ TB xet tuyen CC NN quoc te _PT6_2022.pdf)\" href=\"https://tuyensinh.hcmus.edu.vn/attachments/article/100/TB%2004_%20TB%20xet%20tuyen%20CC%20NN%20quoc%20te%20_PT6_2022.pdf\">TB 04_ TB xet tuyen CC NN quoc te _PT6_2022.pdf</a></td>\n<td class=\"at_description\">[&nbsp;]</td>\n<td class=\"at_file_size\">3130 kB</td>\n</tr>\n</tbody>\n</table>\n</div>\n</div>\n</div>','2022-06-14 09:49:46','Admin','thong-bao-ve-phuong-thuc-6-xet-tuyen-vao-cac-chuong-trinh-tien-tien-va-chat-luong-cao-bang-phuong-thuc-dua-tren-ket-qua-cac-chung-chi-ngoai-ngu-quoc-te-ket-hop-voi-ket-qua-hoc-tap-thpt-1655200187282','publish','DH','',''),(154,'Thông báo về phương thức 5: Dựa trên kết quả các kỳ thi quốc tế','<div class=\"article-header\">&nbsp;</div>\n<div class=\"title-botom-wrapper\">\n<div class=\"article-info\"><img src=\"https://tuyensinh.hcmus.edu.vn/images/THNG_TIN_V_PHNG_THC_U_TIN_XT_TUYN_THNG_V_U_TIN_XT_TUYN_THEO_QUY_NH_CA_HQG-HCM_PHNG_THC_2_3.png\" alt=\"\" /></div>\n</div>\n<div>\n<p>Hội đồng tuyển sinh Trường Đại học Khoa học Tự nhi&ecirc;n, ĐHQG-HCM (sau đ&acirc;y gọi tắt l&agrave; Trường ĐH KHTN hoặc Trường) th&ocirc;ng b&aacute;o về việc x&eacute;t tuyển v&agrave;o đại học hệ ch&iacute;nh quy năm 2022 của Trường bằng phương thức dựa tr&ecirc;n kết quả c&aacute;c kỳ thi quốc tế theo quy định của ĐHQG-HCM như sau:</p>\n<p><strong>1. Đối tượng x&eacute;t tuyển:</strong></p>\n<p>Th&iacute; sinh phải thỏa đồng thời tất cả c&aacute;c điều kiện chung v&agrave; điều kiện ri&ecirc;ng theo đối tượng như sau:</p>\n<p>a) Điều kiện chung:</p>\n<p>- Đ&atilde; tốt nghiệp THPT theo chương tr&igrave;nh của nước ngo&agrave;i.</p>\n<p>- C&oacute; đủ sức khỏe để học tập theo quy định hiện h&agrave;nh.</p>\n<p>- Hạnh kiểm từ kh&aacute; trở l&ecirc;n trong 03 năm cuối cấp THPT.</p>\n<p><strong>b) Điều kiện ri&ecirc;ng đối với th&iacute; sinh l&agrave; người Việt Nam học Trường nước ngo&agrave;i tại Việt Nam hay tại nước ngo&agrave;i:</strong></p>\n<p>- Chương tr&igrave;nh THPT th&iacute; sinh theo học v&agrave; được cấp bằng THPT phải được c&ocirc;ng nhận tại nước sở tại.</p>\n<p>- C&oacute; chứng chỉ IELTS từ 5.5 trở l&ecirc;n hay TOEFL iBT từ 50 trở l&ecirc;n (chứng chỉ phải c&ograve;n thời hạn t&iacute;nh đến thời điểm nộp hồ sơ x&eacute;t tuyển).</p>\n<p>- Th&iacute; sinh tốt nghiệp tại Việt Nam th&igrave; chương tr&igrave;nh c&oacute; yếu tố nước ngo&agrave;i phải được Sở Gi&aacute;o dục v&agrave; Đ&agrave;o tạo của tỉnh/th&agrave;nh phố trực thuộc trung ương c&ocirc;ng nhận.</p>\n<p><strong>c) Điều kiện ri&ecirc;ng đối với th&iacute; sinh l&agrave; người nước ngo&agrave;i học THPT tại nước ngo&agrave;i hoặc tại Việt Nam:</strong></p>\n<p>- Nếu đăng k&yacute; học chương tr&igrave;nh giảng dạy bằng tiếng Việt: th&iacute; sinh phải c&oacute; năng lực tiếng Việt từ trung cấp B2 hoặc tương đương bậc 4/6 trở l&ecirc;n theo quy định khung năng lực tiếng Việt d&ugrave;ng cho người nước ngo&agrave;i của Bộ Gi&aacute;o dục v&agrave; Đ&agrave;o tạo.</p>\n<p>- Nếu đăng k&yacute; học chương tr&igrave;nh giảng dạy bằng tiếng Anh: th&iacute; sinh phải c&oacute; chứng chỉ tiếng Anh IELTS từ 5.5 trở l&ecirc;n; hoặc TOEFL iBT từ 50 trở l&ecirc;n; hoặc c&oacute; quốc tịch l&agrave; nước sử dụng tiếng Anh l&agrave; ng&ocirc;n ngữ ch&iacute;nh (chứng chỉ phải c&ograve;n thời hạn t&iacute;nh đến thời điểm nộp hồ sơ x&eacute;t tuyển).</p>\n<p><strong>2. Chỉ ti&ecirc;u tuyển sinh:</strong></p>\n<p>Chỉ ti&ecirc;u x&eacute;t tuyển phương thức n&agrave;y tối đa l&agrave; 2% (hai phần trăm) tr&ecirc;n tổng chỉ ti&ecirc;u theo ng&agrave;nh/nh&oacute;m ng&agrave;nh năm 2022 như sau:</p>\n<table border=\"1\" width=\"696\">\n<thead>\n<tr>\n<td rowspan=\"2\" width=\"47\">\n<p><strong>STT</strong></p>\n</td>\n<td rowspan=\"2\" width=\"118\">\n<p><strong>M&atilde; ng&agrave;nh</strong></p>\n</td>\n<td rowspan=\"2\" width=\"289\">\n<p><strong>T&ecirc;n ng&agrave;nh</strong></p>\n</td>\n<td rowspan=\"2\" width=\"121\">\n<p><strong>Tổng chỉ ti&ecirc;u c&aacute;c phương thức x&eacute;t tuyển năm 2022</strong></p>\n</td>\n<td rowspan=\"2\" width=\"104\">\n<p><strong>Tỉ lệ % phương thức 5</strong></p>\n</td>\n</tr>\n</thead>\n<tbody>\n<tr>\n<td width=\"47\">\n<p>1</p>\n</td>\n<td width=\"118\">\n<p>7420101</p>\n</td>\n<td width=\"289\">\n<p>Sinh học</p>\n</td>\n<td width=\"121\">\n<p>220</p>\n</td>\n<td width=\"104\">\n<p>2%</p>\n</td>\n</tr>\n<tr>\n<td width=\"47\">\n<p>2</p>\n</td>\n<td width=\"118\">\n<p>7420101_CLC</p>\n</td>\n<td width=\"289\">\n<p>Sinh học (Chương tr&igrave;nh Chất lượng cao)</p>\n</td>\n<td width=\"121\">\n<p>80</p>\n</td>\n<td width=\"104\">\n<p>2%</p>\n</td>\n</tr>\n<tr>\n<td width=\"47\">\n<p>3</p>\n</td>\n<td width=\"118\">\n<p>7420201</p>\n</td>\n<td width=\"289\">\n<p>C&ocirc;ng nghệ Sinh học</p>\n</td>\n<td width=\"121\">\n<p>200</p>\n</td>\n<td width=\"104\">\n<p>2%</p>\n</td>\n</tr>\n<tr>\n<td width=\"47\">\n<p>4</p>\n</td>\n<td width=\"118\">\n<p>7420201_CLC</p>\n</td>\n<td width=\"289\">\n<p>C&ocirc;ng nghệ Sinh học (Chương tr&igrave;nh Chất lượng cao)</p>\n</td>\n<td width=\"121\">\n<p>120</p>\n</td>\n<td width=\"104\">\n<p>2%</p>\n</td>\n</tr>\n<tr>\n<td width=\"47\">\n<p>5</p>\n</td>\n<td width=\"118\">\n<p>7440102</p>\n</td>\n<td width=\"289\">\n<p>Vật l&yacute; học</p>\n</td>\n<td width=\"121\">\n<p>200</p>\n</td>\n<td width=\"104\">\n<p>2%</p>\n</td>\n</tr>\n<tr>\n<td width=\"47\">\n<p>6</p>\n</td>\n<td width=\"118\">\n<p>7440112</p>\n</td>\n<td width=\"289\">\n<p>Ho&aacute; học</p>\n</td>\n<td width=\"121\">\n<p>220</p>\n</td>\n<td width=\"104\">\n<p>2%</p>\n</td>\n</tr>\n<tr>\n<td width=\"47\">\n<p>7</p>\n</td>\n<td width=\"118\">\n<p>7440112_CLC</p>\n</td>\n<td width=\"289\">\n<p>H&oacute;a học (Chương tr&igrave;nh Chất lượng cao)</p>\n</td>\n<td width=\"121\">\n<p>120</p>\n</td>\n<td width=\"104\">\n<p>2%</p>\n</td>\n</tr>\n<tr>\n<td width=\"47\">\n<p>8</p>\n</td>\n<td width=\"118\">\n<p>7440122</p>\n</td>\n<td width=\"289\">\n<p>Khoa học Vật liệu</p>\n</td>\n<td width=\"121\">\n<p>145</p>\n</td>\n<td width=\"104\">\n<p>2%</p>\n</td>\n</tr>\n<tr>\n<td width=\"47\">\n<p>9</p>\n</td>\n<td width=\"118\">\n<p>7440201</p>\n</td>\n<td width=\"289\">\n<p>Địa chất học</p>\n</td>\n<td width=\"121\">\n<p>50</p>\n</td>\n<td width=\"104\">\n<p>2%</p>\n</td>\n</tr>\n<tr>\n<td width=\"47\">\n<p>10</p>\n</td>\n<td width=\"118\">\n<p>7440228</p>\n</td>\n<td width=\"289\">\n<p>Hải dương học</p>\n</td>\n<td width=\"121\">\n<p>50</p>\n</td>\n<td width=\"104\">\n<p>2%</p>\n</td>\n</tr>\n<tr>\n<td width=\"47\">\n<p>11</p>\n</td>\n<td width=\"118\">\n<p>7440301</p>\n</td>\n<td width=\"289\">\n<p>Khoa học M&ocirc;i trường</p>\n</td>\n<td width=\"121\">\n<p>140</p>\n</td>\n<td width=\"104\">\n<p>2%</p>\n</td>\n</tr>\n<tr>\n<td width=\"47\">\n<p>12</p>\n</td>\n<td width=\"118\">\n<p>7440301_CLC</p>\n</td>\n<td width=\"289\">\n<p>Khoa học M&ocirc;i trường (Chương tr&igrave;nh Chất lượng cao)</p>\n</td>\n<td width=\"121\">\n<p>40</p>\n</td>\n<td width=\"104\">\n<p>2%</p>\n</td>\n</tr>\n<tr>\n<td width=\"47\">\n<p>13</p>\n</td>\n<td width=\"118\">\n<p>7460101_NN</p>\n</td>\n<td width=\"289\">\n<p>Nh&oacute;m Ng&agrave;nh To&aacute;n học, To&aacute;n tin, To&aacute;n ứng dụng</p>\n</td>\n<td width=\"121\">\n<p>210</p>\n</td>\n<td width=\"104\">\n<p>2%</p>\n</td>\n</tr>\n<tr>\n<td width=\"47\">\n<p>14</p>\n</td>\n<td width=\"118\">\n<p>7480101_TT</p>\n</td>\n<td width=\"289\">\n<p>Khoa học m&aacute;y t&iacute;nh (Chương tr&igrave;nh Ti&ecirc;n tiến)</p>\n</td>\n<td width=\"121\">\n<p>80</p>\n</td>\n<td width=\"104\">\n<p>2%</p>\n</td>\n</tr>\n<tr>\n<td width=\"47\">\n<p>15</p>\n</td>\n<td width=\"118\">\n<p>7480109</p>\n</td>\n<td width=\"289\">\n<p>Khoa học dữ liệu</p>\n</td>\n<td width=\"121\">\n<p>90</p>\n</td>\n<td width=\"104\">\n<p>2%</p>\n</td>\n</tr>\n<tr>\n<td width=\"47\">\n<p>16</p>\n</td>\n<td width=\"118\">\n<p>7480201_CLC</p>\n</td>\n<td width=\"289\">\n<p>C&ocirc;ng nghệ th&ocirc;ng tin (Chương tr&igrave;nh Chất lượng cao)</p>\n</td>\n<td width=\"121\">\n<p>450</p>\n</td>\n<td width=\"104\">\n<p>2%</p>\n</td>\n</tr>\n<tr>\n<td width=\"47\">\n<p>17</p>\n</td>\n<td width=\"118\">\n<p>7480201_NN</p>\n</td>\n<td width=\"289\">\n<p>Nh&oacute;m ng&agrave;nh m&aacute;y t&iacute;nh v&agrave; C&ocirc;ng nghệ th&ocirc;ng tin</p>\n</td>\n<td width=\"121\">\n<p>450</p>\n</td>\n<td width=\"104\">\n<p>2%</p>\n</td>\n</tr>\n<tr>\n<td width=\"47\">\n<p>18</p>\n</td>\n<td width=\"118\">\n<p>7510401_CLC</p>\n</td>\n<td width=\"289\">\n<p>C&ocirc;ng nghệ kỹ thuật Ho&aacute; học (Chương tr&igrave;nh Chất lượng cao)</p>\n</td>\n<td width=\"121\">\n<p>120</p>\n</td>\n<td width=\"104\">\n<p>2%</p>\n</td>\n</tr>\n<tr>\n<td width=\"47\">\n<p>19</p>\n</td>\n<td width=\"118\">\n<p>7510402</p>\n</td>\n<td width=\"289\">\n<p>C&ocirc;ng nghệ Vật liệu</p>\n</td>\n<td width=\"121\">\n<p>55</p>\n</td>\n<td width=\"104\">\n<p>2%</p>\n</td>\n</tr>\n<tr>\n<td width=\"47\">\n<p>20</p>\n</td>\n<td width=\"118\">\n<p>7510406</p>\n</td>\n<td width=\"289\">\n<p>C&ocirc;ng nghệ Kỹ thuật M&ocirc;i trường</p>\n</td>\n<td width=\"121\">\n<p>120</p>\n</td>\n<td width=\"104\">\n<p>2%</p>\n</td>\n</tr>\n<tr>\n<td width=\"47\">\n<p>21</p>\n</td>\n<td width=\"118\">\n<p>7520207</p>\n</td>\n<td width=\"289\">\n<p>Kỹ thuật điện tử - viễn th&ocirc;ng</p>\n</td>\n<td width=\"121\">\n<p>160</p>\n</td>\n<td width=\"104\">\n<p>2%</p>\n</td>\n</tr>\n<tr>\n<td width=\"47\">\n<p>22</p>\n</td>\n<td width=\"118\">\n<p>7520207_CLC</p>\n</td>\n<td width=\"289\">\n<p>Kỹ thuật điện tử - viễn th&ocirc;ng (Chương tr&igrave;nh Chất lượng cao)</p>\n</td>\n<td width=\"121\">\n<p>80</p>\n</td>\n<td width=\"104\">\n<p>2%</p>\n</td>\n</tr>\n<tr>\n<td width=\"47\">\n<p>23</p>\n</td>\n<td width=\"118\">\n<p>7520402</p>\n</td>\n<td width=\"289\">\n<p>Kỹ thuật hạt nh&acirc;n</p>\n</td>\n<td width=\"121\">\n<p>50</p>\n</td>\n<td width=\"104\">\n<p>2%</p>\n</td>\n</tr>\n<tr>\n<td width=\"47\">\n<p>24</p>\n</td>\n<td width=\"118\">\n<p>7520403</p>\n</td>\n<td width=\"289\">\n<p>Vật l&yacute; Y khoa</p>\n</td>\n<td width=\"121\">\n<p>40</p>\n</td>\n<td width=\"104\">\n<p>2%</p>\n</td>\n</tr>\n<tr>\n<td width=\"47\">\n<p>25</p>\n</td>\n<td width=\"118\">\n<p>7520501</p>\n</td>\n<td width=\"289\">\n<p>Kỹ thuật địa chất</p>\n</td>\n<td width=\"121\">\n<p>30</p>\n</td>\n<td width=\"104\">\n<p>2%</p>\n</td>\n</tr>\n<tr>\n<td width=\"47\">\n<p>26</p>\n</td>\n<td width=\"118\">\n<p>7850101</p>\n</td>\n<td width=\"289\">\n<p>Quản l&yacute; t&agrave;i nguy&ecirc;n v&agrave; m&ocirc;i trường</p>\n</td>\n<td width=\"121\">\n<p>80</p>\n</td>\n<td width=\"104\">\n<p>2%</p>\n</td>\n</tr>\n</tbody>\n</table>\n<p>&nbsp;</p>\n<p><strong>3.&nbsp; Số lượng nguyện vọng đăng k&yacute; x&eacute;t tuyển</strong></p>\n<p>-&nbsp;&nbsp; Th&iacute; sinh được đăng k&yacute; tối đa 03 nguyện vọng v&agrave;o c&aacute;c ng&agrave;nh/nh&oacute;m ng&agrave;nh.</p>\n<p>-&nbsp;&nbsp; Nếu th&iacute; sinh đăng k&yacute; hai hoặc ba nguyện vọng v&agrave;o c&aacute;c ng&agrave;nh/nh&oacute;m ng&agrave;nh th&igrave; c&aacute;c nguyện vọng được sắp xếp theo thứ tự ưu ti&ecirc;n từ cao xuống thấp (nguyện vọng 1 l&agrave; nguyện vọng cao nhất). Th&iacute; sinh chỉ tr&uacute;ng tuyển v&agrave;o 01 nguyện vọng ưu ti&ecirc;n cao nhất trong danh s&aacute;ch c&aacute;c nguyện vọng đ&atilde; đăng k&yacute;.</p>\n<p><strong>4. Hồ sơ đăng k&yacute; v&agrave; lệ ph&iacute; x&eacute;t tuyển</strong></p>\n<p>-&nbsp;&nbsp;&nbsp;&nbsp;&nbsp;&nbsp; Phiếu đăng k&yacute; x&eacute;t tuyển (th&iacute; sinh điền th&ocirc;ng tin theo mẫu tại Phụ lục 5.1);</p>\n<p>-&nbsp;&nbsp;&nbsp;&nbsp;&nbsp;&nbsp; Bản sao c&oacute; c&ocirc;ng chứng học bạ THPT hoặc bản sao học bạ THPT có x&aacute;c nhận của trường THPT.</p>\n<p>-&nbsp;&nbsp;&nbsp;&nbsp;&nbsp;&nbsp; Bản sao c&oacute; c&ocirc;ng chứng chứng chỉ ngoại ngữ;</p>\n<p>-&nbsp;&nbsp;&nbsp;&nbsp;&nbsp;&nbsp; Lệ ph&iacute; x&eacute;t tuyển: 25.000 đồng/1 nguyện vọng.</p>\n<p><strong>5. Thời gian đăng k&yacute; v&agrave; nộp hồ sơ x&eacute;t tuyển, phương thức nộp hồ sơ</strong></p>\n<p>a)&nbsp;&nbsp; Thời gian đăng k&yacute; v&agrave; nộp hồ sơ x&eacute;t tuyển: Từ ng&agrave;y 25/5/2022 đến ng&agrave;y 20/6/2022.</p>\n<p>b)&nbsp; Phương thức nộp hồ sơ:</p>\n<p>- Nộp trực tiếp: Th&iacute; sinh nộp hồ sơ v&agrave; lệ ph&iacute; trực tiếp tại Trường ĐH KHTN theo địa chỉ: số 227 Nguyễn Văn Cừ, P4, Q.5, TP.HCM &ndash; Ph&ograve;ng Đ&agrave;o tạo (nộp trong giờ h&agrave;nh ch&iacute;nh, từ thứ 2 đến thứ 6, buổi s&aacute;ng từ 8giờ00 đến 11giờ00, buổi chiều từ 13giờ30 đến 16giờ30).</p>\n<p>- Nộp qua đường bưu điện chuyển ph&aacute;t nhanh:</p>\n<p>&middot; Hồ sơ: Th&iacute; sinh nộp hồ sơ qua đường bưu điện chuyển ph&aacute;t nhanh theo địa chỉ: Trường ĐH KHTN, Ph&ograve;ng Đ&agrave;o tạo, số 227 Nguyễn Văn Cừ, P4, Q.5, TP.HCM. Trường chỉ nhận hồ sơ trong thời gian quy định căn cứ v&agrave;o dấu x&aacute;c nhận ng&agrave;y gửi hồ sơ của Bưu điện. Trường sẽ hậu kiểm lại hồ sơ khi th&iacute; sinh l&agrave;m thủ tục nhập học.</p>\n<p>&middot; Lệ ph&iacute;: Th&iacute; sinh nộp hồ sơ qua đường bưu điện sẽ nộp lệ ph&iacute; bằng c&aacute;ch chuyển khoản ng&acirc;n h&agrave;ng theo hướng dẫn như sau:</p>\n<p>&nbsp; T&ecirc;n t&agrave;i khoản ng&acirc;n h&agrave;ng (viết đầy đủ): Trường Đại học Khoa học Tự nhi&ecirc;n.</p>\n<p>&nbsp; Số t&agrave;i khoản: 638 020 101 7313, ng&acirc;n h&agrave;ng Agribank, chi nh&aacute;nh B&igrave;nh Thạnh.</p>\n<p>&nbsp; Nội dung chuyển tiền: Th&iacute; sinh ghi đ&uacute;ng thứ tự như sau: Số căn cước c&ocirc;ng d&acirc;n/Số chứng minh nh&acirc;n d&acirc;n - Họ v&agrave; t&ecirc;n - LPXT PT5 (V&iacute; dụ: 012345678999 - Nguyễn Văn A- LPXT PT5).</p>\n<p><strong>6.&nbsp;Ti&ecirc;u ch&iacute; x&eacute;t tuyển</strong></p>\n<p>- X&eacute;t tuyển dựa tr&ecirc;n kết quả học tập trung b&igrave;nh GPA của 03 năm học cuối cấp (lớp 10, lớp 11, lớp 12 đối với hệ 12 năm học THPT hay lớp 11, lớp 12, lớp 13 đối với hệ 13 năm học THPT)</p>\n<p>- Điểm thi TOEFL hoặc điểm thi IELTS (x&eacute;t theo bảng quy đổi tương đương đ&iacute;nh k&egrave;m Phụ lục 5.2)</p>\n<p><strong>7. Ng&agrave;nh được x&eacute;t tuy&ecirc;̉n:</strong>&nbsp;Hội đồng tuyển sinh Trường ĐH KHTN quyết định ng&agrave;nh tr&uacute;ng tuy&ecirc;̉n cho th&iacute; sinh căn cứ v&agrave;o nguyện vọng của th&iacute; sinh v&agrave; điều kiện chỉ ti&ecirc;u x&eacute;t tuyển từng ng&agrave;nh.</p>\n<p><strong>8. C&ocirc;ng bố danh s&aacute;ch đủ điều kiện tr&uacute;ng tuyển</strong></p>\n<p>- Chậm nhất l&agrave; ng&agrave;y 30/6/2022, Trường sẽ c&ocirc;ng bố danh s&aacute;ch th&iacute; sinh đủ điều kiện tr&uacute;ng tuyển tr&ecirc;n trang th&ocirc;ng tin điện tử của trường theo địa chỉ:&nbsp; www.hcmus.edu.vn.</p>\n<p>- Danh s&aacute;ch đủ điều kiện tr&uacute;ng tuyển sẽ được cập nhật l&ecirc;n cổng th&ocirc;ng tin của Bộ Gi&aacute;o dục v&agrave; Đ&agrave;o tạo. Th&iacute; sinh tr&uacute;ng tuyển theo d&otilde;i th&ocirc;ng b&aacute;o của Trường, thực hiện đ&uacute;ng theo quy chế tuyển sinh của Bộ Gi&aacute;o dục v&agrave; Đ&agrave;o tạo để được c&ocirc;ng nhận tr&uacute;ng tuyển ch&iacute;nh thức.</p>\n<p><strong>9.&nbsp;Thời gian x&aacute;c nhận nhập học v&agrave; l&agrave;m thủ tục nhập học:</strong>&nbsp;Theo kế hoạch chung của ĐHQG-HCM, Trường sẽ th&ocirc;ng b&aacute;o sau.</p>\n<div class=\"attachmentsContainer\">\n<div id=\"attachmentsList_com_content_article_99\" class=\"attachmentsList\">\n<table><caption>Attachments:</caption>\n<tbody>\n<tr class=\"odd\">\n<td class=\"at_filename\"><a class=\"at_icon\" title=\"Download this file (TB 03_TB xet tuyen ky thi quoc te_PT5_2022.pdf)\" href=\"https://tuyensinh.hcmus.edu.vn/attachments/article/99/TB%2003_TB%20xet%20tuyen%20ky%20thi%20quoc%20te_PT5_2022.pdf\"><img src=\"https://tuyensinh.hcmus.edu.vn/media/com_attachments/images/file_icons/pdf.gif\" alt=\"Download this file (TB 03_TB xet tuyen ky thi quoc te_PT5_2022.pdf)\" /></a><a class=\"at_url\" title=\"Download this file (TB 03_TB xet tuyen ky thi quoc te_PT5_2022.pdf)\" href=\"https://tuyensinh.hcmus.edu.vn/attachments/article/99/TB%2003_TB%20xet%20tuyen%20ky%20thi%20quoc%20te_PT5_2022.pdf\">TB 03_TB xet tuyen ky thi quoc te_PT5_2022.pdf</a></td>\n<td class=\"at_description\">[&nbsp;]</td>\n<td class=\"at_file_size\">3560 kB</td>\n</tr>\n</tbody>\n</table>\n</div>\n</div>\n</div>','2022-06-14 09:53:06','Admin','thong-bao-ve-phuong-thuc-5-dua-tren-ket-qua-cac-ky-thi-quoc-te-1655200350971','hidden','DH','',''),(156,'Thông báo về phương thức 6: xét tuyển vào các chương trình Tiên tiến và Chất lượng cao bằng phương thức dựa trên kết quả các chứng chỉ ngoại ngữ quốc tế kết hợp với kết quả học tập THPT','<p>Hội đồng tuyển sinh Trường Đại học Khoa học Tự nhi&ecirc;n, ĐHQG-HCM (sau đ&acirc;y gọi tắt l&agrave; Trường ĐH KHTN hoặc Trường) th&ocirc;ng b&aacute;o về việc x&eacute;t tuyển v&agrave;o đại học hệ ch&iacute;nh quy năm 2022 thuộc c&aacute;c chương tr&igrave;nh Ti&ecirc;n tiến v&agrave; Chất lượng cao của Trường bằng phương thức dựa tr&ecirc;n kết quả c&aacute;c chứng chỉ ngoại ngữ quốc tế kết hợp với kết quả học tập THPT như sau:</p>\n<p><strong>1. Đối tượng x&eacute;t tuyển:</strong></p>\n<p>Th&iacute; sinh phải thỏa đồng thời tất cả c&aacute;c điều kiện như sau:</p>\n<p>-&nbsp;&nbsp; Th&iacute; sinh l&agrave; người Việt Nam đ&atilde; học v&agrave; tốt nghiệp THPT theo chương tr&igrave;nh 12 năm của Bộ Gi&aacute;o dục v&agrave; Đ&agrave;o tạo.</p>\n<p>-&nbsp;&nbsp; C&oacute; đủ sức khỏe để học tập theo quy định hiện h&agrave;nh.</p>\n<p>-&nbsp;&nbsp; Hạnh kiểm từ kh&aacute; trở l&ecirc;n trong 03 năm lớp 10, 11 v&agrave; 12.</p>\n<p>-&nbsp;&nbsp; Đạt kết quả xếp loại học sinh giỏi cả 03 năm học lớp 10, 11 v&agrave; 12.</p>\n<p>-&nbsp;&nbsp; C&oacute; chứng chỉ IELTS từ 6.0 trở l&ecirc;n hoặc TOEFL iBT từ 65 trở l&ecirc;n.</p>\n<p><strong>2. Chỉ ti&ecirc;u v&agrave; số lượng nguyện vọng đăng k&yacute; x&eacute;t tuyển</strong></p>\n<p>a)&nbsp;&nbsp; Chỉ ti&ecirc;u x&eacute;t tuyển phương thức n&agrave;y từ 8% đến 15% tr&ecirc;n tổng chỉ ti&ecirc;u theo ng&agrave;nh/nh&oacute;m ng&agrave;nh năm 2022 như sau:</p>\n<table border=\"1\" width=\"652\">\n<thead>\n<tr>\n<td width=\"42\">\n<p><strong>STT</strong></p>\n</td>\n<td width=\"114\">\n<p><strong>M&atilde; ng&agrave;nh</strong></p>\n</td>\n<td width=\"287\">\n<p><strong>T&ecirc;n ng&agrave;nh</strong></p>\n</td>\n<td width=\"104\">\n<p><strong>Tổng chỉ ti&ecirc;u năm 2022</strong></p>\n</td>\n<td width=\"104\">\n<p><strong>Tỉ lệ % phương thức 6</strong></p>\n</td>\n</tr>\n</thead>\n<tbody>\n<tr>\n<td width=\"42\">\n<p>1</p>\n</td>\n<td width=\"114\">\n<p>7420101_CLC</p>\n</td>\n<td width=\"287\">\n<p>Sinh học (Chương tr&igrave;nh Chất lượng cao)</p>\n</td>\n<td width=\"104\">\n<p>80</p>\n</td>\n<td width=\"104\">\n<p>8% -&gt; 15%</p>\n</td>\n</tr>\n<tr>\n<td width=\"42\">\n<p>2</p>\n</td>\n<td width=\"114\">\n<p>7420201_CLC</p>\n</td>\n<td width=\"287\">\n<p>C&ocirc;ng nghệ Sinh học (Chương tr&igrave;nh Chất lượng cao)</p>\n</td>\n<td width=\"104\">\n<p>120</p>\n</td>\n<td width=\"104\">\n<p>8% -&gt; 15%</p>\n</td>\n</tr>\n<tr>\n<td width=\"42\">\n<p>3</p>\n</td>\n<td width=\"114\">\n<p>7440112_CLC</p>\n</td>\n<td width=\"287\">\n<p>H&oacute;a học (Chương tr&igrave;nh Chất lượng cao)</p>\n</td>\n<td width=\"104\">\n<p>120</p>\n</td>\n<td width=\"104\">\n<p>8% -&gt; 15%</p>\n</td>\n</tr>\n<tr>\n<td width=\"42\">\n<p>4</p>\n</td>\n<td width=\"114\">\n<p>7440301_CLC</p>\n</td>\n<td width=\"287\">\n<p>Khoa học M&ocirc;i trường (Chương tr&igrave;nh Chất lượng cao)</p>\n</td>\n<td width=\"104\">\n<p>40</p>\n</td>\n<td width=\"104\">\n<p>8% -&gt; 15%</p>\n</td>\n</tr>\n<tr>\n<td width=\"42\">\n<p>5</p>\n</td>\n<td width=\"114\">\n<p>7480101_TT</p>\n</td>\n<td width=\"287\">\n<p>Khoa học m&aacute;y t&iacute;nh (Chương tr&igrave;nh Ti&ecirc;n tiến)</p>\n</td>\n<td width=\"104\">\n<p>80</p>\n</td>\n<td width=\"104\">\n<p>8% -&gt; 15%</p>\n</td>\n</tr>\n<tr>\n<td width=\"42\">\n<p>6</p>\n</td>\n<td width=\"114\">\n<p>7480201_CLC</p>\n</td>\n<td width=\"287\">\n<p>C&ocirc;ng nghệ th&ocirc;ng tin (Chương tr&igrave;nh Chất lượng cao)</p>\n</td>\n<td width=\"104\">\n<p>450</p>\n</td>\n<td width=\"104\">\n<p>8% -&gt; 15%</p>\n</td>\n</tr>\n<tr>\n<td width=\"42\">\n<p>7</p>\n</td>\n<td width=\"114\">\n<p>7510401_CLC</p>\n</td>\n<td width=\"287\">\n<p>C&ocirc;ng nghệ kỹ thuật Ho&aacute; học (Chương tr&igrave;nh Chất lượng cao)</p>\n</td>\n<td width=\"104\">\n<p>120</p>\n</td>\n<td width=\"104\">\n<p>8% -&gt; 15%</p>\n</td>\n</tr>\n<tr>\n<td width=\"42\">\n<p>8</p>\n</td>\n<td width=\"114\">\n<p>7520207_CLC</p>\n</td>\n<td width=\"287\">\n<p>Kỹ thuật điện tử - viễn th&ocirc;ng (Chương tr&igrave;nh Chất lượng cao)</p>\n</td>\n<td width=\"104\">\n<p>80</p>\n</td>\n<td width=\"104\">\n<p>8% -&gt; 15%</p>\n</td>\n</tr>\n</tbody>\n</table>\n<p>b)&nbsp; Số lượng nguyện vọng đăng k&yacute; x&eacute;t tuyển</p>\n<p>- Th&iacute; sinh được đăng k&yacute; tối đa 03 nguyện vọng v&agrave;o c&aacute;c ng&agrave;nh/nh&oacute;m ng&agrave;nh.</p>\n<p>- Nếu th&iacute; sinh đăng k&yacute; hai hoặc ba nguyện vọng v&agrave;o c&aacute;c ng&agrave;nh/nh&oacute;m ng&agrave;nh th&igrave; c&aacute;c nguyện vọng được sắp xếp theo thứ tự ưu ti&ecirc;n từ cao xuống thấp (nguyện vọng 1 l&agrave; nguyện vọng cao nhất). Th&iacute; sinh chỉ tr&uacute;ng tuyển v&agrave;o 01 nguyện vọng ưu ti&ecirc;n cao nhất trong danh s&aacute;ch c&aacute;c nguyện vọng đ&atilde; đăng k&yacute;.</p>\n<p><strong>3. Hướng dẫn đăng k&yacute;:</strong></p>\n<p>- Bước 1: Truy cập trang th&ocirc;ng tin điện tử của Trường theo địa chỉ&nbsp;<a href=\"https://tsdh.hcmus.edu.vn/\">https://tsdh.hcmus.edu.vn</a>&nbsp;để điền th&ocirc;ng tin đăng k&yacute; x&eacute;t tuyển theo phương thức 6 (tham khảo trước tại Phụ lục 6.1).</p>\n<p>-&nbsp;Bước 2: Sau khi đăng k&yacute; th&agrave;nh c&ocirc;ng, th&iacute; sinh in phiếu đăng k&yacute; x&eacute;t tuyển v&agrave; k&yacute; t&ecirc;n x&aacute;c nhận.</p>\n<p>- Bước 3: Nộp bộ hồ sơ đăng k&yacute; x&eacute;t tuyển cho Trường ĐH KHTN theo quy định của th&ocirc;ng b&aacute;o n&agrave;y.</p>\n<p><strong>4. Hồ sơ đăng k&yacute; v&agrave; lệ ph&iacute; x&eacute;t tuyển</strong></p>\n<p>- Phiếu đăng k&yacute; x&eacute;t tuyển được ho&agrave;n th&agrave;nh v&agrave; in từ hệ thống đăng k&yacute; tại mục 3.</p>\n<p>-&nbsp;Bản sao c&oacute; c&ocirc;ng chứng học bạ THPT (hoặc bản sao học bạ THPT có x&aacute;c nhận của trường THPT).</p>\n<p>- Bản sao c&oacute; c&ocirc;ng chứng chứng chỉ ngoại ngữ;</p>\n<p>- Lệ ph&iacute; x&eacute;t tuyển: 25.000 đồng/1 nguyện vọng.</p>','2022-06-16 13:35:05','Admin','thong-bao-ve-phuong-thuc-6-xet-tuyen-vao-cac-chuong-trinh-tien-tien-va-chat-luong-cao-bang-phuong-thuc-dua-tren-ket-qua-cac-chung-chi-ngoai-ngu-quoc-te-ket-hop-voi-ket-qua-hoc-tap-thpt-1655386505939','publish','SDH','CH','http://kenhtuyensinhdaihoc.edu.vn/storage/co-chung-chi-ielts-thi-sinh-rong-cua-vao-dai-hoc-uy-tin-540x360.jpg'),(157,'Thông báo về phương thức 5: Dựa trên kết quả các kỳ thi quốc tế','<p><strong>1. Đối tượng x&eacute;t tuyển:</strong></p>\n<p>Th&iacute; sinh phải thỏa đồng thời tất cả c&aacute;c điều kiện chung v&agrave; điều kiện ri&ecirc;ng theo đối tượng như sau:</p>\n<p>a) Điều kiện chung:</p>\n<p>- Đ&atilde; tốt nghiệp THPT theo chương tr&igrave;nh của nước ngo&agrave;i.</p>\n<p>- C&oacute; đủ sức khỏe để học tập theo quy định hiện h&agrave;nh.</p>\n<p>- Hạnh kiểm từ kh&aacute; trở l&ecirc;n trong 03 năm cuối cấp THPT.</p>\n<p><strong>b) Điều kiện ri&ecirc;ng đối với th&iacute; sinh l&agrave; người Việt Nam học Trường nước ngo&agrave;i tại Việt Nam hay tại nước ngo&agrave;i:</strong></p>\n<p>- Chương tr&igrave;nh THPT th&iacute; sinh theo học v&agrave; được cấp bằng THPT phải được c&ocirc;ng nhận tại nước sở tại.</p>\n<p>- C&oacute; chứng chỉ IELTS từ 5.5 trở l&ecirc;n hay TOEFL iBT từ 50 trở l&ecirc;n (chứng chỉ phải c&ograve;n thời hạn t&iacute;nh đến thời điểm nộp hồ sơ x&eacute;t tuyển).</p>\n<p>- Th&iacute; sinh tốt nghiệp tại Việt Nam th&igrave; chương tr&igrave;nh c&oacute; yếu tố nước ngo&agrave;i phải được Sở Gi&aacute;o dục v&agrave; Đ&agrave;o tạo của tỉnh/th&agrave;nh phố trực thuộc trung ương c&ocirc;ng nhận.</p>','2022-06-16 13:35:46','Admin','thong-bao-ve-phuong-thuc-5-dua-tren-ket-qua-cac-ky-thi-quoc-te-1655386546402','publish','SDH','NCS','http://kenhtuyensinhdaihoc.edu.vn/storage/co-chung-chi-ielts-thi-sinh-rong-cua-vao-dai-hoc-uy-tin-540x360.jpg'),(158,'Thông báo về Phương thức 4: Dựa trên kết quả kỳ thi đánh giá năng lực do ĐHQG-HCM tổ chức năm 2022','<p>Hội đồng tuyển sinh Trường Đại học Khoa học Tự nhi&ecirc;n, ĐHQG-HCM (sau đ&acirc;y gọi tắt l&agrave; Trường ĐH KHTN hoặc Trường) th&ocirc;ng b&aacute;o về việc x&eacute;t tuyển đại học hệ ch&iacute;nh quy dựa tr&ecirc;n kết quả kỳ thi đ&aacute;nh gi&aacute; năng lực do ĐHQG-HCM tổ chức năm 2022 như sau:</p>\n<ol>\n<li><strong>Đối tượng được tham gia x&eacute;t tuyển</strong></li>\n</ol>\n<p>- Đ&atilde; tốt nghiệp THPT (theo h&igrave;nh thức gi&aacute;o dục ch&iacute;nh quy hoặc gi&aacute;o dục thường xuy&ecirc;n) hoặc đ&atilde; tốt nghiệp trung cấp, sau đ&acirc;y gọi chung l&agrave; tốt nghiệp trung học; Người tốt nghiệp trung cấp nhưng chưa c&oacute; bằng tốt nghiệp THPT phải học v&agrave; được c&ocirc;ng nhận ho&agrave;n th&agrave;nh c&aacute;c m&ocirc;n văn h&oacute;a trong chương tr&igrave;nh gi&aacute;o dục THPT theo quy định của Bộ Gi&aacute;o dục v&agrave; Đ&agrave;o tạo.</p>\n<p>- C&oacute; tham dự kỳ thi đ&aacute;nh gi&aacute; năng lực do ĐHQG-HCM tổ chức năm 2022.</p>\n<p>- Có đủ sức khoẻ đ&ecirc;̉ học tập theo quy định hiện hành.</p>\n<ol start=\"2\">\n<li><strong>Số lượng nguyện vọng đăng k&yacute;</strong></li>\n</ol>\n<p>- Kh&ocirc;ng giới hạn số nguyện vọng đăng k&yacute; v&agrave;o c&aacute;c ng&agrave;nh/nh&oacute;m ng&agrave;nh của Trường ĐH KHTN.</p>\n<p>- Nếu th&iacute; sinh đăng k&yacute; nhiều hơn hai nguyện vọng v&agrave;o c&aacute;c ng&agrave;nh/nh&oacute;m ng&agrave;nh của Trường ĐH KHTN th&igrave; c&aacute;c nguyện vọng được sắp xếp theo thứ tự ưu ti&ecirc;n từ cao xuống thấp (nguyện vọng 1 l&agrave; nguyện vọng cao nhất). Th&iacute; sinh chỉ tr&uacute;ng tuyển v&agrave;o 01 nguyện vọng ưu ti&ecirc;n cao nhất trong danh s&aacute;ch c&aacute;c nguyện vọng đ&atilde; đăng k&yacute;. Ngo&agrave;i ra, thứ tự ưu ti&ecirc;n nguyện vọng từ cao xuống thấp cũng được t&iacute;nh đến nếu th&iacute; sinh đăng k&yacute; nhiều trường thuộc ĐHQG-HCM.</p>','2022-06-16 13:36:10','Admin','thong-bao-ve-phuong-thuc-4-dua-tren-ket-qua-ky-thi-danh-gia-nang-luc-do-dhqg-hcm-to-chuc-nam-2022-1655386570691','publish','SDH','CH','http://kenhtuyensinhdaihoc.edu.vn/storage/co-chung-chi-ielts-thi-sinh-rong-cua-vao-dai-hoc-uy-tin-540x360.jpg'),(159,'Thông báo về Phương thức 2: Ưu tiên xét tuyển thẳng và ưu tiên xét tuyển theo quy định của ĐHQG-HCM','<p>ội đồng tuyển sinh Trường Đại học Khoa học Tự nhi&ecirc;n, ĐHQG-HCM (sau đ&acirc;y gọi tắt l&agrave; Trường ĐH KHTN hoặc Trường) th&ocirc;ng b&aacute;o về việc ưu ti&ecirc;n x&eacute;t tuyển thẳng và ưu ti&ecirc;n x&eacute;t tuyển v&agrave;o đại học hệ ch&iacute;nh quy năm 2022 của Trường theo quy định của ĐHQG-HCM như sau:</p>\n<p><strong>I. ƯU TI&Ecirc;N X&Eacute;T TUYỂN THẲNG</strong></p>\n<p><strong>1. Đối tượng ưu ti&ecirc;n x&eacute;t tuyển thẳng (ƯTXTT)</strong>: L&agrave; học sinh thuộc nh&oacute;m 03 học sinh của c&aacute;c trường đ&agrave;o tạo chương tr&igrave;nh gi&aacute;o dục trung học phổ th&ocirc;ng ch&iacute;nh quy (trường Tiểu học-THCS-THPT, trường THCS-THPT, trường THPT, sau đ&acirc;y gọi chung l&agrave; trường THPT) c&oacute; điểm trung b&igrave;nh cộng học lực 3 năm học lớp 10, 11 v&agrave; 12 cao nhất Trường THPT v&agrave; được Hiệu trưởng giới thiệu (hoặc Ph&oacute; Hi&ecirc;̣u trưởng được Hiệu trưởng ủy quyền giới thiệu), đồng thời phải thỏa c&aacute;c điều kiện sau:</p>\n<p>a) Tốt nghiệp THPT năm 2022.</p>\n<p>b) Đạt học lực giỏi v&agrave; hạnh kiểm tốt trong 3 năm học lớp 10, 11 v&agrave; 12.&nbsp;</p>\n<p>c) Chỉ &aacute;p dụng một lần vào năm học sinh tốt nghiệp THPT năm 2022.</p>\n<p><strong>2. Chỉ ti&ecirc;u v&agrave; số lượng nguyện vọng đăng k&yacute; ƯTXTT</strong></p>\n<p>a) Chỉ ti&ecirc;u: từ 1% - 5% chỉ ti&ecirc;u theo ng&agrave;nh/nh&oacute;m ng&agrave;nh.</p>\n<p>b) Số lượng nguyện vọng đăng k&yacute; x&eacute;t tuyển:</p>\n<p>- C&aacute;c th&iacute; sinh được đăng k&yacute; ƯTXTT tối đa 03 nguyện vọng v&agrave;o c&aacute;c nh&oacute;m ng&agrave;nh/ng&agrave;nh của Trường ĐH KHTN (th&iacute; sinh chỉ được nộp cho duy nhất 01 Trường hoặc 01 đơn vị l&agrave; th&agrave;nh vi&ecirc;n của ĐHQG-HCM).</p>\n<p>- C&aacute;c nguyện vọng được sắp xếp theo thứ tự ưu ti&ecirc;n từ cao xuống thấp (nguyện vọng 1 l&agrave; nguyện vọng cao nhất).</p>\n<p><strong>3. Hướng dẫn c&aacute;ch thức đăng k&yacute; ƯTXTT:</strong></p>\n<p>a) Bước 1: Truy cập trang th&ocirc;ng tin điện tử của ĐHQG-HCM để điền th&ocirc;ng tin đăng k&yacute; ƯTXTT địa chỉ đường link: tuyensinh.vnuhcm.edu.vn (tham khảo trước mẫu phiếu đăng k&yacute; tại Phụ lục 2.1).</p>\n<p>b) Bước 2: Sau khi đăng k&yacute; th&agrave;nh c&ocirc;ng, th&iacute; sinh in phiếu đăng k&yacute; ƯTXTT, d&aacute;n ảnh thẻ 4x6 mới nhất trong v&ograve;ng 6 th&aacute;ng, k&yacute; t&ecirc;n v&agrave; l&agrave;m thủ tục xin Hiệu trưởng/Ph&oacute; Hiệu trưởng trường THPT x&aacute;c nhận c&aacute;c th&ocirc;ng tin của th&iacute; sinh đ&atilde; khai tr&ecirc;n phiếu đăng k&yacute; đồng thời việc giới thiệu phải đảm bảo th&iacute; sinh thuộc đ&uacute;ng đối tượng tại khoản 1 mục I th&ocirc;ng b&aacute;o n&agrave;y.</p>\n<p>c) Bước 3: Nộp bộ hồ sơ đăng k&yacute; ƯTXTT cho Trường ĐH KHTN trong theo quy định tại th&ocirc;ng b&aacute;o n&agrave;y.</p>','2022-06-16 13:36:31','Admin','thong-bao-ve-phuong-thuc-2-uu-tien-xet-tuyen-thang-va-uu-tien-xet-tuyen-theo-quy-dinh-cua-dhqg-hcm-1655386591384','publish','SDH','NCS','http://kenhtuyensinhdaihoc.edu.vn/storage/co-chung-chi-ielts-thi-sinh-rong-cua-vao-dai-hoc-uy-tin-540x360.jpg'),(160,'Thông báo về Phương thức 2: Ưu tiên xét tuyển thẳng và ưu tiên xét tuyển theo quy định của ĐHQG-HCM','<p>Hội đồng tuyển sinh Trường Đại học Khoa học Tự nhi&ecirc;n, ĐHQG-HCM (sau đ&acirc;y gọi tắt l&agrave; Trường ĐH KHTN hoặc Trường) th&ocirc;ng b&aacute;o về việc ưu ti&ecirc;n x&eacute;t tuyển thẳng và ưu ti&ecirc;n x&eacute;t tuyển v&agrave;o đại học hệ ch&iacute;nh quy năm 2022 của Trường theo quy định của ĐHQG-HCM như sau:</p>\n<p><strong>I. ƯU TI&Ecirc;N X&Eacute;T TUYỂN THẲNG</strong></p>\n<p><strong>1. Đối tượng ưu ti&ecirc;n x&eacute;t tuyển thẳng (ƯTXTT)</strong>: L&agrave; học sinh thuộc nh&oacute;m 03 học sinh của c&aacute;c trường đ&agrave;o tạo chương tr&igrave;nh gi&aacute;o dục trung học phổ th&ocirc;ng ch&iacute;nh quy (trường Tiểu học-THCS-THPT, trường THCS-THPT, trường THPT, sau đ&acirc;y gọi chung l&agrave; trường THPT) c&oacute; điểm trung b&igrave;nh cộng học lực 3 năm học lớp 10, 11 v&agrave; 12 cao nhất Trường THPT v&agrave; được Hiệu trưởng giới thiệu (hoặc Ph&oacute; Hi&ecirc;̣u trưởng được Hiệu trưởng ủy quyền giới thiệu), đồng thời phải thỏa c&aacute;c điều kiện sau:</p>\n<p>a) Tốt nghiệp THPT năm 2022.</p>\n<p>b) Đạt học lực giỏi v&agrave; hạnh kiểm tốt trong 3 năm học lớp 10, 11 v&agrave; 12.&nbsp;</p>\n<p>c) Chỉ &aacute;p dụng một lần vào năm học sinh tốt nghiệp THPT năm 2022.</p>','2022-06-16 13:37:27','Admin','thong-bao-ve-phuong-thuc-2-uu-tien-xet-tuyen-thang-va-uu-tien-xet-tuyen-theo-quy-dinh-cua-dhqg-hcm-1655386647731','publish','TX','Default','http://kenhtuyensinhdaihoc.edu.vn/storage/co-chung-chi-ielts-thi-sinh-rong-cua-vao-dai-hoc-uy-tin-540x360.jpg'),(161,'THÔNG BÁO Quy trình thực hiện thủ tục nộp hồ sơ xác nhận nhập học và nhập học đối với thí sinh thuộc diện đặc cách tốt nghiệp THPT năm 2021','<h2><strong>TH&Ocirc;NG B&Aacute;O</strong></h2>\n<p><strong>Quy tr&igrave;nh thực hiện thủ tục nộp hồ sơ x&aacute;c nhận nhập học v&agrave; nhập học</strong></p>\n<p><strong>đối với th&iacute; sinh thuộc diện đặc c&aacute;ch tốt nghiệp THPT năm 2021</strong></p>\n<p><strong>&nbsp;</strong></p>\n<p>Để đảm bảo ph&ograve;ng, chống dịch x&acirc;m nhập, l&acirc;y lan trong m&ocirc;i trường học đường v&agrave; đảm bảo sức khỏe cho th&iacute; sinh, c&aacute;n bộ - vi&ecirc;n chức, người lao động v&agrave; cộng đồng, Hội đồng tuyển sinh Trường Đại học Khoa học Tự nhi&ecirc;n, ĐHQG-HCM th&ocirc;ng b&aacute;o đến th&iacute; sinh tr&uacute;ng tuyển v&agrave;o đại học ch&iacute;nh quy năm 2021 theo phương thức dựa v&agrave;o học bạ kết hợp c&aacute;c ti&ecirc;u ch&iacute; phụ trong x&eacute;t tuyển cho th&iacute; sinh thuộc diện đặc c&aacute;ch tốt nghiệp THPT năm 2021 (<strong>p</strong><strong>hương thức x&eacute;t tuyển 7</strong>)&nbsp;về quy tr&igrave;nh thực hiện thủ tục nộp hồ sơ x&aacute;c nhận nhập học v&agrave; nhập học như sau:</p>\n<p>1. Th&iacute; sinh phải&nbsp;<strong>thực hiện đủ 02 thủ tục (A) v&agrave; (B)</strong>&nbsp;để được c&ocirc;ng nhận l&agrave; sinh vi&ecirc;n ch&iacute;nh thức của Trường:</p>\n<p><strong>A. Thủ tục x&aacute;c nhận nhập học:</strong></p>\n<ul>\n<li>Từ&nbsp;<strong>9giờ00</strong>&nbsp;ng&agrave;y&nbsp;<strong>18/9/2021</strong>&nbsp;đến hết ng&agrave;y&nbsp;<strong>26/9/2021</strong>&nbsp;th&iacute; sinh l&agrave;m thủ tục x&aacute;c nhận nhập học phải thực hiện đủ 02 quy tr&igrave;nh như sau:&nbsp;<strong>Nộp hồ sơ trực tuyến</strong>&nbsp;v&agrave;&nbsp;<strong>Nộp hồ sơ qua&nbsp;</strong><strong>B</strong><strong>ưu điện</strong>. C&aacute;c loại hồ sơ v&agrave; quy tr&igrave;nh thực hiện thủ tục x&aacute;c nhận nhập học được quy định chi tiết tại&nbsp;<strong><em>Phụ lục&nbsp;</em></strong><strong><em>Quy tr&igrave;nh thực hiện thủ tục nộp hồ sơ x&aacute;c nhận nhập học đối với th&iacute; sinh tr&uacute;ng tuyển v&agrave;o đại học ch&iacute;nh quy năm 2021</em>&nbsp;</strong><strong>(</strong>đ&iacute;nh k&egrave;m th&ocirc;ng b&aacute;o).</li>\n<li>Th&iacute; sinh phải ho&agrave;n tất trước&nbsp;<strong>thủ tục x&aacute;c nhận nhập học</strong><strong>&nbsp;trực tuyến</strong>&nbsp;rồi mới tiến h&agrave;nh&nbsp;<strong>thủ tục nhập học</strong><strong>.</strong></li>\n</ul>','2022-06-16 13:37:46','Admin','thong-bao-quy-trinh-thuc-hien-thu-tuc-nop-ho-so-xac-nhan-nhap-hoc-va-nhap-hoc-doi-voi-thi-sinh-thuoc-dien-dac-cach-tot-nghiep-thpt-nam-2021-1655386666948','publish','TX','Default','http://kenhtuyensinhdaihoc.edu.vn/storage/co-chung-chi-ielts-thi-sinh-rong-cua-vao-dai-hoc-uy-tin-540x360.jpg'),(162,'THÔNG BÁO Quy trình thực hiện thủ tục nộp hồ sơ xác nhận nhập học và nhập học đối với thí sinh trúng tuyển vào đại học chính quy năm 2021 dựa trên kết quả kỳ thi tốt nghiệp THPT năm 2021','<h2><strong>TH&Ocirc;NG B&Aacute;O</strong></h2>\n<p><strong>Quy tr&igrave;nh thực hiện thủ tục nộp hồ sơ x&aacute;c nhận nhập học v&agrave; nhập học</strong></p>\n<p><strong>đối với th&iacute; sinh tr&uacute;ng tuyển v&agrave;o đại học ch&iacute;nh quy năm 2021</strong></p>\n<p><strong>dựa tr&ecirc;n&nbsp;</strong><strong>kết quả kỳ thi tốt nghiệp THPT năm 2021&nbsp;</strong><strong>&nbsp;</strong></p>\n<p><strong>&nbsp;</strong></p>\n<p>Để đảm bảo ph&ograve;ng, chống dịch x&acirc;m nhập, l&acirc;y lan trong m&ocirc;i trường học đường v&agrave; đảm bảo sức khỏe cho th&iacute; sinh, c&aacute;n bộ - vi&ecirc;n chức, người lao động v&agrave; cộng đồng, Hội đồng tuyển sinh Trường Đại học Khoa học Tự nhi&ecirc;n, ĐHQG-HCM th&ocirc;ng b&aacute;o đến th&iacute; sinh tr&uacute;ng tuyển v&agrave;o đại học ch&iacute;nh quy năm 2021 theo phương thức dựa tr&ecirc;n kết quả kỳ thi tốt nghiệp THPT năm 2021 (<strong>p</strong><strong>hương thức x&eacute;t tuyển 3</strong>) về quy tr&igrave;nh thực hiện thủ tục nộp hồ sơ x&aacute;c nhận nhập học v&agrave; nhập học như sau:</p>\n<p>1. Th&iacute; sinh phải&nbsp;<strong>thực hiện đủ 02 thủ tục (A) v&agrave; (B)</strong>&nbsp;để được c&ocirc;ng nhận l&agrave; sinh vi&ecirc;n ch&iacute;nh thức của Trường:</p>\n<p><strong>A. Thủ tục x&aacute;c nhận nhập học:</strong></p>\n<ul>\n<li>Từ&nbsp;<strong>9giờ00</strong>&nbsp;ng&agrave;y&nbsp;<strong>18/9/2021</strong>&nbsp;đến hết ng&agrave;y&nbsp;<strong>26/9/2021</strong>&nbsp;th&iacute; sinh l&agrave;m thủ tục x&aacute;c nhận nhập học phải thực hiện đủ 02 quy tr&igrave;nh như sau:&nbsp;<strong>Nộp hồ sơ trực tuyến</strong>&nbsp;v&agrave;&nbsp;<strong>Nộp hồ sơ qua&nbsp;</strong><strong>B</strong><strong>ưu điện</strong>. C&aacute;c loại hồ sơ v&agrave; quy tr&igrave;nh thực hiện thủ tục x&aacute;c nhận nhập học được quy định chi tiết tại&nbsp;<strong><em>Phụ lục&nbsp;</em></strong><strong><em>Quy tr&igrave;nh thực hiện thủ tục nộp hồ sơ x&aacute;c nhận nhập học đối với th&iacute; sinh tr&uacute;ng tuyển v&agrave;o đại học ch&iacute;nh quy năm 2021</em>&nbsp;</strong><strong>(</strong>đ&iacute;nh k&egrave;m th&ocirc;ng b&aacute;o).</li>\n<li>Th&iacute; sinh phải ho&agrave;n tất trước&nbsp;<strong>thủ tục x&aacute;c nhận nhập học</strong><strong>&nbsp;trực tuyến</strong>&nbsp;rồi mới tiến h&agrave;nh&nbsp;<strong>thủ tục nhập học</strong><strong>.</strong></li>\n</ul>\n<p><strong>B. Thủ tục nhập học</strong>&nbsp;<strong>được thực hiện theo đủ 02 quy tr&igrave;nh</strong><strong>&nbsp;như sau</strong>:</p>\n<ul>\n<li><strong>Nộp hồ sơ trực tuyến</strong><strong>:&nbsp;</strong>bắt buộc h&igrave;nh thức n&agrave;y phải thực hiện trong khoảng thời gian từ ng&agrave;y&nbsp;<strong>18/9/2021</strong>&nbsp;đến hết ng&agrave;y&nbsp;<strong>26/9/2021.</strong></li>\n<li><strong>Nộp hồ sơ trực tiếp</strong>&nbsp;khi sinh vi&ecirc;n đến trường học tập ch&iacute;nh thức (h&igrave;nh thức n&agrave;y sẽ được th&ocirc;ng b&aacute;o v&agrave;o thời điểm sau khi kết th&uacute;c c&aacute;c biện ph&aacute;p gi&atilde;n c&aacute;ch x&atilde; hội).</li>\n<li>Từ ng&agrave;y&nbsp;<strong>17/9/2021</strong>, th&iacute; sinh xem th&ocirc;ng b&aacute;o về quy tr&igrave;nh thực hiện&nbsp;<strong>t</strong><strong>hủ tục nhập học</strong>, c&aacute;c loại hồ sơ được quy định chi tiết tại website:&nbsp;<a href=\"https://www.hcmus.edu.vn/thongtinnhaphoc2021\">https://www.hcmus.edu.vn/thongtinnhaphoc2021</a>.</li>\n</ul>\n<p>2. Sau ng&agrave;y&nbsp;<strong>26/9/2021</strong>, th&iacute; sinh&nbsp;<strong>kh&ocirc;ng thực hiện</strong>&nbsp;thủ tục x&aacute;c nhận nhập học xem như từ chối việc nhập học theo phương thức n&agrave;y.</p>\n<p>3. Sau ng&agrave;y&nbsp;<strong>26/9/2021,&nbsp;</strong>th&iacute; sinh&nbsp;<strong>kh&ocirc;ng nhập học theo Quy tr&igrave;nh nộp hồ sơ trực tuyến</strong>&nbsp;<strong>đối với thủ tục nhập học</strong>&nbsp;th&igrave; coi như bỏ học. Trường hợp nộp trễ hơn thời gian n&agrave;y (nhưng kh&ocirc;ng qu&aacute; 15 ng&agrave;y), nếu th&iacute; sinh c&oacute; l&yacute; do ch&iacute;nh đ&aacute;ng như ốm đau, tai nạn, c&oacute; giấy x&aacute;c nhận của bệnh viện quận, huyện trở l&ecirc;n hoặc do thi&ecirc;n tai c&oacute; x&aacute;c nhận của UBND quận, huyện trở l&ecirc;n th&igrave; Trường sẽ xem x&eacute;t quyết định cho nộp bổ sung. Sau đ&oacute;, th&iacute; sinh phải c&oacute; nghĩa vụ thực hiện Quy tr&igrave;nh&nbsp;<strong>nộp hồ sơ trực tiếp</strong>&nbsp;với thủ tục n&agrave;y khi c&oacute; th&ocirc;ng b&aacute;o, nếu kh&ocirc;ng thực hiện đầy đủ thủ tục nhập học theo y&ecirc;u cầu, Trường sẽ x&oacute;a t&ecirc;n trong danh s&aacute;ch tr&uacute;ng tuyển theo quy định.</p>\n<p>4. Tất cả th&iacute; sinh chịu tr&aacute;ch nhiệm về t&iacute;nh ch&iacute;nh x&aacute;c v&agrave; hợp lệ của c&aacute;c loại văn bản v&agrave; th&ocirc;ng tin cung cấp cho Trường. Trường sẽ kh&ocirc;ng c&ocirc;ng nhận kết quả tr&uacute;ng tuyển của th&iacute; sinh khi ph&aacute;t hiện c&aacute;c h&agrave;nh vi giả mạo giấy tờ trong qu&aacute; tr&igrave;nh kiểm tra hồ sơ.</p>\n<p>5. Th&iacute; sinh phải ho&agrave;n tất c&aacute;c nghĩa vụ đ&oacute;ng học ph&iacute; v&agrave; c&aacute;c khoản tạm thu trong thời gian nhập học.</p>\n<p>6. Th&iacute; sinh thường xuy&ecirc;n theo d&otilde;i trang th&ocirc;ng tin của Trường tại địa chỉ&nbsp;<strong><a href=\"https://tuyensinh.hcmus.edu.vn/\" target=\"_blank\" rel=\"noopener noreferrer\">https://tuyensinh.hcmus.edu.vn</a></strong><strong>&nbsp;v&agrave;&nbsp;</strong><a href=\"https://www.hcmus.edu.vn/\" target=\"_blank\" rel=\"noopener noreferrer\">https://www.hcmus.edu.vn</a>&nbsp;để cập nhật những th&ocirc;ng tin mới nhất d&agrave;nh cho t&acirc;n sinh vi&ecirc;n. Căn cứ v&agrave;o t&igrave;nh h&igrave;nh dịch bệnh v&agrave; thực hiện gi&atilde;n c&aacute;ch x&atilde; hội, Trường sẽ xem x&eacute;t c&oacute; những c&aacute;ch thức hỗ trợ cho th&iacute; sinh tốt nhất theo quy định.</p>\n<p>7. Mọi thắc mắc về thủ tục&nbsp;<strong>x&aacute;c nhận nhập học</strong>, th&iacute; sinh gửi th&ocirc;ng tin về tại địa chỉ email:&nbsp;<strong><span id=\"cloak401fc62aa7f72d175a6706ea7f1a042f\"><a href=\"mailto:pdttuyensinh@hcmus.edu.vn\">pdttuyensinh@hcmus.edu.vn</a></span></strong>, số điện thoại:&nbsp;<strong>0971522917;</strong>&nbsp;mọi thắc mắc đối với thủ tục&nbsp;<strong>nhập học</strong>&nbsp;li&ecirc;n hệ số điện thoại:&nbsp;<strong>0931401235</strong>&nbsp;hay<strong>&nbsp;0344493708</strong>./.</p>','2022-06-16 13:38:05','Admin','thong-bao-quy-trinh-thuc-hien-thu-tuc-nop-ho-so-xac-nhan-nhap-hoc-va-nhap-hoc-doi-voi-thi-sinh-trung-tuyen-vao-dai-hoc-chinh-quy-nam-2021-dua-tren-ket-qua-ky-thi-tot-nghiep-thpt-nam-2021-1655386685989','publish','TX','Default','http://kenhtuyensinhdaihoc.edu.vn/storage/co-chung-chi-ielts-thi-sinh-rong-cua-vao-dai-hoc-uy-tin-540x360.jpg'),(163,'[Phương thức mới] PHƯƠNG THỨC XÉT TUYỂN 7 - Về việc xét tuyển vào đại học hệ chính quy năm 2021 dành cho thí sinh thuộc diện đặc cách tốt nghiệp THPT năm 2021','<h2><strong>TH&Ocirc;NG B&Aacute;O</strong></h2>\n<p><strong>Về việc x&eacute;t tuyển v&agrave;o đại học hệ ch&iacute;nh quy năm 2021&nbsp;</strong><strong>d&agrave;nh cho th&iacute; sinh thuộc diện đặc c&aacute;ch tốt nghiệp THPT năm 2021</strong></p>\n<p><strong>PHƯƠNG THỨC X&Eacute;T TUYỂN 7</strong></p>\n<p>&nbsp;</p>\n<ul>\n<li><em>Căn cứ&nbsp;</em><em>c&ocirc;ng văn số</em><em>&nbsp;3190</em><em>/BGDĐT-GDĐH ng&agrave;y</em><em>&nbsp;30</em><em>&nbsp;th&aacute;ng 7 năm 2021 của Bộ Gi&aacute;o dục v&agrave; Đ&agrave;o tạo về c&ocirc;ng t&aacute;c tuyển sinh năm 2021 trong t&igrave;nh h&igrave;nh dịch COVID-19;</em></li>\n<li>Hội đồng tuyển sinh Trường Đại học Khoa học Tự nhi&ecirc;n (ĐH KHTN) th&ocirc;ng b&aacute;o về việc x&eacute;t tuyển v&agrave;o đại học hệ ch&iacute;nh quy năm 2021 d&agrave;nh cho th&iacute; sinh thuộc diện đặc c&aacute;ch tốt nghiệp THPT năm 2021 - Phương thức x&eacute;t tuyển 7</li>\n</ul>\n<p><strong>1. Đối tượng x&eacute;t tuyển:</strong></p>\n<p>Th&iacute; sinh phải thỏa đồng thời tất cả c&aacute;c điều kiện như sau:</p>\n<ul>\n<li>L&agrave; th&iacute; sinh thuộc diện đặc c&aacute;ch x&eacute;t c&ocirc;ng nhận tốt nghiệp Trung học phổ th&ocirc;ng năm 2021 (TN THPT) do bị ảnh hưởng của đại dịch Covid-19 kh&ocirc;ng thể dự kỳ thi TN THPT (danh s&aacute;ch do Bộ GD&amp;ĐT c&ocirc;ng bố).</li>\n<li>C&oacute; đăng k&yacute; x&eacute;t tuyển v&agrave;o Trường ĐH KHTN theo phương thức dựa tr&ecirc;n kết quả kỳ thi tốt nghiệp Trung học phổ th&ocirc;ng năm 2021 (theo dữ liệu của Bộ GD&amp;ĐT cung cấp).</li>\n<li>C&oacute; điểm trung b&igrave;nh cộng học lực 3&nbsp;năm học lớp 10, 11 v&agrave; 12 từ 8,0 trở l&ecirc;n.</li>\n<li>C&oacute; đủ sức khỏe để học tập theo quy định hiện h&agrave;nh.</li>\n</ul>\n<p><strong>2. Chỉ ti&ecirc;u tuyển sinh:&nbsp;</strong>tối đa<strong>&nbsp;5%&nbsp;</strong>tr&ecirc;n tổng chỉ ti&ecirc;u năm 2021 theo ng&agrave;nh/nh&oacute;m ng&agrave;nh.</p>\n<p><strong>3. Số lượng nguyện vọng đăng k&yacute;&nbsp;</strong><strong>x&eacute;t tuyển</strong></p>\n<ul>\n<li>Th&iacute; sinh được đăng k&yacute;&nbsp;<strong>tối đa 03 nguyện vọng</strong>&nbsp;v&agrave;o c&aacute;c ng&agrave;nh/nh&oacute;m ng&agrave;nh của Trường ĐH KHTN.</li>\n<li>Nếu th&iacute; sinh đăng k&yacute; hai hoặc ba nguyện vọng v&agrave;o c&aacute;c ng&agrave;nh/nh&oacute;m ng&agrave;nh của Trường ĐH KHTN th&igrave; c&aacute;c nguyện vọng được sắp xếp theo thứ tự ưu ti&ecirc;n từ cao xuống thấp (nguyện vọng 1 l&agrave; nguyện vọng cao nhất). Th&iacute; sinh chỉ tr&uacute;ng tuyển v&agrave;o 01 nguyện vọng ưu ti&ecirc;n cao nhất trong danh s&aacute;ch c&aacute;c nguyện vọng đ&atilde; đăng k&yacute;.</li>\n</ul>\n<p><strong>4. Hồ sơ đăng k&yacute; x&eacute;t tuyển gồm:</strong></p>\n<ul>\n<li>Phiếu đăng k&yacute; x&eacute;t tuyển (th&iacute; sinh in từ đường link đăng k&yacute; x&eacute;t tuyển tại&nbsp;<strong>mục 8</strong>);</li>\n<li>Bản sao c&oacute; c&ocirc;ng chứng học bạ THPT&nbsp;<em>;</em></li>\n<li>Bản sao c&oacute; c&ocirc;ng chứng giấy chứng nhận hoặc giấy khen đạt giải thưởng học sinh giỏi cấp Tỉnh/Th&agrave;nh phố (hoặc bản sao c&oacute; x&aacute;c nhận của trường THPT).</li>\n<li>Bản sao c&oacute; c&ocirc;ng chứng c&aacute;c chứng chỉ ngoại ngữ quốc tế.</li>\n</ul>\n<p><strong>5. Ti&ecirc;u ch&iacute; x&eacute;t tuyển theo thứ tự ưu ti&ecirc;n như sau</strong><strong>:</strong></p>\n<ul>\n<li>Điểm xét tuy&ecirc;̉n là đi&ecirc;̉m trung b&igrave;nh cộng học lực 3&nbsp;năm học lớp 10, 11 v&agrave; 12 của các thí sinh.</li>\n<li>Kết hợp với các ti&ecirc;u chí như sau:</li>\n<li>Đạt giải thưởng học sinh giỏi cấp Tỉnh/Th&agrave;nh phố giải Nhất, Nh&igrave;, Ba (chọn giải thưởng cao nhất đạt được ở THPT).</li>\n<li>C&oacute; c&aacute;c chứng chỉ ngoại ngữ quốc tế.</li>\n</ul>','2022-06-16 13:38:39','Admin','phuong-thuc-moi-phuong-thuc-xet-tuyen-7-ve-viec-xet-tuyen-vao-dai-hoc-he-chinh-quy-nam-2021-danh-cho-thi-sinh-thuoc-dien-dac-cach-tot-nghiep-thpt-nam-2021-1655386719622','publish','TX','Default','http://kenhtuyensinhdaihoc.edu.vn/storage/co-chung-chi-ielts-thi-sinh-rong-cua-vao-dai-hoc-uy-tin-540x360.jpg'),(164,'THÔNG BÁO Quy trình thực hiện thủ tục nộp hồ sơ xác nhận nhập học và nhập học đối với thí sinh thuộc diện đặc cách tốt nghiệp THPT năm 2021','<h2><strong>TH&Ocirc;NG B&Aacute;O</strong></h2>\n<p><strong>Quy tr&igrave;nh thực hiện thủ tục nộp hồ sơ x&aacute;c nhận nhập học v&agrave; nhập học</strong></p>\n<p><strong>đối với th&iacute; sinh thuộc diện đặc c&aacute;ch tốt nghiệp THPT năm 2021</strong></p>\n<p><strong>&nbsp;</strong></p>\n<p>Để đảm bảo ph&ograve;ng, chống dịch x&acirc;m nhập, l&acirc;y lan trong m&ocirc;i trường học đường v&agrave; đảm bảo sức khỏe cho th&iacute; sinh, c&aacute;n bộ - vi&ecirc;n chức, người lao động v&agrave; cộng đồng, Hội đồng tuyển sinh Trường Đại học Khoa học Tự nhi&ecirc;n, ĐHQG-HCM th&ocirc;ng b&aacute;o đến th&iacute; sinh tr&uacute;ng tuyển v&agrave;o đại học ch&iacute;nh quy năm 2021 theo phương thức dựa v&agrave;o học bạ kết hợp c&aacute;c ti&ecirc;u ch&iacute; phụ trong x&eacute;t tuyển cho th&iacute; sinh thuộc diện đặc c&aacute;ch tốt nghiệp THPT năm 2021 (<strong>p</strong><strong>hương thức x&eacute;t tuyển 7</strong>)&nbsp;về quy tr&igrave;nh thực hiện thủ tục nộp hồ sơ x&aacute;c nhận nhập học v&agrave; nhập học như sau:</p>\n<p>1. Th&iacute; sinh phải&nbsp;<strong>thực hiện đủ 02 thủ tục (A) v&agrave; (B)</strong>&nbsp;để được c&ocirc;ng nhận l&agrave; sinh vi&ecirc;n ch&iacute;nh thức của Trường:</p>\n<p><strong>A. Thủ tục x&aacute;c nhận nhập học:</strong></p>\n<ul>\n<li>Từ&nbsp;<strong>9giờ00</strong>&nbsp;ng&agrave;y&nbsp;<strong>18/9/2021</strong>&nbsp;đến hết ng&agrave;y&nbsp;<strong>26/9/2021</strong>&nbsp;th&iacute; sinh l&agrave;m thủ tục x&aacute;c nhận nhập học phải thực hiện đủ 02 quy tr&igrave;nh như sau:&nbsp;<strong>Nộp hồ sơ trực tuyến</strong>&nbsp;v&agrave;&nbsp;<strong>Nộp hồ sơ qua&nbsp;</strong><strong>B</strong><strong>ưu điện</strong>. C&aacute;c loại hồ sơ v&agrave; quy tr&igrave;nh thực hiện thủ tục x&aacute;c nhận nhập học được quy định chi tiết tại&nbsp;<strong><em>Phụ lục&nbsp;</em></strong><strong><em>Quy tr&igrave;nh thực hiện thủ tục nộp hồ sơ x&aacute;c nhận nhập học đối với th&iacute; sinh tr&uacute;ng tuyển v&agrave;o đại học ch&iacute;nh quy năm 2021</em>&nbsp;</strong><strong>(</strong>đ&iacute;nh k&egrave;m th&ocirc;ng b&aacute;o).</li>\n<li>Th&iacute; sinh phải ho&agrave;n tất trước&nbsp;<strong>thủ tục x&aacute;c nhận nhập học</strong><strong>&nbsp;trực tuyến</strong>&nbsp;rồi mới tiến h&agrave;nh&nbsp;<strong>thủ tục nhập học</strong><strong>.</strong></li>\n</ul>\n<p><strong>B. Thủ tục nhập học</strong>&nbsp;<strong>được thực hiện theo đủ 02 quy tr&igrave;nh</strong><strong>&nbsp;như sau</strong>:</p>\n<ul>\n<li><strong>Nộp hồ sơ trực tuyến</strong><strong>:&nbsp;</strong>bắt buộc h&igrave;nh thức n&agrave;y phải thực hiện trong khoảng thời gian từ ng&agrave;y&nbsp;<strong>18/9/2021</strong>&nbsp;đến hết ng&agrave;y&nbsp;<strong>26/9/2021.</strong></li>\n<li><strong>Nộp hồ sơ trực tiếp</strong>&nbsp;khi sinh vi&ecirc;n đến trường học tập ch&iacute;nh thức (h&igrave;nh thức n&agrave;y sẽ được th&ocirc;ng b&aacute;o v&agrave;o thời điểm sau khi kết th&uacute;c c&aacute;c biện ph&aacute;p gi&atilde;n c&aacute;ch x&atilde; hội).</li>\n<li>Từ ng&agrave;y&nbsp;<strong>17/9/2021</strong>, th&iacute; sinh xem th&ocirc;ng b&aacute;o về quy tr&igrave;nh thực hiện&nbsp;<strong>t</strong><strong>hủ tục nhập học</strong>, c&aacute;c loại hồ sơ được quy định chi tiết tại website:&nbsp;<a href=\"https://www.hcmus.edu.vn/thongtinnhaphoc2021\">https://www.hcmus.edu.vn/thongtinnhaphoc2021</a>.</li>\n</ul>\n<p>2. Sau ng&agrave;y&nbsp;<strong>26/9/2021</strong>, th&iacute; sinh&nbsp;<strong>kh&ocirc;ng thực hiện</strong>&nbsp;thủ tục x&aacute;c nhận nhập học xem như từ chối việc nhập học theo phương thức n&agrave;y.</p>\n<p>3. Sau ng&agrave;y&nbsp;<strong>26/9/2021,&nbsp;</strong>th&iacute; sinh&nbsp;<strong>kh&ocirc;ng nhập học theo Quy tr&igrave;nh nộp hồ sơ trực tuyến</strong>&nbsp;<strong>đối với thủ tục nhập học</strong>&nbsp;th&igrave; coi như bỏ học. Trường hợp nộp trễ hơn thời gian n&agrave;y (nhưng kh&ocirc;ng qu&aacute; 15 ng&agrave;y), nếu th&iacute; sinh c&oacute; l&yacute; do ch&iacute;nh đ&aacute;ng như ốm đau, tai nạn, c&oacute; giấy x&aacute;c nhận của bệnh viện quận, huyện trở l&ecirc;n hoặc do thi&ecirc;n tai c&oacute; x&aacute;c nhận của UBND quận, huyện trở l&ecirc;n th&igrave; Trường sẽ xem x&eacute;t quyết định cho nộp bổ sung. Sau đ&oacute;, th&iacute; sinh phải c&oacute; nghĩa vụ thực hiện Quy tr&igrave;nh&nbsp;<strong>nộp hồ sơ trực tiếp</strong>&nbsp;với thủ tục n&agrave;y khi c&oacute; th&ocirc;ng b&aacute;o, nếu kh&ocirc;ng thực hiện đầy đủ thủ tục nhập học theo y&ecirc;u cầu, Trường sẽ x&oacute;a t&ecirc;n trong danh s&aacute;ch tr&uacute;ng tuyển theo quy định.</p>\n<p>4. Tất cả th&iacute; sinh chịu tr&aacute;ch nhiệm về t&iacute;nh ch&iacute;nh x&aacute;c v&agrave; hợp lệ của c&aacute;c loại văn bản v&agrave; th&ocirc;ng tin cung cấp cho Trường. Trường sẽ kh&ocirc;ng c&ocirc;ng nhận kết quả tr&uacute;ng tuyển của th&iacute; sinh khi ph&aacute;t hiện c&aacute;c h&agrave;nh vi giả mạo giấy tờ trong qu&aacute; tr&igrave;nh kiểm tra hồ sơ.</p>\n<p>5. Th&iacute; sinh phải ho&agrave;n tất c&aacute;c nghĩa vụ đ&oacute;ng học ph&iacute; v&agrave; c&aacute;c khoản tạm thu trong thời gian nhập học.</p>\n<p>6. Th&iacute; sinh thường xuy&ecirc;n theo d&otilde;i trang th&ocirc;ng tin của Trường tại địa chỉ&nbsp;<strong><a href=\"https://tuyensinh.hcmus.edu.vn/\" target=\"_blank\" rel=\"noopener noreferrer\">https://tuyensinh.hcmus.edu.vn</a></strong><strong>&nbsp;v&agrave;&nbsp;</strong><a href=\"https://www.hcmus.edu.vn/\" target=\"_blank\" rel=\"noopener noreferrer\">https://www.hcmus.edu.vn</a>&nbsp;để cập nhật những th&ocirc;ng tin mới nhất d&agrave;nh cho t&acirc;n sinh vi&ecirc;n. Căn cứ v&agrave;o t&igrave;nh h&igrave;nh dịch bệnh v&agrave; thực hiện gi&atilde;n c&aacute;ch x&atilde; hội, Trường sẽ xem x&eacute;t c&oacute; những c&aacute;ch thức hỗ trợ cho th&iacute; sinh tốt nhất theo quy định.</p>\n<p>7. Mọi thắc mắc về thủ tục&nbsp;<strong>x&aacute;c nhận nhập học</strong>, th&iacute; sinh gửi th&ocirc;ng tin về tại địa chỉ email:&nbsp;<strong><span id=\"cloak31d1f968a7792511c2d2e2b8b0dbe745\"><a href=\"mailto:pdttuyensinh@hcmus.edu.vn\">pdttuyensinh@hcmus.edu.vn</a></span></strong>, số điện thoại:&nbsp;<strong>0971522917;</strong>&nbsp;mọi thắc mắc đối với thủ tục&nbsp;<strong>nhập học</strong>&nbsp;li&ecirc;n hệ số điện thoại:&nbsp;<strong>0931401235</strong>&nbsp;hay<strong>&nbsp;0344493708</strong>./.</p>\n<p>&nbsp;</p>\n<p>&nbsp;</p>\n<p>&nbsp;</p>\n<p><strong>PHỤ LỤC</strong></p>\n<p><strong>QUY TR&Igrave;NH THỰC HIỆN THỦ TỤC NỘP HỒ SƠ X&Aacute;C NHẬN NHẬP HỌC&nbsp;</strong><strong>ĐỐI VỚI TH&Iacute; SINH TR&Uacute;NG TUYỂN V&Agrave;O ĐẠI HỌC CH&Iacute;NH QUY NĂM 2021</strong></p>\n<p><strong>(Phương thức x&eacute;t tuyển 7 )</strong></p>\n<p><em>(Đ&iacute;nh k&egrave;m th&ocirc;ng b&aacute;o số:</em>&nbsp;<em>25</em><em>/TB-HĐTS ĐHCQ ng&agrave;y&nbsp;</em><em>17</em><em>/</em><em>9</em><em>/2021 c</em><em>ủa Hội đồng tuyển sinh đại học hệ ch&iacute;nh quy năm 2021)</em></p>\n<p><em>&nbsp;</em></p>\n<p><strong>Th&iacute;</strong>&nbsp;sinh tr&uacute;ng tuyển v&agrave;o đại học ch&iacute;nh quy năm 2021 theo phương thức dựa tr&ecirc;n kết quả kỳ thi tốt nghiệp THPT năm 2021 (phương thức x&eacute;t tuyển 3) khi x&aacute;c nhận nhập học tại Trường bắt buộc phải thực hiện đầy đủ Quy tr&igrave;nh Nộp hồ sơ trực tuyến v&agrave; Nộp hồ sơ qua Bưu điện theo quy định sau đ&acirc;y:</p>\n<p><strong>A. QUY TR&Igrave;NH NỘP HỒ SƠ TRỰC TUYẾN</strong></p>\n<p><strong>1. Thời gian nộp:&nbsp;</strong>từ&nbsp;<strong>9giờ00</strong>&nbsp;ng&agrave;y&nbsp;<strong>18/9/2021</strong>&nbsp;đến hết ng&agrave;y&nbsp;<strong>26/9/</strong><strong>2021</strong>.</p>\n<p><strong>2. C&aacute;c loại hồ sơ x&aacute;c nhận nhập học&nbsp;</strong><strong>(HS XNNH)</strong><strong>&nbsp;d&ugrave;ng để nộp trực tuyến</strong></p>\n<p><strong>Hồ sơ d&ugrave;ng để nộp theo h&igrave;nh thức trực tuyến l&agrave; 01</strong>&nbsp;file chứa h&igrave;nh ảnh của c&aacute;c loại hồ sơ:&nbsp; m&ocirc;̃i loại h&ocirc;̀ sơ gồm t&acirc;́t cả file ảnh này được ghép thành 01 file được đặt t&ecirc;n l&agrave; &ldquo;Mã_sinh_vi&ecirc;n.pdf&rdquo; có nhi&ecirc;̀u trang, m&ocirc;̃i trang là 1 ảnh, thứ tự các ảnh tương ứng với thứ tự h&ocirc;̀ sơ y&ecirc;u c&acirc;̀u dưới đ&acirc;y, lưu ý &ldquo;Mã_sinh_vi&ecirc;n&rdquo; xem tr&ecirc;n phi&ecirc;́u xác nh&acirc;̣n nh&acirc;̣p học của thí sinh. C&aacute;c loại hồ sơ th&iacute; sinh cần nộp theo từng phương thức tr&uacute;ng tuyển như sau:</p>\n<p><strong>D</strong><strong>iện&nbsp;</strong><strong>tr&uacute;ng tuyển theo</strong><strong>&nbsp;p</strong><strong>hương thức x&eacute;t tuyển&nbsp;</strong><strong>7</strong></p>','2022-06-16 14:22:24','Admin','thong-bao-quy-trinh-thuc-hien-thu-tuc-nop-ho-so-xac-nhan-nhap-hoc-va-nhap-hoc-doi-voi-thi-sinh-thuoc-dien-dac-cach-tot-nghiep-thpt-nam-2021-1655389344458','hidden','DH','Default','http://kenhtuyensinhdaihoc.edu.vn/storage/co-chung-chi-ielts-thi-sinh-rong-cua-vao-dai-hoc-uy-tin-540x360.jpg'),(165,'dat news','<p>Tuyen sinh&nbsp;</p>','2022-06-16 23:33:51','Admin','dat-news-1655422431294','publish','DH','Default','http://kenhtuyensinhdaihoc.edu.vn/storage/co-chung-chi-ielts-thi-sinh-rong-cua-vao-dai-hoc-uy-tin-540x360.jpg');
/*!40000 ALTER TABLE `news` ENABLE KEYS */;
UNLOCK TABLES;

--
-- Table structure for table `notification`
--

DROP TABLE IF EXISTS `notification`;
/*!40101 SET @saved_cs_client     = @@character_set_client */;
/*!50503 SET character_set_client = utf8mb4 */;
CREATE TABLE `notification` (
  `notificationId` int unsigned NOT NULL AUTO_INCREMENT,
  `notificationUserId` char(36) CHARACTER SET utf8mb4 COLLATE utf8mb4_unicode_ci NOT NULL,
  `notificationContent` varchar(255) CHARACTER SET utf8mb4 COLLATE utf8mb4_unicode_ci NOT NULL,
  `notificationTo` varchar(255) CHARACTER SET utf8mb4 COLLATE utf8mb4_unicode_ci NOT NULL,
  `notificationTimestamp` timestamp NOT NULL,
  `notificationState` varchar(50) CHARACTER SET utf8mb4 COLLATE utf8mb4_unicode_ci NOT NULL,
  `notificationBody` varchar(255) CHARACTER SET utf8mb4 COLLATE utf8mb4_unicode_ci NOT NULL,
  `notificationType` varchar(30) CHARACTER SET utf8mb4 COLLATE utf8mb4_unicode_ci NOT NULL,
  `notificationImage` text CHARACTER SET utf8mb4 COLLATE utf8mb4_unicode_ci NOT NULL,
  `notificationData` text CHARACTER SET utf8mb4 COLLATE utf8mb4_unicode_ci NOT NULL,
  PRIMARY KEY (`notificationId`),
  KEY `FK_Notification_User` (`notificationUserId`),
  CONSTRAINT `FK_Notification_User` FOREIGN KEY (`notificationUserId`) REFERENCES `user` (`userId`)
) ENGINE=InnoDB AUTO_INCREMENT=65 DEFAULT CHARSET=utf8mb4 COLLATE=utf8mb4_unicode_ci;
/*!40101 SET character_set_client = @saved_cs_client */;

--
-- Dumping data for table `notification`
--

LOCK TABLES `notification` WRITE;
/*!40000 ALTER TABLE `notification` DISABLE KEYS */;
INSERT INTO `notification` VALUES (1,'1','Hồ sơ ứng tuyển mới','cv','2022-04-12 00:00:00','','','','',''),(2,'2','Hồ sơ ứng tuyển mới','cv','2022-04-12 00:00:00','','','','',''),(3,'3','Hồ sơ ứng tuyển mới','cv','2022-04-12 00:00:00','','','','',''),(4,'4','Thông tin ứng tuyển mới','news','2022-04-12 00:00:00','','','','',''),(5,'5','Thông tin ứng tuyển mới','news','2022-04-12 00:00:00','','','','',''),(6,'6','Kỳ thi ĐGNL đợt 2','timeline','2022-04-12 00:00:00','','','','',''),(7,'7','Thông tin ứng tuyển mới','news','2022-04-12 00:00:00','','','','',''),(8,'8','Kỳ thi ĐGNL đợt 2','timeline','2022-04-12 00:00:00','','','','',''),(9,'9','Kỳ thi ĐGNL đợt 2','timeline','2022-04-12 00:00:00','','','','',''),(10,'4','Kỳ thi ĐGNL đợt 2','timeline','2022-04-12 00:00:00','','','','',''),(11,'14','Ca trực thay đổi','shift','2022-04-12 00:00:00','','','','',''),(12,'24','Ca trực thay đổi','shift','2022-04-12 00:00:00','','','','',''),(14,'a6484d99-2dea-48ec-9697-f96429a6e48a','Trạng thái hồ sơ được cập nhật','cv','2022-05-12 00:00:00','1','','','',''),(24,'a6484d99-2dea-48ec-9697-f96429a6e48a','Trạng thái hồ sơ được cập nhật','cv','2022-05-15 00:00:00','1','','','',''),(34,'a6484d99-2dea-48ec-9697-f96429a6e48a','Thông tin ứng tuyển mới','news','2022-04-12 00:00:00','0','','','',''),(44,'a6484d99-2dea-48ec-9697-f96429a6e48a','Thông tin ứng tuyển mới','news','2022-05-01 00:00:00','0','','','',''),(54,'a6484d99-2dea-48ec-9697-f96429a6e48a','Kỳ thi ĐGNL đợt 2','timeline','2022-05-03 00:00:00','0','','','',''),(64,'6e05bcaf-a1a9-4b9b-af0d-fcbd49539964','','','2022-06-02 06:15:38','Đã xem','','','','');
/*!40000 ALTER TABLE `notification` ENABLE KEYS */;
UNLOCK TABLES;

--
-- Table structure for table `program`
--

DROP TABLE IF EXISTS `program`;
/*!40101 SET @saved_cs_client     = @@character_set_client */;
/*!50503 SET character_set_client = utf8mb4 */;
CREATE TABLE `program` (
  `programId` int unsigned NOT NULL AUTO_INCREMENT,
  `programMajorId` char(20) CHARACTER SET utf8mb4 COLLATE utf8mb4_unicode_ci NOT NULL,
  `programName` varchar(30) CHARACTER SET utf8mb4 COLLATE utf8mb4_unicode_ci NOT NULL,
  `programContent` text CHARACTER SET utf8mb4 COLLATE utf8mb4_unicode_ci NOT NULL,
  `programDocumentLink` text CHARACTER SET utf8mb4 COLLATE utf8mb4_unicode_ci NOT NULL,
  `programTypeOfTrainingID` char(4) CHARACTER SET utf8mb4 COLLATE utf8mb4_unicode_ci NOT NULL,
  PRIMARY KEY (`programId`),
  KEY `FK_Program_Major` (`programMajorId`),
  KEY `FK_Program_TypeOfTraining` (`programTypeOfTrainingID`),
  CONSTRAINT `FK_Program_Major` FOREIGN KEY (`programMajorId`) REFERENCES `major` (`majorId`),
  CONSTRAINT `FK_Program_TypeOfTraining` FOREIGN KEY (`programTypeOfTrainingID`) REFERENCES `typeoftraining` (`typeOfTrainingId`)
) ENGINE=InnoDB AUTO_INCREMENT=194 DEFAULT CHARSET=utf8mb4 COLLATE=utf8mb4_unicode_ci;
/*!40101 SET character_set_client = @saved_cs_client */;

--
-- Dumping data for table `program`
--

LOCK TABLES `program` WRITE;
/*!40000 ALTER TABLE `program` DISABLE KEYS */;
INSERT INTO `program` VALUES (4,'7420101','','<p><em>Chương tr&igrave;nh đ&agrave;o tạo được ban h&agrave;nh theo quyết định số 2019/QĐ-KHTN-ĐT ng&agrave;y 30/9/2016 của Hiệu Trưởng Trường Đại học Khoa học Tự nhi&ecirc;n, ĐHQG-HCM</em></p>\n<p><strong>Tr&igrave;nh độ đ&agrave;o tạo</strong>:&nbsp;Đại học</p>\n<p><strong>Loại h&igrave;nh đ&agrave;o tạo</strong>:&nbsp;Ch&iacute;nh quy</p>','https://www.hcmus.edu.vn/attachments/category/117/CTDT_SINH_K2016.pdf',''),(14,'7420201','','<p><em>Chương tr&igrave;nh đ&agrave;o tạo được ban h&agrave;nh theo quyết định số 2019/QĐ-KHTN-ĐT ng&agrave;y 30/9/2016 của Hiệu Trưởng Trường Đại học Khoa học Tự nhi&ecirc;n, ĐHQG-HCM</em></p>\n<p><strong>Tr&igrave;nh độ đ&agrave;o tạo</strong>:&nbsp;Đại học</p>\n<p><strong>Loại h&igrave;nh đ&agrave;o tạo</strong>:&nbsp;Ch&iacute;nh quy</p>','https://www.hcmus.edu.vn/attachments/category/117/CTDT_CN%20SINH%20HOC_K2016.pdf',''),(24,'7440102','','<p><em>Chương tr&igrave;nh đ&agrave;o tạo được ban h&agrave;nh theo quyết định số 2019/QĐ-KHTN-ĐT ng&agrave;y 30/9/2016 của Hiệu Trưởng Trường Đại học Khoa học Tự nhi&ecirc;n, ĐHQG-HCM</em></p>\n<p><strong>Tr&igrave;nh độ đ&agrave;o tạo</strong>:&nbsp;Đại học</p>\n<p><strong>Loại h&igrave;nh đ&agrave;o tạo</strong>:&nbsp;Ch&iacute;nh quy</p>','https://www.hcmus.edu.vn/attachments/category/117/CTDT_VAT%20LY%20HOC_K2016.pdf',''),(34,'7440112','','<p><em>Chương tr&igrave;nh đ&agrave;o tạo được ban h&agrave;nh theo quyết định số 2019/QĐ-KHTN-ĐT ng&agrave;y 30/9/2016 của Hiệu Trưởng Trường Đại học Khoa học Tự nhi&ecirc;n, ĐHQG-HCM</em></p>\n<p><strong>Tr&igrave;nh độ đ&agrave;o tạo</strong>:&nbsp;Đại học</p>\n<p><strong>Loại h&igrave;nh đ&agrave;o tạo</strong>:&nbsp;Ch&iacute;nh quy</p>','https://www.hcmus.edu.vn/attachments/category/117/CT%C4%90T_HOA-K2016.pdf',''),(44,'7440122','','<p><em>Chương tr&igrave;nh đ&agrave;o tạo được ban h&agrave;nh theo quyết định số 2019/QĐ-KHTN-ĐT ng&agrave;y 30/9/2016 của Hiệu Trưởng Trường Đại học Khoa học Tự nhi&ecirc;n, ĐHQG-HCM</em></p>\n<p><strong>Tr&igrave;nh độ đ&agrave;o tạo</strong>:&nbsp;Đại học</p>\n<p><strong>Loại h&igrave;nh đ&agrave;o tạo</strong>:&nbsp;Ch&iacute;nh quy</p>','https://www.hcmus.edu.vn/attachments/category/117/CTDT_KHVL_K2016.pdf',''),(54,'7440201','','<p><em>Chương tr&igrave;nh đ&agrave;o tạo được ban h&agrave;nh theo quyết định số 2019/QĐ-KHTN-ĐT ng&agrave;y 30/9/2016 của Hiệu Trưởng Trường Đại học Khoa học Tự nhi&ecirc;n, ĐHQG-HCM</em></p>\n<p><strong>Tr&igrave;nh độ đ&agrave;o tạo</strong>:&nbsp;Đại học</p>\n<p><strong>Loại h&igrave;nh đ&agrave;o tạo</strong>:&nbsp;Ch&iacute;nh quy</p>','https://www.hcmus.edu.vn/attachments/category/117/CTDT_DIA%20CHAT%20HOC_K2016.pdf',''),(64,'7440228','','<p><em>Chương tr&igrave;nh đ&agrave;o tạo được ban h&agrave;nh theo quyết định số 2019/QĐ-KHTN-ĐT ng&agrave;y 30/9/2016 của Hiệu Trưởng Trường Đại học Khoa học Tự nhi&ecirc;n, ĐHQG-HCM</em></p>\n<p><strong>Tr&igrave;nh độ đ&agrave;o tạo</strong>:&nbsp;Đại học</p>\n<p><strong>Loại h&igrave;nh đ&agrave;o tạo</strong>:&nbsp;Ch&iacute;nh quy</p>','https://www.hcmus.edu.vn/attachments/category/117/CTDT_HAI%20DUONG-K2016.pdf',''),(74,'7440301','','<p><em>Chương tr&igrave;nh đ&agrave;o tạo được ban h&agrave;nh theo quyết định số 2019/QĐ-KHTN-ĐT ng&agrave;y 30/9/2016 của Hiệu Trưởng Trường Đại học Khoa học Tự nhi&ecirc;n, ĐHQG-HCM</em></p>\n<p><strong>Tr&igrave;nh độ đ&agrave;o tạo</strong>:&nbsp;Đại học</p>\n<p><strong>Loại h&igrave;nh đ&agrave;o tạo</strong>:&nbsp;Ch&iacute;nh quy</p>','https://www.hcmus.edu.vn/attachments/category/117/CTDT_KH%20MOI%20TRUONG_K2016.pdf',''),(84,'7460101_NN','','<p><em>Chương tr&igrave;nh đ&agrave;o tạo được ban h&agrave;nh theo quyết định số 2019/QĐ-KHTN-ĐT ng&agrave;y 30/9/2016 của Hiệu Trưởng Trường Đại học Khoa học Tự nhi&ecirc;n, ĐHQG-HCM</em></p>\n<p><strong>Tr&igrave;nh độ đ&agrave;o tạo</strong>:&nbsp;Đại học</p>\n<p><strong>Loại h&igrave;nh đ&agrave;o tạo</strong>:&nbsp;Ch&iacute;nh quy</p>','https://www.hcmus.edu.vn/attachments/category/117/CTDT_TOAN_K2016.pdf',''),(94,'7480201_NN','','<p><em>Chương tr&igrave;nh đ&agrave;o tạo được ban h&agrave;nh theo quyết định số 2019/QĐ-KHTN-ĐT ng&agrave;y 30/9/2016 của Hiệu Trưởng Trường Đại học Khoa học Tự nhi&ecirc;n, ĐHQG-HCM</em></p>\n<p><strong>Tr&igrave;nh độ đ&agrave;o tạo</strong>:&nbsp;Đại học</p>\n<p><strong>Loại h&igrave;nh đ&agrave;o tạo</strong>:&nbsp;Ch&iacute;nh quy</p>','https://www.hcmus.edu.vn/attachments/category/117/CTDT_CN%20THONG%20TIN_K2016.pdf',''),(104,'7480201_NN','','<p><em>Chương tr&igrave;nh đ&agrave;o tạo được ban h&agrave;nh theo quyết định số 2019/QĐ-KHTN-ĐT ng&agrave;y 30/9/2016 của Hiệu Trưởng Trường Đại học Khoa học Tự nhi&ecirc;n, ĐHQG-HCM</em></p>\n<p><strong>Tr&igrave;nh độ đ&agrave;o tạo</strong>:&nbsp;Đại học</p>\n<p><strong>Loại h&igrave;nh đ&agrave;o tạo</strong>:&nbsp;Ch&iacute;nh quy</p>','https://www.hcmus.edu.vn/attachments/category/117/CTDT_HE%20THONG%20THONG%20TIN_K2016.pdf',''),(114,'7480201_NN','','<p><em>Chương tr&igrave;nh đ&agrave;o tạo được ban h&agrave;nh theo quyết định số 2019/QĐ-KHTN-ĐT ng&agrave;y 30/9/2016 của Hiệu Trưởng Trường Đại học Khoa học Tự nhi&ecirc;n, ĐHQG-HCM</em></p>\n<p><strong>Tr&igrave;nh độ đ&agrave;o tạo</strong>:&nbsp;Đại học</p>\n<p><strong>Loại h&igrave;nh đ&agrave;o tạo</strong>:&nbsp;Ch&iacute;nh quy</p>','https://www.hcmus.edu.vn/attachments/category/117/CTDT_KT%20PHAN%20MEM_K2016.pdf',''),(124,'7480201_NN','','<p><em>Chương tr&igrave;nh đ&agrave;o tạo được ban h&agrave;nh theo quyết định số 2019/QĐ-KHTN-ĐT ng&agrave;y 30/9/2016 của Hiệu Trưởng Trường Đại học Khoa học Tự nhi&ecirc;n, ĐHQG-HCM</em></p>\n<p><strong>Tr&igrave;nh độ đ&agrave;o tạo</strong>:&nbsp;Đại học</p>\n<p><strong>Loại h&igrave;nh đ&agrave;o tạo</strong>:&nbsp;Ch&iacute;nh quy</p>','https://www.hcmus.edu.vn/attachments/category/117/CTDT_KH%20MAY%20TINH_K2016.pdf',''),(134,'7510406','','<p><em>Chương tr&igrave;nh đ&agrave;o tạo được ban h&agrave;nh theo quyết định số 2019/QĐ-KHTN-ĐT ng&agrave;y 30/9/2016 của Hiệu Trưởng Trường Đại học Khoa học Tự nhi&ecirc;n, ĐHQG-HCM</em></p>\n<p><strong>Tr&igrave;nh độ đ&agrave;o tạo</strong>:&nbsp;Đại học</p>\n<p><strong>Loại h&igrave;nh đ&agrave;o tạo</strong>:&nbsp;Ch&iacute;nh quy</p>','https://www.hcmus.edu.vn/attachments/category/117/CTDT_CN%20KT%20MOI%20TRUONG_K2016.pdf',''),(144,'7520207','','<p><em>Chương tr&igrave;nh đ&agrave;o tạo được ban h&agrave;nh theo quyết định số 2019/QĐ-KHTN-ĐT ng&agrave;y 30/9/2016 của Hiệu Trưởng Trường Đại học Khoa học Tự nhi&ecirc;n, ĐHQG-HCM</em></p>\n<p><strong>Tr&igrave;nh độ đ&agrave;o tạo</strong>:&nbsp;Đại học</p>\n<p><strong>Loại h&igrave;nh đ&agrave;o tạo</strong>:&nbsp;Ch&iacute;nh quy</p>','https://www.hcmus.edu.vn/attachments/category/117/CTDT_KT%20DIEN%20TU%20TRUYEN%20THONG_K2016.pdf',''),(154,'7520402','test uppp','testtest','test','DH');
/*!40000 ALTER TABLE `program` ENABLE KEYS */;
UNLOCK TABLES;

--
-- Table structure for table `qna`
--

DROP TABLE IF EXISTS `qna`;
/*!40101 SET @saved_cs_client     = @@character_set_client */;
/*!50503 SET character_set_client = utf8mb4 */;
CREATE TABLE `qna` (
  `qnaId` int NOT NULL AUTO_INCREMENT,
  `qnaCreator` char(36) CHARACTER SET utf8mb4 COLLATE utf8mb4_unicode_ci NOT NULL,
  `qnaDateCreate` timestamp NOT NULL,
  `qnaQuestion` text CHARACTER SET utf8mb4 COLLATE utf8mb4_unicode_ci NOT NULL,
  `qnaAnswer` text CHARACTER SET utf8mb4 COLLATE utf8mb4_unicode_ci NOT NULL,
  `qnaTypeOfTrainingID` char(4) CHARACTER SET utf8mb4 COLLATE utf8mb4_unicode_ci NOT NULL,
  PRIMARY KEY (`qnaId`),
  KEY `FK_QnA_TypeOfTraining` (`qnaTypeOfTrainingID`),
  KEY `FK_QnA_User` (`qnaCreator`),
  CONSTRAINT `FK_QnA_TypeOfTraining` FOREIGN KEY (`qnaTypeOfTrainingID`) REFERENCES `typeoftraining` (`typeOfTrainingId`),
  CONSTRAINT `FK_QnA_User` FOREIGN KEY (`qnaCreator`) REFERENCES `user` (`userId`)
) ENGINE=InnoDB AUTO_INCREMENT=77 DEFAULT CHARSET=utf8mb4 COLLATE=utf8mb4_unicode_ci;
/*!40101 SET character_set_client = @saved_cs_client */;

--
-- Dumping data for table `qna`
--

LOCK TABLES `qna` WRITE;
/*!40000 ALTER TABLE `qna` DISABLE KEYS */;
INSERT INTO `qna` VALUES (3,'1','0000-00-00 00:00:00','Trường ĐH Khoa học Tự nhiên, ĐHQG-HCM là đại học công lập hay đại học dân lập?','<ul dir=\"ltr\">\n<li class=\"rtejustify\">Trường ĐH&nbsp;Khoa học Tự nhi&ecirc;n, ĐHQG-HCM&nbsp;là trường đại học c&ocirc;ng l&acirc;̣p, là m&ocirc;̣t trong 6 trường đại học thành vi&ecirc;n của ĐH Qu&ocirc;́c gia TP.HCM.</li>\n<li class=\"rtejustify\">Trường ĐH Khoa học Tự nhi&ecirc;n, ĐHQG-HCM được thành l&acirc;̣p&nbsp;theo quy&ecirc;́t định 1236/GDĐT của B&ocirc;̣ GD&amp;ĐT ngày 30/3/1996 tr&ecirc;n cơ sở tách ra từ Trường Đại học T&ocirc;̉ng hợp TP.HCM đ&ecirc;̉ tham gia vào Đại học Qu&ocirc;́c gia TP.HCM</li>\n</ul>','DH'),(4,'1','0000-00-00 00:00:00','Trường có bao nhiêu cơ sở, sinh viên sẽ học tại đâu?','<p>Trường hi&ecirc;̣n có&nbsp;hai cở sở:</p>\n<ul dir=\"ltr\">\n<li class=\"rtejustify\">M&ocirc;̣t cơ sở&nbsp; nằm trong khu&ocirc;n vi&ecirc;n Khu đ&ocirc; thị ĐH Qu&ocirc;́c gia tại địa chỉ Khu ph&ocirc;́ 6, phường Linh Trung, qu&acirc;̣n Thủ Đức, TP.HCM (với di&ecirc;̣n tích 32ha). Đ&acirc;y là cơ sở chính phục vụ h&ecirc;̣ đào tạo đại học chính qui. Sinh vi&ecirc;n của trường các năm 1,2 và m&ocirc;̣t ph&acirc;̀n 3 sẽ học tại cơ sở này.</li>\n<li class=\"rtejustify\">M&ocirc;̣t cơ sở&nbsp; nằm trong 227 Nguy&ecirc;̃n Văn Cừ, Q5, Tp.HCM&nbsp;(với di&ecirc;̣n tích khoảng&nbsp;1.1 ha)chủ y&ecirc;́u&nbsp;phục vụ h&ecirc;̣ đào tạo cao học và h&ecirc;̣ cử nh&acirc;n đào tạo theo đ&ecirc;̀ án (CLC, TT, VP), từ xa qua mạng.</li>\n</ul>\n<p><br /><img class=\"\" src=\"https://tuyensinh.hcmus.edu.vn/images/2018/12/27/2-co-so.png\" alt=\"\" width=\"1730\" height=\"2454\" /></p>','DH'),(5,'2','0000-00-00 00:00:00','Các ngành học của trường đào tạo những gì, khác nhau như thế nào?','<ul>\n<li><strong>Giới thiệu&nbsp;<a href=\"https://tuyensinh.hcmus.edu.vn/th%C3%B4ng-tin-tuy%E1%BB%83n-sinh/ng%C3%A0nh-%C4%91%C3%A0o-t%E1%BA%A1o\" target=\"_blank\" rel=\"noopener noreferrer\">c&aacute;c ng&agrave;nh đ&agrave;o tạo đại học</a></strong></li>\n<li><strong>Chi tiết&nbsp;<a href=\"https://tuyensinh.hcmus.edu.vn/th%C3%B4ng-tin-tuy%E1%BB%83n-sinh/ch%C6%B0%C6%A1ng-tr%C3%ACnh-%C4%91%C3%A0o-t%E1%BA%A1o\" target=\"_blank\" rel=\"noopener noreferrer\">chương tr&igrave;nh đ&agrave;o tạo</a></strong></li>\n</ul>','DH'),(6,'2','0000-00-00 00:00:00','Phương thức xét tuyển đại học năm 2022','<p><img class=\"sppb-img-responsive\" title=\"\" src=\"https://tuyensinh.hcmus.edu.vn/images/2021/04/26/ptts2021.png\" alt=\"Image\" /></p>','DH'),(44,'Admin','2022-05-26 13:31:57','Mã trường, Mã ngành, Điểm chuẩn hằng năm?','<p><img class=\"sppb-img-responsive\" title=\"\" src=\"https://tuyensinh.hcmus.edu.vn/images/2021/04/26/to-roi-2021_2.png\" alt=\"Image\" /></p>','DH'),(54,'1','2022-05-29 21:59:47','Kỳ thi đánh giá năng lực của ĐH Quốc gia TP.HCM là gì ?','<p class=\"rtejustify\"><strong>Trả lời:&nbsp;&nbsp;<br /></strong>Kỳ thi đ&aacute;nh gi&aacute; năng lực của ĐHQG-HCM l&agrave; một kỳ thi độc lập với Kỳ thi THPTQG được tổ chức v&agrave;o ng&agrave;y 31/03/2019 v&agrave;&nbsp;07/07/2019.<br />C&aacute;c trường th&agrave;nh vi&ecirc;n của&nbsp;ĐHQG-HCM d&ugrave;ng kết quả kỳ thi n&agrave;y để x&eacute;t tuyển. C&aacute;c trường c&oacute; chỉ ti&ecirc;u ri&ecirc;ng cho kỳ thi đ&aacute;nh gi&aacute; năng lực (Trường ĐH&nbsp;Khoa học Tự nhi&ecirc;n&nbsp;d&ugrave;ng tối đa 30% tổng chỉ ti&ecirc;u).</p>\n<p class=\"rtejustify\">Kỳ th&igrave; đ&aacute;nh gi&aacute; năng lực l&agrave; kỳ thi độc lập với kỳ thi THPTQG&nbsp;đo đ&oacute; th&iacute; sinh c&oacute; quyền chọn thi THPTQG&nbsp;<em><strong>hoặc&nbsp;</strong></em>thi đ&aacute;nh gi&aacute; năng lực&nbsp;<em><strong>hoặc</strong></em>&nbsp;thi c&agrave; 2 kỳ thi để c&oacute; 2 cơ hội x&eacute;t tuyển v&agrave;o Trường ĐH&nbsp;Khoa học Tự nhi&ecirc;n. Do đ&oacute; kỳ thi đ&aacute;nh gi&aacute; năng lực l&agrave; kỳ thi kh&ocirc;ng bắt buộc.<br />Năm 2019 kỳ thi ĐGNL được tổ chức 2 đợt thi l&agrave; 31/3/2019 v&agrave; 07/07/2019. Th&iacute; sinh c&oacute; thể đăng k&yacute; thi cả 2 đợt thi v&agrave; lựa chọn kết quả tốt nhất để đăng k&yacute; x&eacute;t tuyển.</p>\n<p class=\"rtejustify\">Lưu &yacute; đối với thi đ&aacute;nh gi&aacute; năng lực th&iacute; sinh cũng phải tốt nghiệp THPT mới đủ điều kiện x&eacute;t tuyển v&agrave;o trường.</p>\n<p>Th&ocirc;ng tin về kỳ thi đ&aacute;nh gi&aacute; năng lực 2019 vui l&ograve;ng&nbsp;<a href=\"https://tuyensinh.hcmus.edu.vn/th%C3%B4ng-tin-tuy%E1%BB%83n-sinh/ph%C6%B0%C6%A1ng-th%E1%BB%A9c-tuy%E1%BB%83n-sinh/x%C3%A9t-tuy%E1%BB%83n-d%E1%BB%B1a-tr%C3%AAn-k%E1%BA%BFt-qu%E1%BA%A3-k%E1%BB%B3-thi-%C4%91gnl-n%C4%83m-2019\" target=\"_blank\" rel=\"noopener noreferrer\">xem tại đ&acirc;y</a></p>','DH'),(64,'Admin','2022-06-16 03:08:46','Điều kiện ăn ở, sinh hoạt ở KTX?','<h2><strong>Đi&ecirc;̀u ki&ecirc;̣n ăn ở, sinh hoạt?</strong></h2>\n<ul dir=\"ltr\">\n<li class=\"rtejustify\">Ký túc xá ĐH Qu&ocirc;́c gia năm trong khu đ&ocirc; thi ĐH Qu&ocirc;́c gia, cách trường khoảng từ 1 km đến 3km, có sức chứa hơn 60.000 ch&ocirc;̃ đủ ch&ocirc;̉ ở cho toàn b&ocirc;̣ sinh vi&ecirc;n của Trường.</li>\n<li class=\"rtejustify\">T&acirc;n sinh vi&ecirc;n chuẩn bị 01 Bản sao Giấy b&aacute;o nhập học, 02 Bản sao Giấy CMND hoặc Thẻ căn cước</li>\n<li class=\"rtejustify\">Lệ ph&iacute; K&yacute; t&uacute;c x&aacute; HK1 năm học 2018-2019:\n<ul>\n<li class=\"rtejustify\">Ph&ograve;ng 8 sinh vi&ecirc;n: 140.000đ/ sinh vi&ecirc;n/ th&aacute;ng.</li>\n<li class=\"rtejustify\">Ph&ograve;ng 6 sinh vi&ecirc;n: 190.000đ/ sinh vi&ecirc;n/ th&aacute;ng.</li>\n<li class=\"rtejustify\">Ph&ograve;ng 4 sinh vi&ecirc;n ( kh&ocirc;ng m&aacute;y lạnh): 350.000đ/ sinh vi&ecirc;n/ th&aacute;ng.</li>\n<li class=\"rtejustify\">Ph&ograve;ng 4 sinh vi&ecirc;n ( c&oacute; m&aacute;y lạnh): 580.000đ/ sinh vi&ecirc;n/ th&aacute;ng.</li>\n<li class=\"rtejustify\">Ph&ograve;ng 2 sinh vi&ecirc;n: 600.000đ/ sinh vi&ecirc;n/th&aacute;ng</li>\n</ul>\n</li>\n</ul>\n<div class=\"rtejustify rteindent1\"><em>(*) Ch&iacute; ph&iacute; điện, nước sinh hoạt t&iacute;nh theo đồng hồ ri&ecirc;ng của từng ph&ograve;ng ở.</em></div>\n<ul dir=\"ltr\">\n<li class=\"rtejustify\">Các tuy&ecirc;́n xe bus hằng ngày từ trung t&acirc;m thành ph&ocirc;́ đ&ecirc;́n ĐH Qu&ocirc;́c gia-HCM : 8, 10,19, 30, 33, 50, 52, 53, 99.</li>\n</ul>','DH'),(65,'Admin','2022-06-16 03:09:17','Em có thể đăng ký 2 nguyện vọng tại 1 trường cho 1 ngành với 2 tổ hợp môn xét tuyển được không?','<p>Được, em c&oacute; thể đăng k&yacute; 1 ng&agrave;nh với nhiều tổ hợp m&ocirc;n x&eacute;t tuyển ( tối đa 4 tổ hợp m&ocirc;n x&eacute;t tuyển).</p>\n<p>Tuy nhi&ecirc;n, do trường ĐH&nbsp;KHTN x&eacute;t chung mức điểm tr&uacute;ng tuyển cho c&ugrave;ng 1 ng&agrave;nh/nh&oacute;m ng&agrave;nh với c&aacute;c tổ hợp m&ocirc;n x&eacute;t tuyển kh&aacute;c nhau, n&ecirc;n c&aacute;ch tốt nhất l&agrave; em n&ecirc;n đăng k&yacute; 1 nguyện vọng cho 1 ng&agrave;nh với 1 tổ hợp m&ocirc;n x&eacute;t tuyển. Sau khi c&oacute; điểm thi THPT QG, em c&oacute; thể điều chỉnh tổ hợp m&ocirc;n x&eacute;t tuyển trong thời gian điều chỉnh nguyện vọng.</p>','DH'),(66,'Admin','2022-06-16 03:09:36','Cho em hỏi, với những ngành xét tuyển nhiều tổ hợp môn thi ví dụ như nhóm ngành Máy tính & CNTT có 4 tổ hợp môn xét tuyển A00, A01, D07 và D08 thì điểm trúng tuyển giữa các tổ hợp môn thi đó giống nhau hay khác nhau ạ?','<p>Trường ĐH&nbsp;KHTN x&eacute;t chung mức điểm tr&uacute;ng tuyển cho c&ugrave;ng 1 ng&agrave;nh/nh&oacute;m ng&agrave;nh với c&aacute;c tổ hợp m&ocirc;n x&eacute;t tuyển kh&aacute;c nhau.</p>\n<p>V&iacute; dụ: điểm tr&uacute;ng tuyển cho nh&oacute;m ng&agrave;nh M&aacute;y t&iacute;nh v&agrave;&nbsp;CNTT&nbsp;với tổ hợp m&ocirc;n x&eacute;t tuyển A00, A01, D07, D08 đều c&oacute; chung mức điểm&nbsp;26.00 ở năm 2017 v&agrave; 22.75 v&agrave;o năm 2018.</p>','DH'),(67,'Admin','2022-06-16 03:10:12','Cho em hỏi Khoa CNTT có nhiều chương trình như Chất lượng cao, Tiên tiến...., có phải em trúng tuyển vào khoa CNTT rồi mới chọn vào các chương trình đó phải không?','<p>Khoa CNTT của Trường c&oacute; nhiều chương tr&igrave;nh v&agrave; mỗi chương tr&igrave;nh đều tuyển ri&ecirc;ng v&iacute; dụ:</p>\n<p>Nh&oacute;m ng&agrave;nh M&aacute;y t&iacute;nh v&agrave;&nbsp;CNTT với tổ hợp m&ocirc;n x&eacute;t tuyển&nbsp;<strong>A00, A01, D07, D08</strong>&nbsp;với dự kiến&nbsp;<strong>400</strong>&nbsp;chỉ ti&ecirc;u.<br />Chương tr&igrave;nh CLC&nbsp;CNTT với tổ hợp m&ocirc;n x&eacute;t tuyển&nbsp;<strong>A00, A01, D07, D08</strong>&nbsp;với&nbsp;dự kiến&nbsp;<strong>440</strong>&nbsp;chỉ ti&ecirc;u.<br />Chương tr&igrave;nh&nbsp;Ti&ecirc;n tiến&nbsp;CNTT với tổ hợp m&ocirc;n x&eacute;t tuyển&nbsp;<strong>A00, A01, D07, D08</strong>&nbsp;với dự kiến&nbsp;<strong>80</strong>&nbsp;chỉ ti&ecirc;u.<br />Chương tr&igrave;nh&nbsp;Việt - Ph&aacute;p&nbsp;CNTT&nbsp;với tổ hợp m&ocirc;n x&eacute;t tuyển&nbsp;<strong>A00, A01, D07, D29</strong>&nbsp;với&nbsp;dự kiến&nbsp;<strong>40</strong>&nbsp;chỉ ti&ecirc;u.</p>','DH'),(68,'Admin','2022-06-16 03:10:40','Cho em hỏi chương trình liên kết Quốc tế của trường ngành CNTT liên kết với ĐH AUT, New Zealand và ngành Khoa học Quản lý, Keuka, Hoa Kỳ xét tuyển & chỉ tiêu ra sao? Có học bổng đầu vào hay không?','<p><strong><em>Hai ng&agrave;nh đ&agrave;o tạo với cơ hội nhận học bổng đầu v&agrave;o với tổng trị gi&aacute; l&ecirc;n đến 500 triệu đồng:</em><br />1. C&ocirc;ng nghệ Th&ocirc;ng tin &ndash;&nbsp;</strong>chuy&ecirc;n ng&agrave;nh Khoa học Dịch vụ &amp; Kỹ thuật phần mềm.&nbsp;<br /><br /><strong>Chỉ ti&ecirc;u:&nbsp;</strong><strong>8</strong><strong>0</strong>&nbsp;sinh vi&ecirc;n.</p>\n<p dir=\"ltr\"><strong>2. Cử nh&acirc;n Khoa học Quản l&yacute;&nbsp;</strong>chuy&ecirc;n ng&agrave;nh<strong>&nbsp;Kinh Doanh Quốc Tế</strong><strong>.&nbsp;<br /></strong><br /><strong>Chỉ ti&ecirc;u: 120</strong>&nbsp;sinh vi&ecirc;n.<br /><br />===</p>\n<p><strong>Đối tượng dự tuyển:</strong>&nbsp;tất cả c&aacute;c th&iacute; sinh c&oacute; bằng tốt nghiệp THPT</p>\n<p><strong>H&igrave;nh thức x&eacute;t tuyển:</strong>&nbsp;2 h&igrave;nh thức:</p>\n<p>- X&eacute;t dựa v&agrave;o điểm học bạ THPT, hoặc</p>\n<p>- X&eacute;t dựa v&agrave;o kỳ thi Đ&aacute;nh gi&aacute; Năng lực của đại học Quốc Gia HCM</p>\n<p><em>*Tuyển thẳng c&aacute;c th&iacute; sinh tốt nghiệp THPT ở nước ngo&agrave;i (sử dụng tiếng Anh) hoặc c&aacute;c trường THPT quốc tế dạy ho&agrave;n to&agrave;n bằng tiếng Anh tại Việt Nam</em></p>\n<p>Đối với c&aacute;c th&iacute; sinh chưa c&oacute; bằng tiếng Anh (IELTS 6.0 hoặc tương đương) sẽ tham gia kỳ kiểm tra tiếng Anh đầu v&agrave;o do ITEC, trường ĐH KHTN tổ chức h&agrave;ng th&aacute;ng.<br /><br /></p>\n<p><em>Vui l&ograve;ng li&ecirc;n hệ với Bộ phận Tư vấn Tuyển sinh ITEC nếu bạn c&oacute; bất kỳ c&acirc;u hỏi n&agrave;o:</em></p>\n<p><strong>Văn ph&ograve;ng Th&ocirc;ng tin,&nbsp;</strong><strong>trường ĐH KHTN, 227 Nguyễn Văn Cừ, Q.5, TP. HCM.&nbsp;</strong><strong>Điện thoại: (028) 38 303 625/ 0907 171 140 (gặp c&ocirc; &Aacute;i Duy)</strong>&nbsp;</p>','DH'),(69,'Admin','2022-06-16 03:11:06','Cho em hỏi Khoa CNTT có nhiều chương trình như Chất lượng cao, Tiên tiến...., có phải em trúng tuyển vào khoa CNTT rồi mới chọn vào các chương trình đó phải không?','<p>Khoa CNTT của Trường c&oacute; nhiều chương tr&igrave;nh v&agrave; mỗi chương tr&igrave;nh đều tuyển ri&ecirc;ng. Th&iacute; sinh đăng k&yacute; x&eacute;t tuyển nguyện vọng theo th&ocirc;ng tin sau:<br /><br /></p>\n<p>1. Nh&oacute;m ng&agrave;nh M&aacute;y t&iacute;nh v&agrave;&nbsp;CNTT</p>\n<p>M&atilde; ng&agrave;nh: 7480201_NN</p>\n<p>Tổ hợp m&ocirc;n x&eacute;t tuyển:&nbsp;<strong>A00, A01, D07, B08<br /></strong><br />2. Ng&agrave;nh C&ocirc;ng nghệ Th&ocirc;ng tin (CT Chất lượng cao)</p>\n<p>M&atilde; ng&agrave;nh: 7480201_CLC</p>\n<p>Tổ hợp m&ocirc;n x&eacute;t tuyển:&nbsp;<strong>A00, A01, D07, B08<br /></strong><br />3. Ng&agrave;nh Khoa học M&aacute;y t&iacute;nh (CT Ti&ecirc;n tiến)</p>\n<p>M&atilde; ng&agrave;nh: 7480101_TT</p>\n<p>Tổ hợp m&ocirc;n x&eacute;t tuyển:&nbsp;<strong>A00, A01, D07, B08<br /></strong><br />4. Ng&agrave;nh C&ocirc;ng nghệ Th&ocirc;ng tin (CT&nbsp;Việt &ndash; Ph&aacute;p)</p>\n<p>M&atilde; ng&agrave;nh: 7480201_VP</p>\n<p>Tổ hợp m&ocirc;n x&eacute;t tuyển:&nbsp;<strong>A00, A01, D07, D29</strong></p>','DH'),(70,'Admin','2022-06-16 03:12:07','Em muốn xét tuyển nhóm ngành máy tính và CNTT thì chọn chuyên ngành khi đăng ký xét tuyển đúng hay không?','<p><strong>Sinh vi&ecirc;n Nh&oacute;m ng&agrave;nh M&aacute;y t&iacute;nh v&agrave; CNTT sẽ đăng k&yacute; chuy&ecirc;n ng&agrave;nh sau 02 năm học, bao gồm:</strong></p>\n<ul>\n<li>C&ocirc;ng nghệ Th&ocirc;ng tin</li>\n<li>C&ocirc;ng nghệ Tri thức</li>\n<li>Hệ thống Th&ocirc;ng tin</li>\n<li>Khoa học Dữ liệu</li>\n<li>Khoa học M&aacute;y t&iacute;nh</li>\n<li>Kỹ thuật Phần mềm</li>\n<li>Mạng m&aacute;y t&iacute;nh v&agrave; Viễn th&ocirc;ng</li>\n<li>Thị gi&aacute;c m&aacute;y t&iacute;nh</li>\n<li>Tr&iacute; tuệ nh&acirc;n tạo</li>\n</ul>','DH'),(71,'Admin','2022-06-16 03:14:26','Thời gian tuyển sinh sau đại học hằng năm ?','<p>Hằng năm Trường Đại học Khoa học Tự nhi&ecirc;n tổ chức 2 kỳ thi Tuyển sinh Sau đại học (đ&agrave;o tạo thạc sĩ, tiến sĩ):</p>\n<ul>\n<li><strong>Đợt 1</strong>: tổ chức thi v&agrave;o giữa&nbsp;<strong>th&aacute;ng 5</strong>, th&ocirc;ng b&aacute;o tuyển sinh v&agrave;o cuối th&aacute;ng 2 &ndash; đầu th&aacute;ng 3, ph&aacute;t v&agrave; nhận hồ sơ từ đầu th&aacute;ng 3 đến giữa th&aacute;ng 4.</li>\n<li><strong>Đợt 2</strong>: tổ chức thi v&agrave;o giữa&nbsp;<strong>th&aacute;ng 10</strong>, th&ocirc;ng b&aacute;o tuyển sinh v&agrave;o cuối th&aacute;ng 7 &ndash; đầu th&aacute;ng 8, ph&aacute;t v&agrave; nhận hồ sơ từ đầu th&aacute;ng 8 đến giữa th&aacute;ng 9.</li>\n</ul>','SDH'),(72,'Admin','2022-06-16 03:15:02','Phương thức tuyển sinh đào tạo trình độ thạc sĩ như thế nào ?','<p>C&oacute; 4 phương thức tuyển sinh: tuyển thẳng, x&eacute;t tuyển, thi tuyển v&agrave; thi tuyển kết hợp x&eacute;t tuyển</p>\n<ul>\n<li>Tuyển thẳng: chỉ x&eacute;t hồ sơ ứng vi&ecirc;n</li>\n<li>X&eacute;t tuyển: sơ tuyển hồ sơ đăng k&yacute;, phỏng vấn chuy&ecirc;n m&ocirc;n</li>\n<li>Thi tuyển: th&iacute; sinh thi 3 m&ocirc;n Cơ bản, Cơ sở v&agrave; Ngoại ngữ (hoặc nộp chứng chỉ ngoại ngữ theo quy định để được x&eacute;t miễn thi m&ocirc;n Ngoại ngữ)</li>\n<li>Thi tuyển kết hợp x&eacute;t tuyển: Thi m&ocirc;n Cơ bản, x&eacute;t tuyển m&ocirc;n cơ sở v&agrave; thi m&ocirc;n Ngoại ngữ (hoặc nộp chứng chỉ ngoại ngữ theo quy định để được x&eacute;t miễn thi m&ocirc;n Ngoại ngữ).</li>\n</ul>','SDH'),(73,'Admin','2022-06-16 03:15:25','Điều kiện để được tuyển thẳng cao học ?','<p>Ứng vi&ecirc;n l&agrave; người tốt nghiệp hoặc c&oacute; quyết định c&ocirc;ng nhận tốt nghiệp tr&igrave;nh độ đại học ở c&aacute;c Trường thuộc hệ thống ĐHQG-HCM v&agrave; ĐHQG-HN c&oacute; ng&agrave;nh đ&uacute;ng với ng&agrave;nh đăng k&yacute; tuyển thẳng (<a href=\"https://sdh.hcmus.edu.vn/wp-content/uploads/2022/03/th%C3%B4ng-b%C3%A1o-tuy%E1%BB%83n-th%E1%BA%B3ng-CAO-H%E1%BB%8CC-2022-%C4%91%E1%BB%A3t-1-ph%E1%BB%A5-l%E1%BB%A5c-m%E1%BA%ABu.doc\"><em>phụ lục 2</em></a>) v&agrave; phải thỏa một trong c&aacute;c điều kiện như sau:</p>\n<ul>\n<li>Người tốt nghiệp hoặc c&oacute; quyết định c&ocirc;ng nhận tốt nghiệp tr&igrave;nh độ đại học ch&iacute;nh quy với chương tr&igrave;nh đ&agrave;o tạo từ&nbsp;<strong>150</strong>&nbsp;t&iacute;n chỉ trở l&ecirc;n;</li>\n<li>Người tốt nghiệp hoặc c&oacute; quyết định c&ocirc;ng nhận tốt nghiệp tr&igrave;nh độ đại học ch&iacute;nh quy loại giỏi c&oacute; điểm trung b&igrave;nh t&iacute;ch lũy từ&nbsp;<strong>8.0</strong>&nbsp;trở l&ecirc;n (theo thang điểm 10);</li>\n<li>Người tốt nghiệp hoặc c&oacute; quyết định c&ocirc;ng nhận tốt nghiệp tr&igrave;nh độ đại học ch&iacute;nh quy l&agrave; thủ khoa của ng&agrave;nh;</li>\n<li>Người tốt nghiệp hoặc c&oacute; quyết định c&ocirc;ng nhận tốt nghiệp tr&igrave;nh độ đại học đạt giải nhất, nh&igrave;, ba c&aacute;c kỳ thi Olympic sinh vi&ecirc;n trong nước v&agrave; ngo&agrave;i nước.</li>\n</ul>','SDH'),(74,'Admin','2022-06-16 03:16:23','Lớp học trực tuyến được tổ chức cụ thể vào lúc nào? Nếu tôi không thể tham gia các buổi học trực tuyến, tôi có thể xem lại bài giảng không?','<p>Mỗi học kỳ sẽ c&oacute; thời kh&oacute;a biểu ri&ecirc;ng, bạn dựa v&agrave;o thời kh&oacute;a biểu để biết thời gian học trực tuyến của bạn.</p>\n<p>C&aacute;c lớp đều được tổ chức sau 17g00 c&aacute;c ng&agrave;y trong tuần, cuối tuần c&oacute; thể c&oacute; lớp s&aacute;ng, chiều.</p>\n<p>Trường c&oacute; lưu lại b&agrave;i giảng của c&aacute;c buổi học. Nếu bạn kh&ocirc;ng thể tham gia buổi học n&agrave;o, bạn c&oacute; thể xem lại video b&agrave;i giảng của buổi học đ&oacute;.</p>','TX'),(75,'Admin','2022-06-16 03:16:39','Hiện tại tôi đang đi làm, tôi muốn biết thời gian học cụ thể của Hệ đào tạo từ xa? Tôi có cần phải đến lớp học một số buổi không?','<p>Chương tr&igrave;nh đ&agrave;o tạo từ xa của trường ho&agrave;n to&agrave;n ph&ugrave; hợp với c&aacute;c bạn đ&atilde; đi l&agrave;m, thời gian học bắt đầu sau 17g00 v&agrave;o c&aacute;c ng&agrave;y trong tuần, cuối tuần c&oacute; thể c&oacute; c&aacute;c lớp ban ng&agrave;y.</p>\n<p>Trong qu&aacute; tr&igrave;nh học, bạn sẽ kh&ocirc;ng phải đến lớp m&agrave; c&oacute; thể học ho&agrave;n to&agrave;n qua mạng ở bất kỳ địa điểm n&agrave;o (chỉ cần c&oacute; m&aacute;y t&iacute;nh kết nối internet).</p>\n<div><em>Bạn chỉ đến trường để tham gia c&aacute;c kỳ thi tập trung v&agrave;o cuối mỗi học kỳ.</em></div>','TX'),(76,'Admin','2022-06-16 03:17:05','Sau khi học xong các học phần nhà trường yêu cầu, tôi có phải thi tốt nghiệp không? Có cần các điều kiện nào khác khi tốt nghiệp không?','<p>Trường kh&ocirc;ng tổ chức thi tốt nghiệp m&agrave; sẽ x&eacute;t tốt nghiệp cho bạn sau khi bạn học ho&agrave;n tất c&aacute;c học phần của chương tr&igrave;nh đ&agrave;o tạo.</p>\n<div>Điều kiện x&eacute;t tốt nghiệp:</div>\n<ul>\n<li>T&iacute;ch lũy đủ số t&iacute;n chỉ như đ&atilde; qui định trong c&aacute;c chương tr&igrave;nh học.</li>\n<li>Đạt chứng chỉ Anh văn tr&igrave;nh độ B1 (theo mẫu ph&ocirc;i của Bộ GD&amp;ĐT v&agrave; kh&ocirc;ng qu&aacute; 2&nbsp;năm kể từ ng&agrave;y cấp) hoặc&nbsp;TOEIC 450 (kh&ocirc;ng qu&aacute; 2 năm kể từ ng&agrave;y cấp).</li>\n</ul>','TX');
/*!40000 ALTER TABLE `qna` ENABLE KEYS */;
UNLOCK TABLES;

--
-- Table structure for table `qna_trans`
--

DROP TABLE IF EXISTS `qna_trans`;
/*!40101 SET @saved_cs_client     = @@character_set_client */;
/*!50503 SET character_set_client = utf8mb4 */;
CREATE TABLE `qna_trans` (
  `qnaTransId` int unsigned NOT NULL AUTO_INCREMENT,
  `qnaQuestion` text CHARACTER SET utf8mb4 COLLATE utf8mb4_unicode_ci NOT NULL,
  `qnaAnswer` text CHARACTER SET utf8mb4 COLLATE utf8mb4_unicode_ci NOT NULL,
  `qnaQnaId` int DEFAULT NULL,
  PRIMARY KEY (`qnaTransId`),
  KEY `FK_413d0140b947e501d5611a491b2` (`qnaQnaId`),
  CONSTRAINT `FK_413d0140b947e501d5611a491b2` FOREIGN KEY (`qnaQnaId`) REFERENCES `qna` (`qnaId`)
) ENGINE=InnoDB DEFAULT CHARSET=utf8mb4 COLLATE=utf8mb4_unicode_ci;
/*!40101 SET character_set_client = @saved_cs_client */;

--
-- Dumping data for table `qna_trans`
--

LOCK TABLES `qna_trans` WRITE;
/*!40000 ALTER TABLE `qna_trans` DISABLE KEYS */;
/*!40000 ALTER TABLE `qna_trans` ENABLE KEYS */;
UNLOCK TABLES;

--
-- Table structure for table `result`
--

DROP TABLE IF EXISTS `result`;
/*!40101 SET @saved_cs_client     = @@character_set_client */;
/*!50503 SET character_set_client = utf8mb4 */;
CREATE TABLE `result` (
  `resultAspirationOrder` int unsigned NOT NULL,
  `resultMajor` char(20) CHARACTER SET utf8mb4 COLLATE utf8mb4_unicode_ci NOT NULL DEFAULT '',
  `resultInfomation` varchar(20) CHARACTER SET utf8mb4 COLLATE utf8mb4_unicode_ci DEFAULT NULL,
  `resultMethod` char(5) CHARACTER SET utf8mb4 COLLATE utf8mb4_unicode_ci NOT NULL DEFAULT '',
  `resultIcIdentity` char(15) CHARACTER SET utf8mb4 COLLATE utf8mb4_unicode_ci NOT NULL DEFAULT '',
  `resultNote` varchar(100) CHARACTER SET utf8mb4 COLLATE utf8mb4_unicode_ci DEFAULT NULL,
  `resultTypeOfTrainingID` char(4) CHARACTER SET utf8mb4 COLLATE utf8mb4_unicode_ci DEFAULT NULL,
  `resultYear` year DEFAULT NULL,
  PRIMARY KEY (`resultMajor`,`resultMethod`,`resultIcIdentity`),
  KEY `FK_Result_TypeOfTraining` (`resultTypeOfTrainingID`),
  KEY `FK_Result_MajorMethod_1` (`resultMethod`),
  KEY `FK_Result_ICandidate` (`resultIcIdentity`),
  CONSTRAINT `FK_Result_ICandidate` FOREIGN KEY (`resultIcIdentity`) REFERENCES `informationcandidate` (`icIdentity`),
  CONSTRAINT `FK_Result_MajorMethod` FOREIGN KEY (`resultMajor`) REFERENCES `majormethod` (`majorId`),
  CONSTRAINT `FK_Result_MajorMethod_1` FOREIGN KEY (`resultMethod`) REFERENCES `majormethod` (`methodId`),
  CONSTRAINT `FK_Result_TypeOfTraining` FOREIGN KEY (`resultTypeOfTrainingID`) REFERENCES `typeoftraining` (`typeOfTrainingId`)
) ENGINE=InnoDB DEFAULT CHARSET=utf8mb4 COLLATE=utf8mb4_unicode_ci;
/*!40101 SET character_set_client = @saved_cs_client */;

--
-- Dumping data for table `result`
--

LOCK TABLES `result` WRITE;
/*!40000 ALTER TABLE `result` DISABLE KEYS */;
INSERT INTO `result` VALUES (6,'7420101','Trúng tuyển','3','444444444','Điểm thi: Toán: 7.6; Sinh học: 7.25; Tiếng Anh: 7.6. Điểm tổng (đã cộng điểm ƯT): 22.45',NULL,NULL),(4,'7420101','Không trúng tuyển do','4','444444444','Điểm ĐGNL (đã cộng điểm ƯT): 712',NULL,NULL),(1,'7440112','Không trúng tuyển','4','444444444','Điểm ĐGNL (đã cộng điểm ƯT): 712',NULL,NULL),(1,'7440301','Trúng tuyển','3','111111111','Điểm thi: Toán: 6.2; Vật lí: 7.25; Hóa học: 7. Điểm tổng (đã cộng điểm ƯT): 20.7',NULL,NULL),(3,'7460101_NN',NULL,'3','333333333','Điểm tổng (đã cộng điểm ƯT): 27.40',NULL,NULL),(5,'7480101_TT',NULL,'2','555555555','Điểm xét tuyển (đã cộng điểm ƯT): 9.68',NULL,NULL),(1,'7480101_TT','Không trúng tuyển','4','222222222','Điểm ĐGNL (đã cộng điểm ƯT): 950',NULL,NULL),(3,'7480201_CLC','Trúng tuyển','4','555555555','Điểm ĐGNL (đã cộng điểm ƯT): 904',NULL,NULL),(4,'7480201_NN','Trúng tuyển','2','555555555','Điểm xét tuyển (đã cộng điểm ƯT): 9.68',NULL,NULL),(1,'7480201_NN','Trúng tuyển','3','333333333','Điểm thi: Toán: 8.4; Vật lí: 8.25; Hóa học: 8. Điểm tổng (đã cộng điểm ƯT): 27.4. TS trúng tuyển nhờ',NULL,NULL),(2,'7480201_NN','Trúng tuyển','4','222222222','Điểm ĐGNL (đã cộng điểm ƯT): 950. TS trúng tuyển nhờ ƯT',NULL,NULL),(2,'7480201_NN','Không trúng tuyển','4','555555555','Điểm ĐGNL (đã cộng điểm ƯT): 904',NULL,NULL),(3,'7520403','Không trúng tuyển','3','111111111','Điểm tổng (đã cộng điểm ƯT): 20.70',NULL,NULL);
/*!40000 ALTER TABLE `result` ENABLE KEYS */;
UNLOCK TABLES;

--
-- Table structure for table `schoolimage`
--

DROP TABLE IF EXISTS `schoolimage`;
/*!40101 SET @saved_cs_client     = @@character_set_client */;
/*!50503 SET character_set_client = utf8mb4 */;
CREATE TABLE `schoolimage` (
  `schoolImageId` int unsigned NOT NULL AUTO_INCREMENT,
  `schoolImageFaculty` int unsigned DEFAULT NULL,
  `schoolImageLink` text CHARACTER SET utf8mb4 COLLATE utf8mb4_unicode_ci,
  PRIMARY KEY (`schoolImageId`),
  KEY `FK_SchoolImage_Faculty` (`schoolImageFaculty`),
  CONSTRAINT `FK_SchoolImage_Faculty` FOREIGN KEY (`schoolImageFaculty`) REFERENCES `faculty` (`facultyId`)
) ENGINE=InnoDB DEFAULT CHARSET=utf8mb4 COLLATE=utf8mb4_unicode_ci;
/*!40101 SET character_set_client = @saved_cs_client */;

--
-- Dumping data for table `schoolimage`
--

LOCK TABLES `schoolimage` WRITE;
/*!40000 ALTER TABLE `schoolimage` DISABLE KEYS */;
/*!40000 ALTER TABLE `schoolimage` ENABLE KEYS */;
UNLOCK TABLES;

--
-- Table structure for table `schoolinfor`
--

DROP TABLE IF EXISTS `schoolinfor`;
/*!40101 SET @saved_cs_client     = @@character_set_client */;
/*!50503 SET character_set_client = utf8mb4 */;
CREATE TABLE `schoolinfor` (
  `schoolinforId` int unsigned NOT NULL AUTO_INCREMENT,
  `schoolinforIntroduction` text CHARACTER SET utf8mb4 COLLATE utf8mb4_unicode_ci NOT NULL,
  `schoolinforProfessor` int unsigned NOT NULL,
  `schoolinforAssociateProfessor` int unsigned NOT NULL,
  `schoolinforMaster` int unsigned NOT NULL,
  `schoolinforDoctor` int unsigned NOT NULL,
  `schoolinforMasterMajor` int unsigned NOT NULL,
  `schoolinforDoctorMajor` int unsigned NOT NULL,
  `schoolinforBachelorMajor` int unsigned NOT NULL,
  `schoolinforVideoLink` text CHARACTER SET utf8mb4 COLLATE utf8mb4_unicode_ci NOT NULL,
  `schoolinforImages` text CHARACTER SET utf8mb4 COLLATE utf8mb4_unicode_ci NOT NULL,
  `schoolinfoBenchmarkImage` text CHARACTER SET utf8mb4 COLLATE utf8mb4_unicode_ci NOT NULL,
  PRIMARY KEY (`schoolinforId`)
) ENGINE=InnoDB AUTO_INCREMENT=2 DEFAULT CHARSET=utf8mb4 COLLATE=utf8mb4_unicode_ci;
/*!40101 SET character_set_client = @saved_cs_client */;

--
-- Dumping data for table `schoolinfor`
--

LOCK TABLES `schoolinfor` WRITE;
/*!40000 ALTER TABLE `schoolinfor` DISABLE KEYS */;
INSERT INTO `schoolinfor` VALUES (1,'<p>ress</p>\n<div id=\"sppb-addon-wrapper-1562716561418\" class=\"sppb-addon-wrapper\"></div>',11,59,580,11,31,26,14,'https://youtu.be/E_oRxkIdx6U','https://tuyensinh.hcmus.edu.vn/images/2021/09/15/237f284abca94af713b8.jpg','https://youtu.be/E_oRxkIdx6U 1');
/*!40000 ALTER TABLE `schoolinfor` ENABLE KEYS */;
UNLOCK TABLES;

--
-- Table structure for table `shift`
--

DROP TABLE IF EXISTS `shift`;
/*!40101 SET @saved_cs_client     = @@character_set_client */;
/*!50503 SET character_set_client = utf8mb4 */;
CREATE TABLE `shift` (
  `shiftId` int unsigned NOT NULL AUTO_INCREMENT,
  `shiftStartTime` timestamp NOT NULL DEFAULT CURRENT_TIMESTAMP ON UPDATE CURRENT_TIMESTAMP,
  `shiftEndTime` timestamp NOT NULL DEFAULT '0000-00-00 00:00:00',
  PRIMARY KEY (`shiftId`)
) ENGINE=InnoDB AUTO_INCREMENT=7 DEFAULT CHARSET=utf8mb4 COLLATE=utf8mb4_unicode_ci;
/*!40101 SET character_set_client = @saved_cs_client */;

--
-- Dumping data for table `shift`
--

LOCK TABLES `shift` WRITE;
/*!40000 ALTER TABLE `shift` DISABLE KEYS */;
INSERT INTO `shift` VALUES (1,'2022-04-12 08:00:00','2022-04-12 12:00:00'),(2,'2022-04-13 08:00:00','2022-04-13 12:00:00'),(3,'2022-04-14 08:00:00','2022-04-14 16:00:00'),(4,'2022-04-12 13:00:00','2022-04-12 18:00:00'),(5,'2022-04-10 08:00:00','2022-04-10 16:00:00'),(6,'2022-04-13 13:00:00','2022-04-13 18:00:00');
/*!40000 ALTER TABLE `shift` ENABLE KEYS */;
UNLOCK TABLES;

--
-- Table structure for table `shiftinformation`
--

DROP TABLE IF EXISTS `shiftinformation`;
/*!40101 SET @saved_cs_client     = @@character_set_client */;
/*!50503 SET character_set_client = utf8mb4 */;
CREATE TABLE `shiftinformation` (
  `shiftId` int unsigned NOT NULL DEFAULT '0',
  `userId` char(36) CHARACTER SET utf8mb4 COLLATE utf8mb4_unicode_ci NOT NULL DEFAULT '',
  PRIMARY KEY (`shiftId`,`userId`),
  KEY `FK_ShiftInfo_User` (`userId`),
  CONSTRAINT `FK_ShiftInfo_Shift` FOREIGN KEY (`shiftId`) REFERENCES `shift` (`shiftId`),
  CONSTRAINT `FK_ShiftInfo_User` FOREIGN KEY (`userId`) REFERENCES `user` (`userId`)
) ENGINE=InnoDB DEFAULT CHARSET=utf8mb4 COLLATE=utf8mb4_unicode_ci;
/*!40101 SET character_set_client = @saved_cs_client */;

--
-- Dumping data for table `shiftinformation`
--

LOCK TABLES `shiftinformation` WRITE;
/*!40000 ALTER TABLE `shiftinformation` DISABLE KEYS */;
INSERT INTO `shiftinformation` VALUES (4,'14'),(5,'14'),(6,'14'),(1,'24'),(2,'24'),(3,'24');
/*!40000 ALTER TABLE `shiftinformation` ENABLE KEYS */;
UNLOCK TABLES;

--
-- Table structure for table `statistic`
--

DROP TABLE IF EXISTS `statistic`;
/*!40101 SET @saved_cs_client     = @@character_set_client */;
/*!50503 SET character_set_client = utf8mb4 */;
CREATE TABLE `statistic` (
  `statisticYear` int unsigned NOT NULL,
  `statisticMonth` int unsigned NOT NULL,
  `statisticAccessTime` int unsigned DEFAULT NULL,
  `statisticNumberNews` int unsigned DEFAULT NULL,
  `statisticNumberNewUser` int unsigned DEFAULT NULL,
  `statisticNumberCv` int unsigned DEFAULT NULL,
  PRIMARY KEY (`statisticYear`,`statisticMonth`)
) ENGINE=InnoDB DEFAULT CHARSET=utf8mb4 COLLATE=utf8mb4_0900_ai_ci;
/*!40101 SET character_set_client = @saved_cs_client */;

--
-- Dumping data for table `statistic`
--

LOCK TABLES `statistic` WRITE;
/*!40000 ALTER TABLE `statistic` DISABLE KEYS */;
/*!40000 ALTER TABLE `statistic` ENABLE KEYS */;
UNLOCK TABLES;

--
-- Table structure for table `timeline`
--

DROP TABLE IF EXISTS `timeline`;
/*!40101 SET @saved_cs_client     = @@character_set_client */;
/*!50503 SET character_set_client = utf8mb4 */;
CREATE TABLE `timeline` (
  `timelineId` int unsigned NOT NULL AUTO_INCREMENT,
  `timelineTitle` varchar(255) CHARACTER SET utf8mb4 COLLATE utf8mb4_unicode_ci NOT NULL,
  `timelineStart` timestamp NOT NULL,
  `timelineEnd` timestamp NOT NULL,
  `timelineContent` text CHARACTER SET utf8mb4 COLLATE utf8mb4_unicode_ci NOT NULL,
  `timelineTypeOfTrainingID` char(4) CHARACTER SET utf8mb4 COLLATE utf8mb4_unicode_ci NOT NULL,
  PRIMARY KEY (`timelineId`),
  KEY `FK_Timeline_TypeOfTraining` (`timelineTypeOfTrainingID`),
  CONSTRAINT `FK_Timeline_TypeOfTraining` FOREIGN KEY (`timelineTypeOfTrainingID`) REFERENCES `typeoftraining` (`typeOfTrainingId`)
) ENGINE=InnoDB AUTO_INCREMENT=35 DEFAULT CHARSET=utf8mb4 COLLATE=utf8mb4_unicode_ci;
/*!40101 SET character_set_client = @saved_cs_client */;

--
-- Dumping data for table `timeline`
--

LOCK TABLES `timeline` WRITE;
/*!40000 ALTER TABLE `timeline` DISABLE KEYS */;
INSERT INTO `timeline` VALUES (1,'Đăng ký dự thi đánh giá năng lực đợt 2 1','2022-04-06 00:00:00','2022-04-25 00:00:00','<p>Đăng k&yacute; dự thi ĐGNL (đợt 2), đăng k&yacute; x&eacute;t tuyển bằng kết quả thi ĐGNL Đại Học Quốc Gia T.P Hồ Ch&iacute; Minh</p>','DH'),(2,'Ngày thi ĐGNL (đợt 2)','2022-05-22 00:00:00','2022-05-22 00:00:00','<p>&nbsp;Đợt 2 (dự kiến): S&aacute;ng Chủ Nhật, 22/5/2022 (dự kiến) tại 04 tỉnh/th&agrave;nh phố bao gồm:<br />- Th&agrave;nh phố Hồ Ch&iacute; Minh;<br />- Đ&agrave; Nẵng;<br />- Kh&aacute;nh H&ograve;a;<br />- An Giang.</p>',''),(3,'Thông báo Giấy báo dự thi ĐGNL','2022-05-14 00:00:00','2022-05-14 00:00:00','Thông báo Giấy báo dự thi',''),(4,'Thông báo kết quả thi ĐGNL','2022-05-29 00:00:00','2022-05-29 00:00:00','Thông báo kết quả thi ĐGNL đợt 2',''),(5,'Thí sinh nhận Giấy báo điểm kỳ thi ĐGNL','2022-06-07 22:22:51','2022-06-29 22:24:41','<p>Th&iacute; sinh nhận Giấy b&aacute;o điểm ĐGNL đợt 2</p>','DH'),(14,'Sự kiện nè','2022-05-18 23:47:51','2022-05-19 22:25:51','<p>dat</p>',''),(34,'Đăng ký dự thi đánh giá năng lực đợt 2','2022-06-16 14:25:41','2022-06-30 08:19:41','<p>Thời gian đ&aacute;nh gi&aacute; năng lực đợt 2: 16/6/2022</p>','DH');
/*!40000 ALTER TABLE `timeline` ENABLE KEYS */;
UNLOCK TABLES;

--
-- Table structure for table `timelineuser`
--

DROP TABLE IF EXISTS `timelineuser`;
/*!40101 SET @saved_cs_client     = @@character_set_client */;
/*!50503 SET character_set_client = utf8mb4 */;
CREATE TABLE `timelineuser` (
  `timelineId` int unsigned NOT NULL DEFAULT '0',
  `userId` char(36) CHARACTER SET utf8mb4 COLLATE utf8mb4_unicode_ci NOT NULL DEFAULT '',
  `timelineUserState` varchar(50) CHARACTER SET utf8mb4 COLLATE utf8mb4_unicode_ci DEFAULT NULL,
  `timelineIsCare` tinyint(1) DEFAULT NULL,
  `timelineParentId` int unsigned DEFAULT NULL,
  PRIMARY KEY (`timelineId`,`userId`),
  KEY `FK_TimelineUser_Timeline_1` (`timelineParentId`),
  KEY `FK_TimelineUser_User` (`userId`),
  CONSTRAINT `FK_TimelineUser_Timeline` FOREIGN KEY (`timelineId`) REFERENCES `timeline` (`timelineId`),
  CONSTRAINT `FK_TimelineUser_Timeline_1` FOREIGN KEY (`timelineParentId`) REFERENCES `timeline` (`timelineId`),
  CONSTRAINT `FK_TimelineUser_User` FOREIGN KEY (`userId`) REFERENCES `user` (`userId`)
) ENGINE=InnoDB DEFAULT CHARSET=utf8mb4 COLLATE=utf8mb4_unicode_ci;
/*!40101 SET character_set_client = @saved_cs_client */;

--
-- Dumping data for table `timelineuser`
--

LOCK TABLES `timelineuser` WRITE;
/*!40000 ALTER TABLE `timelineuser` DISABLE KEYS */;
INSERT INTO `timelineuser` VALUES (1,'4','done',NULL,NULL),(1,'5','notify',NULL,NULL),(1,'6','notify',NULL,NULL),(1,'8','notify',NULL,NULL),(2,'4','notify',NULL,NULL),(2,'5','notify',NULL,NULL),(2,'6','notify',NULL,NULL),(2,'8','notify',NULL,NULL),(3,'4','notify',NULL,NULL),(3,'5','notify',NULL,NULL),(3,'6','notify',NULL,NULL),(3,'9','notify',NULL,NULL),(4,'4','notify',NULL,NULL),(4,'5','notify',NULL,NULL),(4,'7','notify',NULL,NULL),(4,'9','notify',NULL,NULL),(5,'4','notify',NULL,NULL),(5,'5','notify',NULL,NULL),(5,'7','notify',NULL,NULL),(5,'9','notify',NULL,NULL);
/*!40000 ALTER TABLE `timelineuser` ENABLE KEYS */;
UNLOCK TABLES;

--
-- Table structure for table `tuition`
--

DROP TABLE IF EXISTS `tuition`;
/*!40101 SET @saved_cs_client     = @@character_set_client */;
/*!50503 SET character_set_client = utf8mb4 */;
CREATE TABLE `tuition` (
  `tuitionId` int unsigned NOT NULL AUTO_INCREMENT,
  `tuitionContent` text CHARACTER SET utf8mb4 COLLATE utf8mb4_unicode_ci NOT NULL,
  PRIMARY KEY (`tuitionId`)
) ENGINE=InnoDB AUTO_INCREMENT=2 DEFAULT CHARSET=utf8mb4 COLLATE=utf8mb4_unicode_ci;
/*!40101 SET character_set_client = @saved_cs_client */;

--
-- Dumping data for table `tuition`
--

LOCK TABLES `tuition` WRITE;
/*!40000 ALTER TABLE `tuition` DISABLE KEYS */;
INSERT INTO `tuition` VALUES (1,'<div id=\"column-wrap-id-1573706569988\" class=\"sppb-col-md-12\">\n<div id=\"column-id-1573706569988\" class=\"sppb-column\">\n<div class=\"sppb-column-addons\">\n<div id=\"sppb-addon-wrapper-1573706568869\" class=\"sppb-addon-wrapper\">\n<div id=\"sppb-addon-1573706568869\" class=\"clearfix sppb-positioned-addon\" data-zindex=\"1\" data-rowid=\"1573706569989\" data-colid=\"1573706569988\">\n<div class=\"sppb-addon sppb-addon-header sppb-text-center\">\n<h2 class=\"sppb-addon-title\">HỌC PH&Iacute; C&Aacute;C NG&Agrave;NH Đ&Agrave;O TẠO</h2>\n</div>\n</div>\n</div>\n</div>\n</div>\n</div>\n<div id=\"column-wrap-id-1573706569990\" class=\"sppb-col-md-12\">\n<div id=\"column-id-1573706569990\" class=\"sppb-column\">\n<div class=\"sppb-column-addons\">\n<div id=\"sppb-addon-wrapper-1653470611645\" class=\"sppb-addon-wrapper\">\n<div id=\"sppb-addon-1653470611645\" class=\"clearfix \">\n<div class=\"sppb-addon sppb-addon-single-image sppb-text-center \">\n<div class=\"sppb-addon-content\">\n<div class=\"sppb-addon-single-image-container\"><img class=\"sppb-img-responsive\" title=\"\" src=\"https://tuyensinh.hcmus.edu.vn/images/2022/05/25/picture5.png\" alt=\"Image\" width=\"2387\" height=\"2475\" /></div>\n</div>\n</div>\n</div>\n</div>\n</div>\n</div>\n</div>');
/*!40000 ALTER TABLE `tuition` ENABLE KEYS */;
UNLOCK TABLES;

--
-- Table structure for table `typeoftraining`
--

DROP TABLE IF EXISTS `typeoftraining`;
/*!40101 SET @saved_cs_client     = @@character_set_client */;
/*!50503 SET character_set_client = utf8mb4 */;
CREATE TABLE `typeoftraining` (
  `typeOfTrainingId` char(4) CHARACTER SET utf8mb4 COLLATE utf8mb4_unicode_ci NOT NULL,
  `typeOfTrainingName` varchar(35) CHARACTER SET utf8mb4 COLLATE utf8mb4_unicode_ci NOT NULL,
  `typeOfTrainingDescription` text CHARACTER SET utf8mb4 COLLATE utf8mb4_unicode_ci NOT NULL,
  PRIMARY KEY (`typeOfTrainingId`)
) ENGINE=InnoDB DEFAULT CHARSET=utf8mb4 COLLATE=utf8mb4_unicode_ci;
/*!40101 SET character_set_client = @saved_cs_client */;

--
-- Dumping data for table `typeoftraining`
--

LOCK TABLES `typeoftraining` WRITE;
/*!40000 ALTER TABLE `typeoftraining` DISABLE KEYS */;
INSERT INTO `typeoftraining` VALUES ('DH','Đại học',''),('SDH','Sau đại học',''),('TX','Từ xa','');
/*!40000 ALTER TABLE `typeoftraining` ENABLE KEYS */;
UNLOCK TABLES;

--
-- Table structure for table `typeprogram`
--

DROP TABLE IF EXISTS `typeprogram`;
/*!40101 SET @saved_cs_client     = @@character_set_client */;
/*!50503 SET character_set_client = utf8mb4 */;
CREATE TABLE `typeprogram` (
  `typeProgramId` char(15) CHARACTER SET utf8mb4 COLLATE utf8mb4_unicode_ci NOT NULL,
  `typeProgramName` varchar(50) CHARACTER SET utf8mb4 COLLATE utf8mb4_unicode_ci NOT NULL,
  `typeProgramTypeOfTrainingID` char(4) CHARACTER SET utf8mb4 COLLATE utf8mb4_unicode_ci NOT NULL,
  `typeProgramFormId` varchar(10) CHARACTER SET utf8mb4 COLLATE utf8mb4_unicode_ci NOT NULL,
  PRIMARY KEY (`typeProgramId`),
  KEY `FK_TypeProgram_TypeOfTraining` (`typeProgramTypeOfTrainingID`),
  CONSTRAINT `FK_TypeProgram_TypeOfTraining` FOREIGN KEY (`typeProgramTypeOfTrainingID`) REFERENCES `typeoftraining` (`typeOfTrainingId`)
) ENGINE=InnoDB DEFAULT CHARSET=utf8mb4 COLLATE=utf8mb4_unicode_ci;
/*!40101 SET character_set_client = @saved_cs_client */;

--
-- Dumping data for table `typeprogram`
--

LOCK TABLES `typeprogram` WRITE;
/*!40000 ALTER TABLE `typeprogram` DISABLE KEYS */;
INSERT INTO `typeprogram` VALUES ('CH','Cao học','SDH','DH'),('CLC','Chất lượng cao','DH','THPT'),('CN','Cử nhân','TX','THPT'),('CNVB2','Cử nhân văn bằng 2','TX','DH'),('CQ','Chính quy','DH','THPT'),('LTDH','Liên thông Đại học','TX','CD'),('NCS','Nghiên cứu sinh','SDH','DH'),('TT','Tiên tiến','DH','THPT'),('VP','Việt - Pháp','DH','THPT');
/*!40000 ALTER TABLE `typeprogram` ENABLE KEYS */;
UNLOCK TABLES;

--
-- Table structure for table `typeprogrammethod`
--

DROP TABLE IF EXISTS `typeprogrammethod`;
/*!40101 SET @saved_cs_client     = @@character_set_client */;
/*!50503 SET character_set_client = utf8mb4 */;
CREATE TABLE `typeprogrammethod` (
  `methodId` char(5) CHARACTER SET utf8mb4 COLLATE utf8mb4_unicode_ci NOT NULL,
  `typeProgramId` char(15) CHARACTER SET utf8mb4 COLLATE utf8mb4_unicode_ci NOT NULL,
  PRIMARY KEY (`methodId`,`typeProgramId`),
  KEY `FK_TypePM_TypeProgram` (`typeProgramId`),
  CONSTRAINT `FK_TypePM_Method` FOREIGN KEY (`methodId`) REFERENCES `method` (`methodId`),
  CONSTRAINT `FK_TypePM_TypeProgram` FOREIGN KEY (`typeProgramId`) REFERENCES `typeprogram` (`typeProgramId`)
) ENGINE=InnoDB DEFAULT CHARSET=utf8mb4 COLLATE=utf8mb4_unicode_ci;
/*!40101 SET character_set_client = @saved_cs_client */;

--
-- Dumping data for table `typeprogrammethod`
--

LOCK TABLES `typeprogrammethod` WRITE;
/*!40000 ALTER TABLE `typeprogrammethod` DISABLE KEYS */;
INSERT INTO `typeprogrammethod` VALUES ('XT','CH'),('2A','CLC'),('2B','CLC'),('3','CLC'),('5.','CLC'),('6.','CLC'),('DT','CN'),('DT','CNVB2'),('2A','CQ'),('2B','CQ'),('3','CQ'),('5.','CQ'),('DT','LTDH'),('2A','TT'),('2B','TT'),('3','TT'),('5.','TT'),('6.','TT'),('2A','VP'),('2B','VP'),('3','VP'),('5.','VP'),('6.','VP');
/*!40000 ALTER TABLE `typeprogrammethod` ENABLE KEYS */;
UNLOCK TABLES;

--
-- Table structure for table `unverifyuser`
--

DROP TABLE IF EXISTS `unverifyuser`;
/*!40101 SET @saved_cs_client     = @@character_set_client */;
/*!50503 SET character_set_client = utf8mb4 */;
CREATE TABLE `unverifyuser` (
  `userId` char(36) CHARACTER SET utf8mb4 COLLATE utf8mb4_unicode_ci NOT NULL,
  `userName` varchar(100) CHARACTER SET utf8mb4 COLLATE utf8mb4_unicode_ci NOT NULL,
  `userPhone` char(12) CHARACTER SET utf8mb4 COLLATE utf8mb4_unicode_ci NOT NULL,
  `userEmail` varchar(50) CHARACTER SET utf8mb4 COLLATE utf8mb4_unicode_ci NOT NULL,
  `userPassword` varchar(100) CHARACTER SET utf8mb4 COLLATE utf8mb4_unicode_ci NOT NULL,
  `userContactAddress` varchar(255) CHARACTER SET utf8mb4 COLLATE utf8mb4_unicode_ci NOT NULL,
  `userType` varchar(50) CHARACTER SET utf8mb4 COLLATE utf8mb4_unicode_ci NOT NULL,
  `userSecret` varchar(17) CHARACTER SET utf8mb4 COLLATE utf8mb4_unicode_ci NOT NULL,
  PRIMARY KEY (`userId`)
) ENGINE=InnoDB DEFAULT CHARSET=utf8mb4 COLLATE=utf8mb4_unicode_ci;
/*!40101 SET character_set_client = @saved_cs_client */;

--
-- Dumping data for table `unverifyuser`
--

LOCK TABLES `unverifyuser` WRITE;
/*!40000 ALTER TABLE `unverifyuser` DISABLE KEYS */;
INSERT INTO `unverifyuser` VALUES ('016fb193-8321-4b72-8509-2a1b733c1cba','Dat Nguyen','1212212321','treuiezx@scpulse.com','$2b$10$HrZu1CdMHDVy2SBLAS05wu7PKS4.PECSq2oKoQo/KMVqUjBsQ40Y.','abv, binh thanh 123d','','406173-795697'),('07c7feba-6164-4d32-b384-a9ad5dfb60df','Anh duc','0123','abc@gmail.com','$2b$10$6U4HvRilt65qLqXW.f2.yeTa2v8wpSjsxj/HDnU4088tcjQ1DWqcS','abc@gmail.com','','738138-648177'),('0b780262-8653-4ad1-aaa4-40808f870ddc','Nguyễn Văn Linh ','08888282888','yregrmgbeyu@knowledgemd.com','$2b$10$F2l6vt/CPIJG6PZaMpyUIeBzURFUtDLtjaKkBi0I.WcqgUDLNoqWK','32, ấp tan thanh,xã minh tan,huyen dau tưng, tinh binh duong','','454416-918300'),('0fc27122-c15b-491c-a752-89ae5f1a68b5','Anh duc','0123','abc@gmail.com','$2b$10$UL0oojbeLmHYktAmCoT83uimr0wH1uVxcnRUU03JCsJTefY7VcxEG','abc','','443700-588920'),('171d7840-0b0c-4459-861c-6e0630c5bea6','Anh Duc','123abc1234','abc@gmail.com','$2b$10$VRNIaQXDJ3KuiAvU8Rjg4eu58KgrLlN7XO.kgqJGJCl2gQVK7nwwO','a,b,c,d,f','','047356-932307'),('21169a76-07cd-4e5f-b8e3-7a6d2e88d536','Ngo Hai Ha','0962028120','etnemr.ngo@gmail.com','$2b$10$4eaNsJVn9.FdQ/FZKY/.NOgvOEtjgxOJ22hkNoiLFVnRQaliscHPa','Th Fuv','','060622-943714'),('241322b1-4f4d-4d0f-95c4-c7848a168447','Ngô Hải Hà ','0962028121','halatao23vn123@gmail.com','$2b$10$IMOTLxAEmVHLJoHDh1pc8ePlZMw1iv3T9Y2PKMKRuzoTHC6ixiazG','Bibhf Thạnh','','887076-214790'),('339cb0fc-fccd-4c4a-b6eb-bc626d0f0b72','abv','0','abc@gmail.vn','$2b$10$iqyOTfyuCPX6kYLr99jxquzsu6hztpuQdFB0P7IKP714Jnu8NyiBC','abc','','222216-893182'),('45dbcde6-00a5-4bae-a74d-cccffccd8ec7','anhduc','123','abc@gmail.com','$2b$10$yFHMDNGQMgOqjCiw23Ci5u0t7v8J6WEj.6A16/xONx4eemxps0mUW','abc','','422717-242325'),('4b4ad482-bbf1-4c06-a786-fab0c9420635','anhduc','123','abc@gmail.com','$2b$10$WAsaXh.qM24pOcckyVmce.F7RLtcUL1pYsc9ZE5GCx5W4VcRrLmqC','abc','','834434-23584'),('5f27b32d-7931-49e6-bd9b-be73df425393','Pham Anh Duc','0123222333','txhqcvsbayeoa@knowledgemd.com','$2b$10$WoLGVflzA6Bk./UsE5NVzuXURYnn64pd/ufZ/bQBtivYLoKh9MTh2','123 xo viet nghe tinh, phuong 26, quan binh thanh, tp HCM','','882722-413073'),('601e90e0-f074-444b-91fc-b262abe73faf','Pham Anh Duc','0123456222','sonic292000@gmail.com','$2b$10$hSGwdgaigoCBeasLZKxDk..R1z6jufaGkQWc3Bj46unan72ScuzdK','123 xo viet nghe tinh, phuong 26, binh thanh, tp HCM','','563836-262688'),('667dc10a-4bd6-4586-9c12-0bf7ec2bc6ce','Nguyễn Văn Linh ','08888282888','yregrmgbeyu@knowledgemd.com','$2b$10$N6vFDAn1eUMTkfmYWPhX4u9L/w7bOA1NMLnlZZBGsDVhwT6Muu.UW','32, ấp tan thanh,xã minh tan,huyen dau tưng, tinh binh duong','','647774-256772'),('6e332c85-838c-4c9e-b149-16291b45abb9','Anh Duc','0123112233','vraeuj@knowledgemd.com','$2b$10$j0OK14zpB5brTeifuPbJwuw8dTLOtXRuQuSMvtDQLizX6oSRvrsm.','abc, abc, abc,abc','','674173-323863'),('734f96bd-b516-44db-8a0f-c41aa6d8f5a4','test2','34','lyhandong123@gmail.com','$2b$10$rXhZf1SyedZSGjqTzFtO5exlncSQv0EPYFevp1hPNmoxOWI.rnT0m','don\'t know','','781427-902018'),('7408926a-470f-4c9f-b7ab-12f624623b29','N asdasdjaksdj ','0932329322','eqnjngypq@knowledgemd.com','$2b$10$MsYZP6gnX2YRttmVba/obeCIjq7nXYug/M2/BPY3s5fjWdpALr7R6','dasda','','861563-412701'),('747b332b-a856-41e8-ab86-6b494b054277','Lương','0375006716','quocluong2503spam@gmail.com','$2b$10$XWpdHr9VhNVZPuNUYJXwAO6.Sxz2fn/CzPz6ew.PXqyt8N5oMC2SG','số 102, đường ndt, thủ đức','','110487-302118'),('7b70c835-f16f-4dd7-8fd1-aa5fcd167dfd','3','09452675357','quocluong2503spam1@gmail.com','$2b$10$t620lcsN3TR4PcOs6H3P9uZakvMJEk8yaoUURLa5SCxzCtMnN8P56','abv, binh thanh 123','','022012-204299'),('7e2e9354-ee91-4bae-86a8-9bcaa50861a9','Anh duc','112','anb@gmail.com','$2b$10$7v8wjP45eeBpFCuYsDmsL.hfulC7n1dGpegAKZ51Q7hNyWE7274p.','abc','','810161-690287'),('7f119e97-95c4-450f-8a27-33591891b66c','Ngo  Hai Ha','0963255123','xmmsnyppmfgfi@knowledgemd.com','$2b$10$84EuqEaXctTSclO6AuoRLe/7y.O2A26sWjqctLWb7Un.3O.uMEFUq','32, ap Tan thanh, xa Minh Tan, Dau Tieng, Binh Duong','','818025-579942'),('82f0620f-0201-4639-8a8f-a5f384462c9c','Nguyen Duy','111111111','fannatic2000@gmail.com','$2b$10$XjdwpNh51/BKnSxOO8VZce70Mv3OEi4Xcdu6IlymqbK/8izF585UC','Abc','','211823-932408'),('83f269d6-1984-4af9-bc48-bba2ead558c9','Anh Duc','123abc1234','abc@gmail.com','$2b$10$Xj0sKXoS/IUBnNi7MgDLo./C7Gg8JuqlIDeN3NYkX72cRXc2yxf1q','a,b,c,d,f','','387322-772156'),('84c07450-f01e-4a1b-9395-685963670c58','Dat Nguyen','094526753','mlbzjmqxvzj@scpulse.com','$2b$10$zbhbXYhPU93c00jMAEYVgeiWNqqfCGBT75DS7tqCRAFFV/v8zWzV2','abv, binh thanh','','073455-80785'),('8631367b-b0ef-4984-9122-524bcaf66efe','guest221 1','09452675114','chcqlaqlxgnfar@knowledgemd.com','$2b$10$caCVJGER5WSU7RNo4E9kzeycoVbCsYZ1.QBhu5oLvwpKLv3i5XUrW','abc','','182677-111410'),('86e175c5-e64f-44de-bf35-32e652ae34c9','test2','367','quocluong2503spam1@gmail.com','$2b$10$VC7dMFHesUL2BCuJBCPmC.I/TAZY0jcRjt07db/ldzRg0dJSSg16O','don\'t know','','140846-776400'),('89b28785-e1dc-4474-b5e1-3847e7561106','Anh Duc','0123112233','vraeuj@knowledgemd.com','$2b$10$L3lvyDf27kOpVgMMAp9eQu28.D2vL7GSamR/IwMZcjPfDyb26KLiK','abc, abc, abc,abc','','270821-28680'),('8b4028b5-102c-4d9e-a143-928c3da9cea4','Anh Duc','123abc1234','abc@gmail.com','$2b$10$mVYBn0jIS4RmTLLe76d8kODkk3ft4HGbsvFvUubXjAhGjpsdxacPq','a,b,c,d,f','','453186-918545'),('922c2125-3162-47f3-813e-4e5dcfa3e844','test2','3597','quocluong2503spam1@gmail.com','$2b$10$ZAn.Kulcb.CiVehCDsF4ruhd2KcgDc0j3FqyKB2/IFznq9YdGWiLW','don\'t know','','776733-912268'),('97f7ef76-eac5-40e8-9f3c-90fda9726ac5','Ng Hai Ha','09620281222','bywtwlap@knowledgemd.com','$2b$10$HaT2R17nilmjcFB0NPkm7u4.SucfQ/CmGzXZtj5L51X0d.Y2h6vVC','32, ap Tan Thanh, xa Minh Tan, huyen Dau Tieng, tinh Binh Duong','','473511-899138'),('a308a2bb-d029-4b5b-9de3-79b7184bd889','Anh duc','112','anb@gmail.com','$2b$10$1fcBAOWEWB45etVKPY1RuOhzLTfrzxMqN6EXU8b/ZcUdaMj068v/2','abc','','751726-665976'),('b019389f-5965-4c74-b2e3-ebc47bd3597d','guest221 1','09454839734','chcqlaqlxgnfar@knowledgemd.com','$2b$10$xHGGKVyl9rdlEVxWjvT96./qsRyNHosOBXw3tICyUJNkEfOYqT2DK','abv, binh thanh 123d','','065048-57123'),('b3cd8adc-c4c0-4939-838d-714d1f5d3e91','lương','0375678906','quocluong2503spam2@gmail.com','$2b$10$BNc4FN0wp8Yxj.EQoDT5.O22VBrYqoSgcVwhPQaq1Svsf552xe9/i','số 10, đường 5 , thủ đức','','317013-926103'),('b693ee02-8ed9-43b7-8710-937563834e43','Anh Duc','123abc1234','abc@gmail.com','$2b$10$QS/EH3R2VY4cogAqcj32e.2MY0c81WmasCfLBZ6RMfNYrxHsTmhMy','a,b,c,d,f','','464154-755935'),('b6d4f973-1736-4770-a59e-67a9fd22935a','Nguyen Tan Dat','0954235210','zppwpv@knowledgemd.com','$2b$10$3YutkplI2r2MaPOLok5n7.w./KwJZ.5ZEVEnfb2J7MPrveByBYjQO','abv, binh thanh 124','','305372-794798'),('c49d16e9-7444-4a0e-b6d8-8f9d9f72263c','Lương','0375006716','quocluong2503spam@gmail.com','$2b$10$zYejV57iTKgPrQCbtj2xfObkVGZRi7JUZdu2HRn0Th/6nKpDIz5Xy','số 102, đường ndt, thủ đức','','611265-227117'),('c8ddf903-3cf9-4214-a5f0-5613c2e80191','Anh Duc','123','sonicduc123@gmail.com','$2b$10$QhEphb./r85wrEwwspcAd.ygNr7LtrviyuFZVnybISv89.OrZXY.q','abc','','866126-239681'),('ca1bde16-0e24-46c5-913e-b468a3f1eed0','Dat Nguyen','0945267511','ftgjwpk@scpulse.com','$2b$10$DBNZm//G/RjW7rDVQUkg/uCGmTD4s3PXr3sw2mkk/gXkItPfxJ1ay','abv, binh thanh 124','','767386-856999'),('d700cf01-42c1-4d15-bb9d-ab166a6beddf','Anh Duc','0123477859','cncvcznixb@knowledgemd.com','$2b$10$4x3gTMwZaVjMEaY5QsuRrOEE32eqUiRDLRj9WDWF.XT2Vxt1D8DiW','abc, abc,  abx, abc','','618820-682103'),('e26c71af-6af5-428b-b3fd-646ef1abb778','Dat Nguyen','0945267511','datnguyen25082000@gmail.com','$2b$10$eZIl7rTengBn/GuP8zXMs.eu2jiOyiy8YRDS6fOBkJTxmA4kLFFEO','abv, binh thanh 123','','101143-462874'),('e3700d06-39dd-4f45-9aff-3e00e78243bb','anhduc','123','abc@gmail.com','$2b$10$qm.VeldF5HQFdvar3fiI1e7kJsV5YgDjdTm8ZV1eb4lGo/haer1v2','abc','','600828-923383'),('e5f8be95-c27a-4579-9388-5afcd18568f5','anhduc','123','abc@gmail.com','$2b$10$xIfm.a6/9zbphcVbu4mByOfqW3m8cs5io6DZ6d4UuNb3.s4sqJE5a','abc','','114087-242159'),('e85c1aa3-5408-4462-a655-ba6cd71ebaeb','Phùng Quốc Lương','0375006715','quocluong2503@gmail.com','$2b$10$bdLPPS9qCpKllldMkK0hoeHePalkSJoJGJ6bo1.6VimhoApbfVYca','Thủ Đức, HCM','','818054-240716'),('f5f77f76-6c91-49ae-836d-30be239ebc70','Anh Duc','1111','sonicduc123@gmail.com','$2b$10$fzMOWIzv.SZt1L7mwyKmcuaLr9WgJ60gAPKGMiVZOrKufgHjj1QOm','abc','','488765-626030'),('fcd3b52d-68bb-40d7-a5e9-dcf306f7fee8','Anh Duc','0123333444','vraeuj@knowledgemd.com','$2b$10$sI1O0vmU6.u0eTLbvff12.RjzM83096bTGh9P41JbzSpdsANv5jHy','abc, abc, abc, abc','','772628-207543');
/*!40000 ALTER TABLE `unverifyuser` ENABLE KEYS */;
UNLOCK TABLES;

--
-- Table structure for table `user`
--

DROP TABLE IF EXISTS `user`;
/*!40101 SET @saved_cs_client     = @@character_set_client */;
/*!50503 SET character_set_client = utf8mb4 */;
CREATE TABLE `user` (
  `userId` char(36) CHARACTER SET utf8mb4 COLLATE utf8mb4_unicode_ci NOT NULL,
  `userName` varchar(100) CHARACTER SET utf8mb4 COLLATE utf8mb4_unicode_ci NOT NULL,
  `userType` varchar(50) CHARACTER SET utf8mb4 COLLATE utf8mb4_unicode_ci NOT NULL,
  `userEmail` varchar(50) CHARACTER SET utf8mb4 COLLATE utf8mb4_unicode_ci NOT NULL,
  `userRole` varchar(50) CHARACTER SET utf8mb4 COLLATE utf8mb4_unicode_ci NOT NULL,
  `userAvatar` text CHARACTER SET utf8mb4 COLLATE utf8mb4_unicode_ci NOT NULL,
  `userIsBlock` tinyint unsigned NOT NULL,
  `userPassword` varchar(100) CHARACTER SET utf8mb4 COLLATE utf8mb4_unicode_ci NOT NULL,
  `userPhone` char(50) CHARACTER SET utf8mb4 COLLATE utf8mb4_unicode_ci NOT NULL,
  `userRefreshToken` varchar(100) CHARACTER SET utf8mb4 COLLATE utf8mb4_unicode_ci NOT NULL,
  `userSecret` varchar(17) CHARACTER SET utf8mb4 COLLATE utf8mb4_unicode_ci NOT NULL,
  `userGender` varchar(9) CHARACTER SET utf8mb4 COLLATE utf8mb4_unicode_ci NOT NULL,
  `userEthnicity` varchar(32) CHARACTER SET utf8mb4 COLLATE utf8mb4_unicode_ci NOT NULL,
  `userNationality` varchar(50) CHARACTER SET utf8mb4 COLLATE utf8mb4_unicode_ci NOT NULL,
  `userBirthday` date NOT NULL,
  `userBirthplace` varchar(255) CHARACTER SET utf8mb4 COLLATE utf8mb4_unicode_ci NOT NULL,
  `userContactAddress` varchar(255) CHARACTER SET utf8mb4 COLLATE utf8mb4_unicode_ci NOT NULL,
  `userProvinceResidence` varchar(32) CHARACTER SET utf8mb4 COLLATE utf8mb4_unicode_ci NOT NULL,
  `userDistrictResidence` varchar(32) CHARACTER SET utf8mb4 COLLATE utf8mb4_unicode_ci NOT NULL,
  `userAddress12` varchar(255) CHARACTER SET utf8mb4 COLLATE utf8mb4_unicode_ci NOT NULL,
  `userSchool12` varchar(100) CHARACTER SET utf8mb4 COLLATE utf8mb4_unicode_ci NOT NULL,
  `userAddress11` varchar(255) CHARACTER SET utf8mb4 COLLATE utf8mb4_unicode_ci NOT NULL,
  `userSchool11` varchar(100) CHARACTER SET utf8mb4 COLLATE utf8mb4_unicode_ci NOT NULL,
  `userAddress10` varchar(255) CHARACTER SET utf8mb4 COLLATE utf8mb4_unicode_ci NOT NULL,
  `userSchool10` varchar(100) CHARACTER SET utf8mb4 COLLATE utf8mb4_unicode_ci NOT NULL,
  `userIdentityNumber` char(15) CHARACTER SET utf8mb4 COLLATE utf8mb4_unicode_ci NOT NULL,
  `userWardResidence` varchar(255) CHARACTER SET utf8mb4 COLLATE utf8mb4_unicode_ci NOT NULL,
  `userStreetResidence` varchar(255) CHARACTER SET utf8mb4 COLLATE utf8mb4_unicode_ci NOT NULL,
  `currentTokenDevice` varchar(255) CHARACTER SET utf8mb4 COLLATE utf8mb4_unicode_ci NOT NULL,
  `oldTokenDevice` varchar(255) CHARACTER SET utf8mb4 COLLATE utf8mb4_unicode_ci NOT NULL,
  `userCandicateId` varchar(20) CHARACTER SET utf8mb4 COLLATE utf8mb4_unicode_ci NOT NULL,
  PRIMARY KEY (`userId`),
  UNIQUE KEY `IDX_8058cee918b722a60f12b6b318` (`userPhone`),
  UNIQUE KEY `IDX_85432bb369f1a54116c4e4d2ee` (`userEmail`)
) ENGINE=InnoDB DEFAULT CHARSET=utf8mb4 COLLATE=utf8mb4_unicode_ci;
/*!40101 SET character_set_client = @saved_cs_client */;

--
-- Dumping data for table `user`
--

LOCK TABLES `user` WRITE;
/*!40000 ALTER TABLE `user` DISABLE KEYS */;
INSERT INTO `user` VALUES ('03902a64-60af-432e-a743-b206c3f335c8','Dat Nguyen','email','treuiezx@scpulse.com','user','',0,'$2b$10$HrZu1CdMHDVy2SBLAS05wu7PKS4.PECSq2oKoQo/KMVqUjBsQ40Y.','1212212321','$2b$10$PLAzudDxPbCm/TSgTyjNmO2mZ6m/2XqUiFc.C.mnB6A4K.vTbhd82','406173-795697','Nữ','Tỉnh Phú Thọ','Viet Nam','1899-11-30','QUảng ngãi bình sơn','abv, binh thanh 123d','2','27','123123','213123123123','123123','123213123123','trường khtn cơ sở linh trung, fs, sf','23123','','','','','','112'),('0ca33635-52ce-46de-b9b8-a9b9b4ccfa56','3','email','quocluong2503spam1@gmail.com','user','',0,'$2b$10$t620lcsN3TR4PcOs6H3P9uZakvMJEk8yaoUURLa5SCxzCtMnN8P56','09452675357','$2b$10$58oOGze2Yh17a8b1M3H7helUu92lvSUgiHfx32484vSK5R3px4Gna','022012-204299','Nữ','s','b','1899-11-30','QUảng ngãi bình sơn','abv, binh thanh 123','24','220','sdg','sdg','sgd','sdg','s','đâsd','5326346246','7672','trường khtn cơ sở linh trung','','',''),('0d78f8d1-8133-4fe6-af7f-6bf7f1b39635','test2','email','lyhandong@gmail.com','colab','',0,'$2b$10$8xXZsAcGzjE5m0BzIFG/euFddziirfqbQqdMXVe7K/ZmOtoCYHatm','','','','','','','0000-00-00','','','','','','','','','','','','','','','',''),('1','admin1','email','tuyensinhhcmus2022+1@gmail.com','admin','https://tinyurl.com/32nuuxen',0,'$2b$10$xFBgRiTbBOiDtpslowGw8uxY8p1X0uB9SDqwj..bMPl12oaVgRnki','1','$2b$10$iST9NWjV4MV6siLTdo8ljOi/UCsqzlgkNV33g3VxjeQZ8aLf/AD8.','','','','','1899-11-30','','','','','','','','','','','','','','','','111'),('14','collab1','email','tuyensinhhcmus2022+4@gmail.com','collab','https://tinyurl.com/32nuuxen',0,'$2b$10$xFBgRiTbBOiDtpslowGw8uxY8p1X0uB9SDqwj..bMPl12oaVgRnki','2','$2b$10$vKj2xjriJpJf3U4zk8qpJukxtsPzW6K/8GErswTSsPxBod6z5aNMS','','','','','1899-11-30','','','','','','','','','','','','','','','','100'),('2','admin2','email','tuyensinhhcmus2022+2@gmail.com','admin','https://tinyurl.com/32nuuxen',0,'Admin2','3','','','','','','0000-00-00','','','','','','','','','','','','','','','','1'),('24','collab2','email','tuyensinhhcmus2022+5@gmail.com','collab','https://tinyurl.com/32nuuxen',0,'Collab2','4','','','','','','0000-00-00','','','','','','','','','','','','','','','','2'),('2600aac1-87dd-40c7-b256-34ba957628cd','Pham Anh Duc','email','sonic292000@gmail.com','user','https://firebasestorage.googleapis.com/v0/b/hcmus-admission.appspot.com/o/avatars%2F2600aac1-87dd-40c7-b256-34ba957628cd.jpg?alt=media&token=29b509e0-6447-47e9-a534-1e73a4a781b9',0,'$2b$10$hSGwdgaigoCBeasLZKxDk..R1z6jufaGkQWc3Bj46unan72ScuzdK','0123456222','$2b$10$pEW1GbiWC1BjUp31SvOCQOVmh.bK0s16I0MHa6cp6t8/KnXLUBoLu','563836-262688','Nam','Kinh','Viet Nam','2002-11-15','abc, abc, a,b','123 xo viet nghe tinh, phuong 26, binh thanh, tp HCM','8','72','abc, abc, abc','abc','abc, abc, abc, abc','abc','abc, abc, abc, abc','Lam Ha','123452123573','2230','123 abc','','',''),('3','admin3','email','tuyensinhhcmus2022+3@gmail.com','admin','https://tinyurl.com/32nuuxen',0,'Admin3','5','','','','','','0000-00-00','','','','','','','','','','','','','','','','3'),('34e47275-0f48-40aa-bba8-60e111c52430','Dat Nguyen','email','mlbzjmqxvzj@scpulse.com','user','',0,'$2b$10$zbhbXYhPU93c00jMAEYVgeiWNqqfCGBT75DS7tqCRAFFV/v8zWzV2','094526753','$2b$10$jHPrkCnQ6zP2mu/kMnyQke13mBPSMMRI8SlM8N35hoIPPAOKbdXQq','073455-80785','','','','1899-11-30','','abv, binh thanh','','','','','','','','','','','','','','4'),('377740a1-3578-4363-81c6-d1037eff143b','Nguyen Duy','email','fannatic2000@gmail.com','user','',0,'$2b$10$ElyWFckNSQuOPCFS6uaTmuYb25Xz4FwHI5B27yUVuKB8mSFG0lsRO','111111111','$2b$10$L3a/ZSKWWnFscMeMJNnQ3uaGo7yCuj4zj2JWqjtDNf2oHO1.pzj62','545474-746511','','','','1899-11-30','','','','','','','','','','','','','','','','5'),('3dbc349a-9a95-47f6-8e55-c83b5b55bf6c','Ng Hai Ha','email','bywtwlap@knowledgemd.com','user','',0,'$2b$10$HaT2R17nilmjcFB0NPkm7u4.SucfQ/CmGzXZtj5L51X0d.Y2h6vVC','09620281222','$2b$10$j.0vE63lCUV6ezEa4rm9.eL.o9WtDjdTwHIUu8hiBaIHO6VIwvWRm','473511-899138','Nam','Kinh','Viet Nam','2000-11-30','32, ap Tan Thanh, xa Minh Tan, huyen Dau Tieng, tinh Binh Duong','32, ap Tan Thanh, xa Minh Tan, huyen Dau Tieng, tinh Binh Duong','74','720','Minh hoa, Dau Tieng, Binh Duong','Truong THPT Phan Boi Chau','Minh hoa, Dau Tieng, Binh Duong','Truong THPT Phan Boi Chau','Minh hoa, Dau Tieng, Binh Duong','Truong THPT Phan Boi Chau','281270372','25786','32, ap Tan Thanh','e661DbRIRui8rZr1ltRZKU:APA91bG724m2xjiDMZFrQ0uL9LBQ36Wq3BIMj7meBF2_42osGOcVJVTlWRm18HG-hKir6qQ3zBvCzl8MgIiV3PiL2EkcyZZz21vuz_vvypW8_6skZrPJiFSxL9ex5hqm_iclgRB6lGzX','',''),('4','Nguyễn Tấn Đạt','email','tandat25082000@gmai..com','user','https://tinyurl.com/8rvtdyxe',0,'Tandat1','6','','','','','','0000-00-00','','','','','','','','','','','','','','','','6'),('453d5e86-6a05-47a0-bbc5-1c843fee3384','Ngo Hai Ha','email','etnemr.ngo@gmail.com','user','',0,'$2b$10$4eaNsJVn9.FdQ/FZKY/.NOgvOEtjgxOJ22hkNoiLFVnRQaliscHPa','0962028120','$2b$10$q5rxpzFvZXts9EEi4tOf6uKq2kX5/Jp6C5KI5HSBaBJPZ7Ejoakim','060622-943714','Nam','Kinh','Viet Nam','2000-03-06','32, ap Tan Thanh, xa Minh Tan, huyen Dau Tieng, tinh Binh Duong','32, ap Tan Thanh, xa Minh Tan, huyen Dau Tieng, tinh Binh Duong','74','720','Minh Hoa, DAu Tieng, Binh Duong','Truong THPT Phan Boi Chau','Minh Hoa, DAu Tieng, Binh Duong','Truong THPT Phan Boi Chau','Minh Hoa, DAu Tieng, Binh Duong','Truong THPT Phan Boi Chau','281270372','25786','32, ap Tan Thanh','e661DbRIRui8rZr1ltRZKU:APA91bG724m2xjiDMZFrQ0uL9LBQ36Wq3BIMj7meBF2_42osGOcVJVTlWRm18HG-hKir6qQ3zBvCzl8MgIiV3PiL2EkcyZZz21vuz_vvypW8_6skZrPJiFSxL9ex5hqm_iclgRB6lGzX','','7'),('5','Lý Hán Đồng','email','18120318@student.hcmus.edu.vn','user','https://tinyurl.com/yr5um3mw',0,'$2b$10$lqtmhnhPKYPQ9JfrtLyGqOOsz54Q9NSV/gqOtZBcvyP/EcvwNSB8y','7','$2b$10$WPyLKwPhoTi8GJzYQpfeX.dBg.qpCNMaxpbQtoA0jmeRuofYn/t7q','','','','','0000-00-00','','','','','','','','','','','','','','','','8'),('51245976-51d8-477e-8ba9-89bc77bd3b30','Nguyen Tan Dat','email','zppwpv@knowledgemd.com','user','',0,'$2b$10$3YutkplI2r2MaPOLok5n7.w./KwJZ.5ZEVEnfb2J7MPrveByBYjQO','0954235210','$2b$10$xDaSxNYacGQpAmm7MylAjeSK.uETuJ0vMqGXUlxhDJabUSf9QOC8G','305372-794798','Nam','Kinh','Việt Nam','1900-04-01','QUảng ngãi bình sơn','abv, binh thanh 124','51','524','Bình Thanh, Bình Sơn, Quảng Ngãi','Trường THPT Chu Văn An','Bình Thanh, Bình Sơn, Quảng Ngãi','Trường THPT Chu Văn An','Bình Thanh, Bình Sơn, Quảng Ngãi','Trường THPT Chu Văn An','212862671','21046','Sô 285, Ngô Gia Tự','','',''),('5b8a9cab-2328-4e03-9632-73205f19fad3','Anh Duc','email','vraeuj@knowledgemd.com','user','',0,'$2b$10$j0OK14zpB5brTeifuPbJwuw8dTLOtXRuQuSMvtDQLizX6oSRvrsm.','0123112233','$2b$10$1acIhjh63SNmhQxi0JfwY.tsijUFtLHFR8DPyFe9OZoX/cIi7fke2','674173-323863','','','','1899-11-30','','abc, abc, abc,abc','','','','','','','','','','','','','',''),('6','Phạm Anh Đức','email','18120325@student.hcmus.edu.vn','user','https://tinyurl.com/2p9h96sb',0,'Anhduc1','8','','','','','','0000-00-00','','','','','','','','','','','','','','','','9'),('665a06aa-eff6-4bcf-85b3-8cf478961621','Phùng Quốc Lương','email','quocluong2503@gmail.com','user','',0,'$2b$10$bdLPPS9qCpKllldMkK0hoeHePalkSJoJGJ6bo1.6VimhoApbfVYca','0375006715','$2b$10$DeisQIgWnLJjarbLmKAiV.RQSJirklP4RJMNG161Su4B0wllZh2Le','818054-240716','Khác','Kinh','Viet Nam','1899-11-30','số 18, đường 1, huyện Đức Linh','số 18, đường 5,Thủ Đức, HCM','20','180','số 18, đường 1, huyện Đức Linh','hùng vương','số 18, đường 3 , xã Tân Hà, huyện đức linh','hùng vương','số 18, đường 3 , xã Tân Hà, huyện đức linh','hùng vường','261508456','5998','số 18, đường 28','ekoXuwEXTtODWywuroOx6t:APA91bE9YV6XIEfTZE3uBI2DO6ZdHv7fyM9xth7OkktIS6YxnpoB-ZUBSBQ1c2vU_Gnu_WEgNs2U03zm88gOmflw64bUf20z2kzBlTLR0dOyWvi3Ycw-gP0b5m6Kj5e94YEiTWv9C0hp','',''),('6e05bcaf-a1a9-4b9b-af0d-fcbd49539964','Phung Quoc Luong','email','lyhandong123@gmail.com','user','',0,'$2b$10$EI8CLK6r2AaHVevN0XWqXutbHiZbBMvgdjXBOURA6ETZFsvPW.ZTe','318','$2b$10$ImpQ/KqQGzuW6kX.0SyuC.pu2FLtkdxrOtR7QDweYHchkNMLTp92.','387425-165898','test1','hello','','2019-10-09','','','','','','','','','','','261258456','','','eYRXaRj9T-uO0IqUjFoVge:APA91bGIwuBMlICFxGqzJ_im-NKTHxx67njhmHs5pglzRBY4x0rVPyRml_VBE1LHGsXBWuKTqn5zxR14ZOTCi-gGHQEi3VJ0ICuAw4kQNnRQ3dlF5ZfBoDmOKzScUWjRRDV6nNHTcLaF','','10'),('7','Nguyễn Trường Duy','email','18120344@student.hcmus.edu.vn','user','https://tinyurl.com/yc2d939e',0,'Truongduy1','9','','','','','','0000-00-00','','','','','','','','','','','','','','','','11'),('7bebe67a-3d84-4ad7-96ea-ded97c1ceab8','Lương','email','quocluong2503spam@gmail.com','user','',0,'$2b$10$XWpdHr9VhNVZPuNUYJXwAO6.Sxz2fn/CzPz6ew.PXqyt8N5oMC2SG','0375006716','$2b$10$XPuZyKXXX4DAzeNgvxRzjOTM0ZlI047l9I7acvqLbIlV6v4bJkc7G','886504-640122','Nam','kinh','Việt Nam','1899-11-30','số 12 đường ndt, Tan Hà, Đức Linh Bình Thuận','số 102, đường ndt, thủ đức','60','600','số 106, đường 3 th 5 , đức tài','Trường THPT Hùng Vương','số 106, đường 3 th 5 , đức tài','Trường THPT Hùng Vương','số 106, đường 3 th 5 , đức tài','Trường THPT Hùng Vương','261508456','23221','tổ 5 thôn 4','','',''),('8','Ngô Hải Hà','email','18120347@student.hcmus.edu.vn','user','https://tinyurl.com/2p8hcjjh',0,'Haiha1','10','','','','','','0000-00-00','','','','','','','','','','','','','','','','12'),('82240c57-0a5f-40b3-a4ad-e6fbc8388d09','Dat Nguyen','email','ftgjwpk@scpulse.com','user','',0,'$2b$10$DBNZm//G/RjW7rDVQUkg/uCGmTD4s3PXr3sw2mkk/gXkItPfxJ1ay','0945267511','$2b$10$of0huV92YidgnCFSY/vrqucFoXkaBTJOhjYxWc/lnI44yliLI6DHm','767386-856999','','','','1899-11-30','','abv, binh thanh 124','','','','','','','','','','','','','','13'),('9','Phùng Quốc Lương','email','18120458@student.hcmus.edu.vn','user','https://tinyurl.com/2p8rn8k3',0,'Quocluong1','11','','','','','','0000-00-00','','','','','','','','','','','','','','','','14'),('908f17df-9ee9-4513-9fbe-b16b9169a5bd','Nguyễn Văn Linh ','email','yregrmgbeyu@knowledgemd.com','user','https://firebasestorage.googleapis.com/v0/b/hcmus-admission.appspot.com/o/avatars%2F908f17df-9ee9-4513-9fbe-b16b9169a5bd.jpg?alt=media&token=90c97906-3269-4d16-8c29-bc44a23b21fb',0,'$2b$10$N6vFDAn1eUMTkfmYWPhX4u9L/w7bOA1NMLnlZZBGsDVhwT6Muu.UW','08888282888','$2b$10$Pfwe9U4HBZ37rx1vu32cveNvEP8C2ittMezB1B5C3AtO89KFkUjg.','647774-256772','Nam','','','2000-11-30','','32, ấp tan thanh,xã minh tan,huyen dau tưng, tinh binh duong','','','','','','','','','','','','','',''),('a2f8b14b-9407-4280-bb3d-aea9497eab62','Anh Duc','email','cncvcznixb@knowledgemd.com','user','',0,'$2b$10$4x3gTMwZaVjMEaY5QsuRrOEE32eqUiRDLRj9WDWF.XT2Vxt1D8DiW','0123477859','$2b$10$uQmeyKrkQkfLmE.NuCnwAu.LygQhc2CRqB2TCYLJG9pky3TYHOYcC','618820-682103','','','','1899-11-30','','abc, abc,  abx, abc','','','','','','','','','','','','','',''),('a6484d99-2dea-48ec-9697-f96429a6e48a','Anh Duc','email','sonicduc123@gmail.com','user','https://firebasestorage.googleapis.com/v0/b/hcmus-admission.appspot.com/o/avatars%2Fa6484d99-2dea-48ec-9697-f96429a6e48a.jpg?alt=media&token=f957762f-38c8-4786-babb-6a52f0a7b632',0,'$2b$10$j4n9Z9NaoHxHw2cQX7JQ0OjPuS09xEFRTSbgwWld2.JmjsZgAAZkO','123','$2b$10$sqcFabD.PdeBF/CehUCdQOMyXf3kI3cR3gW/LFHDolPLqOMQ4dHru','840542-471788','Nam','kinh','vn','2002-10-09','a,b,c','abcd,b,c','2','26','a,b,c','abc','a,b,c','abc','a,b,c','abc','123456788','721','abc','cby_1H1-Tf6jAqzl1wifiP:APA91bEdhVwp4k6g_rKd5ibQraUT6p4pnNYXb0B_0yNnrp5UfB3E-CbX7bDAZOyqtVeHbbfAFA-jyRoxoX621C79j-zEd-8zL-kZxhV8ivTw61rHoKIzxWhdBNBSUEI08hzpPV23qFxX','','15'),('bb979659-c9a1-4c87-a2cf-615b4071405c','Ngo  Hai Ha','email','xmmsnyppmfgfi@knowledgemd.com','user','',0,'$2b$10$84EuqEaXctTSclO6AuoRLe/7y.O2A26sWjqctLWb7Un.3O.uMEFUq','0963255123','$2b$10$L/hCYLSbhlDNkdGJGPN.YOgmN2gDMfHr9jNZZufXE0Y5Q5Ry3JvD2','818025-579942','','','','1899-11-30','','32, ap Tan thanh, xa Minh Tan, Dau Tieng, Binh Duong','','','','','','','','','','','','','',''),('cdd78d9e-a006-4079-b961-6e53f38d91d2','guest221 1','email','chcqlaqlxgnfar@knowledgemd.com','user','',0,'$2b$10$caCVJGER5WSU7RNo4E9kzeycoVbCsYZ1.QBhu5oLvwpKLv3i5XUrW','09452675114','$2b$10$oxusgNbGkYX2Iu7lLpAsjOuVrfxi3fgWVnhypPoZmb1i/v86S4SL6','182677-111410','','','','1899-11-30','','abc','','','','','','','','','','','','epm2SeIfSKuCG6J-Fe-55D:APA91bHsj18shRyhEewQi3cx3_tqmdg6lx8yu6B1MUycjtLXLzqK9kvjc_Ri6vHcGTggJ9_gKGQwNJL89kYVqE0jS7Yg8HQ-7cDMclkHWsK4uKbMWtkrWtAtDeY1LHrQrZjN7hX4ui6N','',''),('e559d023-39ae-4ffa-b136-c9af27474f44','Pham Anh Duc','email','txhqcvsbayeoa@knowledgemd.com','user','',0,'$2b$10$WoLGVflzA6Bk./UsE5NVzuXURYnn64pd/ufZ/bQBtivYLoKh9MTh2','0123222333','$2b$10$vzea4l7o56VwS5bStpVVZOsGIrVn8Dh8jwvsoeSIJWJMthwvU4sFO','882722-413073','Nam','Kinh','Viet Nam','1899-11-30','32, ap Tan Thanh, Minh Tan, Dau Tieng, Binh Duong','123 xo viet nghe tinh, phuong 26, quan binh thanh, tp HCM','74','720','Minh hoa, Dau Tieng, Binh Duong','Truong THPT Phan Boi Chau','Minh hoa, Dau Tieng, Binh Duong','Truong THPT Phan Boi Chau','Minh hoa, Dau Tieng, Binh Duong','Truong THPT Phan Boi Chau','281270372','25786','32,  ap Tan Thanh','','',''),('f7c8d0f6-ca17-4a54-a71b-de4d257cd574','Dat Nguyen 2','email','datnguyen25082000@gmail.com','user','',0,'$2b$10$xFBgRiTbBOiDtpslowGw8uxY8p1X0uB9SDqwj..bMPl12oaVgRnki','0945483972','$2b$10$ts72Sq1FErXE1Zp11XxSnuaJVNBj.Habhgx4BStXMCpIGWaa1H18S','705152-790669','Nam','Quảng Ngãi','Viet Nam','1899-11-30','QUảng ngãi bình sơn','abv, binh thanh 123','24','220','trường khtn cơ sở linh trung','123','trường khtn cơ sở linh trung, fs, sf','131','Bình Thanh, Bình sơn','abc','3213213123','7651','Bình Thanh, Bình sơn 12','','','16');
/*!40000 ALTER TABLE `user` ENABLE KEYS */;
UNLOCK TABLES;
/*!40103 SET TIME_ZONE=@OLD_TIME_ZONE */;

/*!40101 SET SQL_MODE=@OLD_SQL_MODE */;
/*!40014 SET FOREIGN_KEY_CHECKS=@OLD_FOREIGN_KEY_CHECKS */;
/*!40014 SET UNIQUE_CHECKS=@OLD_UNIQUE_CHECKS */;
/*!40101 SET CHARACTER_SET_CLIENT=@OLD_CHARACTER_SET_CLIENT */;
/*!40101 SET CHARACTER_SET_RESULTS=@OLD_CHARACTER_SET_RESULTS */;
/*!40101 SET COLLATION_CONNECTION=@OLD_COLLATION_CONNECTION */;
/*!40111 SET SQL_NOTES=@OLD_SQL_NOTES */;

-- Dump completed on 2022-06-23 23:53:40
